time_sec,x,y,theta,v,w
0.0,4.674665008996565e-14,-4.6890926748114536e-30,-2.006172705760572e-16,0.0,0.0
0.0,9.349329125297331e-14,-1.8628125778703445e-29,-3.9574784816203353e-16,0.0,0.0
0.0,1.4023996906501417e-13,-4.1694505301744695e-29,-5.911192663647611e-16,0.0,0.0
0.0,1.8698659705776276e-13,-7.389420871370849e-29,-7.865075184787858e-16,0.0,0.0
0.0,2.3373326100076717e-13,-1.1530575040561706e-28,-9.852356691163482e-16,0.0,0.0
0.0,2.8047995884827327e-13,-1.6596631813365578e-28,-1.1822144422605092e-15,0.0,0.0
0.0,3.272266330169175e-13,-2.2579588736623793e-28,-1.377521423300314e-15,0.0,0.0
0.0,3.739733330355411e-13,-2.9475981564166494e-28,-1.5730153310781627e-15,0.0,0.0
0.0,4.2072004244391167e-13,-3.728560528189685e-28,-1.7682353437049268e-15,0.0,0.0
0.0,4.674667179342696e-13,-4.6015649111926615e-28,-1.966808373716414e-15,0.0,0.0
0.0,5.14213391412918e-13,-5.567448785202821e-28,-2.165609195851728e-15,0.0,0.0
0.0,5.609600400409298e-13,-6.625429302515985e-28,-2.360835151986268e-15,0.0,0.0
0.0,6.077066550873836e-13,-7.774615622922781e-28,-2.5558259549828994e-15,0.0,0.0
0.0,6.544533016609104e-13,-9.015539619593163e-28,-2.7533206368204703e-15,0.0,0.0
0.0,7.011999718358016e-13,-1.034824913824076e-27,-2.948516579227612e-15,0.0,0.0
0.0,7.479466589144408e-13,-1.1772252186197867e-27,-3.1439068071038786e-15,0.0,0.0
0.0,7.946933534110445e-13,-1.32871710352149e-27,-3.3374877185650866e-15,0.0,0.0
0.0,8.414400472509908e-13,-1.4893392909901815e-27,-3.5345357027548404e-15,0.0,0.0
0.0,8.881867278385442e-13,-1.659175974858688e-27,-3.731720713052653e-15,0.0,0.0
0.0,9.349334012968595e-13,-1.8382292632152405e-27,-3.928858109362027e-15,0.0,0.0
0.0,9.816800897461225e-13,-2.0264958764924135e-27,-4.1258991161261475e-15,0.0,0.0
0.0,1.0284267171562205e-12,-2.2239744601041705e-27,-4.3229920468371254e-15,0.0,0.0
0.0,1.0751733619577133e-12,-2.4307017032972994e-27,-4.521588952333389e-15,0.0,0.0
0.0,1.9633600514120456e-12,-8.106773640839538e-27,-8.259669773868418e-15,0.0,0.0
0.0,2.010106716250979e-12,-8.497572448024633e-27,-8.46018857459789e-15,0.0,0.0
0.0,2.056853417184332e-12,-8.898065320694934e-27,-8.674405511144567e-15,0.0,0.0
0.0,2.103600099429644e-12,-9.30825704004154e-27,-8.875148794936244e-15,0.0,0.0
0.0,2.150346778728047e-12,-9.727824057124848e-27,-9.075517364901297e-15,0.0,0.0
0.0,2.1970934394478224e-12,-1.0156722279432718e-26,-9.274380390530641e-15,0.0,0.0
0.0,2.243840106903503e-12,-1.0594280990035483e-26,-9.446043306735158e-15,0.0,0.0
0.0,2.290586811819304e-12,-1.1040098831370366e-26,-9.627722090756843e-15,0.0,0.0
0.0,2.3373334820438744e-12,-1.1494411506370748e-26,-9.809498691723186e-15,0.0,0.0
0.0,2.3840801443159854e-12,-1.1957297460749877e-26,-9.994522895301942e-15,0.0,0.0
0.0,2.4308268011958053e-12,-1.2428878567951241e-26,-1.0181512726400154e-14,0.0,0.0
0.0,2.4775734790089804e-12,-1.2909121965772594e-26,-1.036511947453029e-14,0.0,0.0
0.0,2.524320170796114e-12,-1.3398024199762954e-26,-1.0551964293306679e-14,0.0,0.0
0.0,2.5710668375052907e-12,-1.3895620160238892e-26,-1.0737081343748476e-14,0.0,0.0
0.0,2.617813516372044e-12,-1.4401868308875802e-26,-1.0922132140910967e-14,0.0,0.0
0.0,2.6645601584117452e-12,-1.4916800426049946e-26,-1.1108631768797045e-14,0.0,0.0
0.0,2.7113068352130074e-12,-1.5440462084966446e-26,-1.1295598638544315e-14,0.0,0.0
0.0,2.7580535008771886e-12,-1.5972819965397097e-26,-1.1480694509506307e-14,0.0,0.0
0.0,2.8048001936717957e-12,-1.6513836364725363e-26,-1.1666029546689485e-14,0.0,0.0
0.0,2.851546881491771e-12,-1.7063512001100173e-26,-1.1851171864099295e-14,0.0,0.0
0.0,2.898293527420948e-12,-1.7621883420515838e-26,-1.2038089421581885e-14,0.0,0.0
0.0,2.9450402373988746e-12,-1.8188913484019366e-26,-1.2221588479655364e-14,0.0,0.0
0.0,2.9917868938005074e-12,-1.8764600677393112e-26,-1.2408502212933096e-14,0.0,0.0
0.0,3.0385335338229176e-12,-1.9348987626439196e-26,-1.2593805921552222e-14,0.0,0.0
0.0,3.0852801898609727e-12,-1.994203516577833e-26,-1.2779026687323761e-14,0.0,0.0
0.0,3.132026859459651e-12,-2.0543742602313989e-26,-1.2964301840733424e-14,0.0,0.0
0.0,3.178773553894609e-12,-2.1154106111347393e-26,-1.3149352457653239e-14,0.0,0.0
0.0,3.2255202183058037e-12,-2.1773119858259836e-26,-1.3334408670946212e-14,0.0,0.0
0.0,3.272266898468533e-12,-2.2400829520724474e-26,-1.3521387731259505e-14,0.0,0.0
0.0,3.3190135881764937e-12,-2.3037237788033727e-26,-1.3706562366814363e-14,0.0,0.0
0.0,3.3657603138577174e-12,-2.368230821447659e-26,-1.389196638755193e-14,0.0,0.0
0.0,3.4125069738857464e-12,-2.4336040199311236e-26,-1.4077175555109768e-14,0.0,0.0
0.0,3.4592536551962524e-12,-2.499842648247977e-26,-1.4262217300128738e-14,0.0,0.0
0.0,3.5060003125519193e-12,-2.5669500648625168e-26,-1.4448890792139956e-14,0.0,0.0
0.0,3.552746996093592e-12,-2.634930448948207e-26,-1.4635689732203944e-14,0.0,0.0
2.879,3.5994936387326475e-12,-2.7037798991648184e-26,-1.4820735940209746e-14,1.6237111024333322e-14,-6.427447308294598e-17
2.89,3.646240299712598e-12,-2.773494810003779e-26,-1.5005955154951473e-14,4.249696452722764e-12,-1.6838110431066125e-14
2.9,3.69298698415198e-12,-2.844075198165728e-26,-1.5191004911156792e-14,4.6746684439381945e-12,-1.8504975620531888e-14
2.91,3.739733643604831e-12,-2.915525001014139e-26,-1.537793998659595e-14,4.674665945285092e-12,-1.869350754391596e-14
2.92,3.7864802995965205e-12,-2.987844512883326e-26,-1.5563101820563018e-14,4.674665599168942e-12,-1.851618339670668e-14
2.93,3.833226997286359e-12,-3.061030130234432e-26,-1.5748464971464542e-14,4.6746697689839285e-12,-1.853631509015234e-14
2.94,3.8799736805453394e-12,-3.135081861540038e-26,-1.5933667810172535e-14,4.67466832589797e-12,-1.8520283870799356e-14
2.949,3.926720368836637e-12,-3.210000011069298e-26,-1.61191480224336e-14,5.194076476810818e-12,-2.0608912473451805e-14
2.958,3.973467056885502e-12,-3.285785471885055e-26,-1.630473652593793e-14,5.194076449873911e-12,-2.0620944833814203e-14
2.971,4.020213735769936e-12,-3.362441301373028e-26,-1.6491531066666644e-14,3.5958983757256926e-12,-1.4368810825285768e-14
2.98,4.066960394635365e-12,-3.4399626463667106e-26,-1.667505104857977e-14,5.194073207269846e-12,-2.0391109101458447e-14
2.99,4.113707068207929e-12,-3.5183533011758383e-26,-1.686344434294467e-14,4.674667357256445e-12,-1.883932943649008e-14
3.0,4.160453768359441e-12,-3.5976090127358694e-26,-1.7045135857648225e-14,4.6746700151512244e-12,-1.816915147035537e-14
3.01,4.2072004490981384e-12,-3.677734490186558e-26,-1.7235577204556825e-14,4.674668073869685e-12,-1.904413469086006e-14
3.021,4.253947122732073e-12,-3.7587334484829366e-26,-1.7418849303163022e-14,4.249697603085005e-12,-1.6661099873290573e-14
3.03,4.300693756920626e-12,-3.8405963760463535e-26,-1.7605245579571315e-14,5.1940704653947385e-12,-2.071069737869926e-14
3.039,4.347440406198145e-12,-3.92332810438946e-26,-1.7790544117335546e-14,5.194072141946577e-12,-2.0588726418247832e-14
3.05,4.394187078875118e-12,-4.006926503411425e-26,-1.7976022457207107e-14,4.249697516088445e-12,-1.6861667261051012e-14
3.06,4.4409337577821135e-12,-4.091395591000788e-26,-1.8163052901458898e-14,4.674667890699535e-12,-1.870304442517916e-14
3.069,4.487680442331795e-12,-4.176734519357735e-26,-1.8348168879949065e-14,5.194076061075702e-12,-2.0568442054462983e-14
3.08,4.534427117051119e-12,-4.262935561125152e-26,-1.853190538628888e-14,4.249697701756748e-12,-1.6703318758164974e-14
3.09,4.5811737497298214e-12,-4.3500028006292496e-26,-1.871879461707893e-14,4.674663267870194e-12,-1.868892307900508e-14
3.1,4.6279204213962925e-12,-4.4379357589592585e-26,-1.890226168288343e-14,4.674667166647148e-12,-1.8346706580449804e-14
3.111,4.674667104980822e-12,-4.526734027092061e-26,-1.9088997300112597e-14,4.249698507684553e-12,-1.697596520265166e-14
3.122,4.7214137744805705e-12,-4.616405196890365e-26,-1.9275733602818044e-14,4.249697227249853e-12,-1.6976027518676985e-14
3.1310000000000002,4.768160450503412e-12,-4.7069458442082937e-26,-1.9460987388291328e-14,5.194075113648992e-12,-2.0583753941475992e-14
3.14,4.814907129428406e-12,-4.798351888664602e-26,-1.964598087483237e-14,5.194075436110419e-12,-2.0554831837893488e-14
3.149,4.861653806964915e-12,-4.8906276787659834e-26,-1.983309869368423e-14,5.194075281834342e-12,-2.0790868761318004e-14
3.162,4.9084004710630054e-12,-4.9837776447176924e-26,-2.001999788503579e-14,3.5958972383146498e-12,-1.437686087319694e-14
3.169,4.9551471472614085e-12,-5.0777973799592516e-26,-2.0205208648373917e-14,6.678096599771825e-12,-2.6458680476875145e-14
3.181,5.0018938694608416e-12,-5.172679458743092e-26,-2.0388901192760792e-14,3.895560183286123e-12,-1.5307712032239532e-14
3.19,5.048640533675639e-12,-5.268427540916045e-26,-2.0575768171879492e-14,5.194073801644151e-12,-2.076299767985555e-14
3.2,5.095387173371151e-12,-5.365041092027975e-26,-2.0759203385961295e-14,4.674663969551171e-12,-1.8343521408180353e-14
3.211,5.142133803433045e-12,-5.462515684712009e-26,-2.0944163275966187e-14,4.249693641990396e-12,-1.6814535454990137e-14
3.22,5.188880479763813e-12,-5.560859070687429e-26,-2.1130864809267843e-14,5.194075147863135e-12,-2.07446148112952e-14
3.23,5.235627159441785e-12,-5.660071022018691e-26,-2.1315765417612238e-14,4.674667967797111e-12,-1.8490060834439415e-14
3.234,5.282373854764522e-12,-5.76014791414862e-26,-2.150090491127558e-14,1.1686673830684213e-11,-4.62848734158359e-14
3.25,5.329120536268311e-12,-5.861090675857637e-26,-2.1686229859278944e-14,2.921667593986831e-12,-1.1582809250210162e-14
3.26,5.3758671979030864e-12,-5.962898878615743e-26,-2.1871191867867085e-14,4.674666163477554e-12,-1.849620085881411e-14
3.27,5.422613880031217e-12,-6.065576032157655e-26,-2.2057980799608138e-14,4.674668212813075e-12,-1.867889317410533e-14
3.2800000000000002,5.469360555749347e-12,-6.169127001946764e-26,-2.2245049607727468e-14,4.6746675718130336e-12,-1.8706880811932988e-14
3.29,5.51610723003392e-12,-6.273548533967669e-26,-2.2430441694705524e-14,4.674667428457257e-12,-1.8539208697805537e-14
3.3,5.562853907055652e-12,-6.378836257042606e-26,-2.261563635100906e-14,4.674667702173183e-12,-1.8519465630353753e-14
3.311,5.609600573227546e-12,-6.484989824119416e-26,-2.2800893112918078e-14,4.249696924717662e-12,-1.6841523809910666e-14
3.319,5.656347241552918e-12,-6.592013210664321e-26,-2.2987776060245656e-14,5.843333540671519e-12,-2.3360368415947168e-14
3.329,5.703093937696866e-12,-6.699901820472047e-26,-2.3171041014443273e-14,4.674669614394729e-12,-1.8326495419761687e-14
3.339,5.749840622862841e-12,-6.80865497847951e-26,-2.335767331956018e-14,4.674668516597533e-12,-1.8663230511690605e-14
3.35,5.796587251745358e-12,-6.918277103821576e-26,-2.3542874575590397e-14,4.2496935347742535e-12,-1.6836477820928922e-14
3.36,5.843333942777262e-12,-7.02876515032616e-26,-2.3728084743937518e-14,4.674669103190389e-12,-1.852101683471215e-14
3.37,5.890080615350225e-12,-7.140122345381714e-26,-2.3914747965384733e-14,4.674667257296217e-12,-1.866632214472142e-14
3.379,5.9368272674494735e-12,-7.252352070499026e-26,-2.4101407236076735e-14,5.194072455472041e-12,-2.0739918965778012e-14
3.39,5.9835739240268826e-12,-7.365451015943128e-26,-2.428662892510591e-14,4.249696052491707e-12,-1.6838335366288626e-14
3.4,6.03032060984687e-12,-7.47941620876148e-26,-2.447199035208034e-14,4.6746685819987755e-12,-1.8536142697442897e-14
3.41,6.077067279437482e-12,-7.594243232951213e-26,-2.4655370033308995e-14,4.674666959061107e-12,-1.8337968122865667e-14
3.42,6.123813977302915e-12,-7.709939979271822e-26,-2.4844060559054186e-14,4.6746697865433186e-12,-1.8869052574519136e-14
3.431,6.170560666968465e-12,-7.826506721822591e-26,-2.5027595973096964e-14,4.249699060504584e-12,-1.6685037640252536e-14
3.44,6.21730732511505e-12,-7.943938487030251e-26,-2.5214183809075117e-14,5.194073127398319e-12,-2.0731981775350328e-14
3.448,6.264054005147998e-12,-8.06223942764689e-26,-2.539943860571879e-14,5.843335004118424e-12,-2.3156849580459258e-14
3.46,6.310800684103645e-12,-8.181406031683345e-26,-2.558454857742189e-14,3.895556579637251e-12,-1.542583097525825e-14
3.47,6.357547358682861e-12,-8.301437382933845e-26,-2.5769415027880577e-14,4.674667457921637e-12,-1.8486645045868636e-14
3.48,6.404294017395279e-12,-8.422333639815921e-26,-2.5954605559696134e-14,4.674665871241777e-12,-1.8519053181555712e-14
3.49,6.451040685482249e-12,-8.544095022053565e-26,-2.6139538138893816e-14,4.674666808696939e-12,-1.8493257919768188e-14
3.5,6.49778734789097e-12,-8.666725105195556e-26,-2.6326275171925325e-14,4.674666240872087e-12,-1.8673703303150972e-14
3.51,6.544534013143773e-12,-8.790224608355293e-26,-2.6511505872715033e-14,4.674666525280356e-12,-1.8523070078970728e-14
3.518,6.5912806649428895e-12,-8.914590270957509e-26,-2.6696866413133826e-14,5.843331474889527e-12,-2.3170067552349133e-14
3.531,6.63802733757914e-12,-9.039822346210389e-26,-2.6882166356683202e-14,3.5958978950962153e-12,-1.4253841811490493e-14
3.54,6.684773999837199e-12,-9.165920618974544e-26,-2.7067470547035777e-14,5.1940735842288036e-12,-2.0589354483619464e-14
3.55,6.7315206527422e-12,-9.292884655493413e-26,-2.7252583886331782e-14,4.674665290500086e-12,-1.851133392960045e-14
3.561,6.778267340292206e-12,-9.420717617941185e-26,-2.7439189647793562e-14,4.249698868182365e-12,-1.6964160132889148e-14
3.5700000000000003,6.825014009030068e-12,-9.549415465121132e-26,-2.7622636426546853e-14,5.194074304206809e-12,-2.0382975417032288e-14
3.581,6.8717606801167e-12,-9.678982465298508e-26,-2.7811043519243904e-14,4.249697371512033e-12,-1.7127917517913704e-14
3.59,6.918507346211713e-12,-9.809419181166312e-26,-2.7994739764933152e-14,5.1940740105570014e-12,-2.0410693965472044e-14
3.6,6.96525399332192e-12,-9.94072611105454e-26,-2.8183376958034623e-14,4.674664711020672e-12,-1.886371931014709e-14
3.61,7.012000634102454e-12,-1.0072906930455066e-25,-2.8368630712885665e-14,4.674664078053382e-12,-1.8525375485104148e-14
3.62,7.058747277837354e-12,-1.02059536024637e-25,-2.8553818206930076e-14,4.674664373490037e-12,-1.8518749404441158e-14
3.628,7.1054939551494725e-12,-1.033986637998517e-25,-2.8739142585709105e-14,5.843334664014844e-12,-2.316554734737864e-14
3.64,7.1522406312641986e-12,-1.0474645091322618e-25,-2.892429898462805e-14,3.895556342893852e-12,-1.5429699909911943e-14
3.65,7.198987317693192e-12,-1.0610289322042617e-25,-2.9109431780882956e-14,4.674668642899327e-12,-1.851327962549075e-14
3.659,7.245733992157231e-12,-1.074680294563041e-25,-2.929627307532402e-14,5.194074940448861e-12,-2.0760143826784703e-14
3.67,7.292480669632951e-12,-1.0884181843374803e-25,-2.9479625090165314e-14,4.249697952338142e-12,-1.6668364985572356e-14
3.68,7.33922734722001e-12,-1.1022429660739936e-25,-2.96680296742469e-14,4.674667758705911e-12,-1.8840458408158252e-14
3.691,7.385974014956321e-12,-1.1161542387861511e-25,-2.984967879912871e-14,4.249697066937363e-12,-1.6513556807437343e-14
3.698,7.432720700739886e-12,-1.1301524734448007e-25,-3.004006279008637e-14,6.6780979690807024e-12,-2.7197712993951935e-14
3.709,7.479467341917606e-12,-1.1442380592162305e-25,-3.022345739687097e-14,4.249694652519916e-12,-1.6672236980418306e-14
3.7190000000000003,7.52621399854957e-12,-1.158410193339488e-25,-3.0410329677290986e-14,4.674665663196444e-12,-1.868722804200134e-14
3.729,7.572960617694029e-12,-1.1726692402904637e-25,-3.059535249583853e-14,4.674661914445858e-12,-1.8502281854754327e-14
3.74,7.619707263322916e-12,-1.1870148507354267e-25,-3.078064679553461e-14,4.2496950571715015e-12,-1.6844936336007473e-14
3.75,7.666453962172014e-12,-1.2014474100430143e-25,-3.096728263228258e-14,4.674669884909776e-12,-1.8663583674797157e-14
3.76,7.713200647039003e-12,-1.2159668663925128e-25,-3.115244367905497e-14,4.674668486698883e-12,-1.851610467723873e-14
3.769,7.759947345299357e-12,-1.2305725021281332e-25,-3.1335972740325855e-14,5.194077584483666e-12,-2.039211791898715e-14
3.779,7.80669401555862e-12,-1.2452647368884733e-25,-3.1522984609384996e-14,4.674667025926355e-12,-1.870118690591417e-14
3.791,7.85344068563255e-12,-1.2600435722301647e-25,-3.170648315085937e-14,3.895555839494048e-12,-1.5291545122864313e-14
3.798,7.900187359201444e-12,-1.274908574451136e-25,-3.1891634473759693e-14,6.6780962241278384e-12,-2.6450188985760746e-14
3.81,7.946934030764096e-12,-1.2898609369978975e-25,-3.208024650485411e-14,3.895555963554337e-12,-1.5717669257868136e-14
3.8200000000000003,7.993680720463112e-12,-1.304900647977254e-25,-3.226531925046007e-14,4.674668969901607e-12,-1.8507274560595874e-14
3.83,8.040427379380951e-12,-1.3200269324686965e-25,-3.245068331146709e-14,4.6746658917839805e-12,-1.853640610070176e-14
3.84,8.087174067211509e-12,-1.3352398345689835e-25,-3.2635862094398025e-14,4.674668783055776e-12,-1.8517878293093756e-14
3.85,8.13392067592005e-12,-1.350539148261503e-25,-3.282049555459754e-14,4.674660870854117e-12,-1.8463346019951335e-14
3.8600000000000003,8.180667358225844e-12,-1.3659256750336554e-25,-3.3008889604765655e-14,4.674668230579363e-12,-1.8839405016811647e-14
3.87,8.227414076858338e-12,-1.3813991254762231e-25,-3.319233647150617e-14,4.674671863249316e-12,-1.8344686674051354e-14
3.88,8.27416076308868e-12,-1.396958795764337e-25,-3.3377816593224026e-14,4.674668623034171e-12,-1.854801217178582e-14
3.891,8.320907446402112e-12,-1.4126050719259908e-25,-3.356287332373649e-14,4.24969848303927e-12,-1.6823339137496824e-14
3.9,8.367654176569804e-12,-1.4283379474754235e-25,-3.3748254077024915e-14,5.194081129743583e-12,-2.059786147649156e-14
3.91,8.414400819372341e-12,-1.4441577370557807e-25,-3.3934850556527596e-14,4.674664280253754e-12,-1.8659647950268094e-14
3.9210000000000003,8.46114748738213e-12,-1.460064452754363e-25,-3.4120120528262827e-14,4.249697091798934e-12,-1.684272470320277e-14
3.93,8.507894131753392e-12,-1.4760577659716293e-25,-3.430538223188115e-14,5.1940715968068656e-12,-2.0584633735369268e-14
3.94,8.554640804103982e-12,-1.4921376696335239e-25,-3.449054634801474e-14,4.674667235058914e-12,-1.8516411613358768e-14
3.95,8.601387465934076e-12,-1.5083041359803684e-25,-3.467574580607692e-14,4.674666183009562e-12,-1.85199458062179e-14
3.963,8.648134129579023e-12,-1.5245575337069672e-25,-3.486246915637477e-14,3.595897203457497e-12,-1.4363334638296184e-14
3.97,8.69488078836048e-12,-1.5408982306984702e-25,-3.50492525257977e-14,6.678094111636472e-12,-2.6683338488990412e-14
3.98,8.741627475226113e-12,-1.5573258949284933e-25,-3.523450588147621e-14,4.674668686563297e-12,-1.8525335567851247e-14
3.99,8.788374192031409e-12,-1.5738402014186186e-25,-3.541989561974108e-14,4.674671680529564e-12,-1.8538973826486937e-14
4.0,8.835120865409397e-12,-1.5904407212929035e-25,-3.560342507756235e-14,4.674667337798883e-12,-1.8352945782126493e-14
4.01,8.881867530332105e-12,-1.6071282764790424e-25,-3.579227861052172e-14,4.674666492270783e-12,-1.8885353295937072e-14
4.02,8.9286141930825e-12,-1.6239028829363474e-25,-3.597586683709359e-14,4.674666275039506e-12,-1.835882265718738e-14
4.03,8.97536087548011e-12,-1.6407641404704817e-25,-3.616297454941966e-14,4.674668239760965e-12,-1.871077123260688e-14
4.041,9.022107548477614e-12,-1.6577124326159223e-25,-3.634824842615049e-14,4.2496975452276685e-12,-1.6843079702802755e-14
4.051,9.068854187165971e-12,-1.6747473141145889e-25,-3.653349014004769e-14,4.674663868835624e-12,-1.8524171389719722e-14
4.06,9.115600841562884e-12,-1.6918691881346787e-25,-3.6720411089814505e-14,5.194072710768125e-12,-2.07689944185352e-14
4.071,9.162347549374598e-12,-1.7090784864259052e-25,-3.6907440353935986e-14,4.249700710155861e-12,-1.700266037468013e-14
4.081,9.209094203418386e-12,-1.7263739397997655e-25,-3.708910005154259e-14,4.674665404378765e-12,-1.8165969760660226e-14
4.09,9.255840836000759e-12,-1.743755874140394e-25,-3.727747302727456e-14,5.194070286930407e-12,-2.0930330636885428e-14
4.1,9.302587485088763e-12,-1.7612246988791937e-25,-3.746082406825957e-14,4.674664908800384e-12,-1.833510409850111e-14
4.11,9.349334184231602e-12,-1.7787804649488762e-25,-3.7649360785816544e-14,4.67466991428389e-12,-1.8853671755697538e-14
4.12,9.396080865680574e-12,-1.7964231581851742e-25,-3.783275982441982e-14,4.674668144897204e-12,-1.833990386032736e-14
4.13,9.44282756460597e-12,-1.8141524689975634e-25,-3.801991520910019e-14,4.6746698925395864e-12,-1.8715538468036984e-14
4.139,9.489574228349322e-12,-1.8319688204160998e-25,-3.8205209716823913e-14,5.194073749261445e-12,-2.0588278635969597e-14
4.151,9.5363209180665e-12,-1.8498717536579356e-25,-3.839030260779328e-14,3.895557476431488e-12,-1.5424407580780563e-14
4.16,9.583067578024775e-12,-1.8678612462087817e-25,-3.85755921402076e-14,5.194073328697318e-12,-2.058772582381362e-14
4.17,9.629814243523573e-12,-1.8859377261186164e-25,-3.8762458464918926e-14,4.674666549879777e-12,-1.8686632471132314e-14
4.179,9.676560939657167e-12,-1.9041007471104816e-25,-3.8945796852025793e-14,5.1940773481772365e-12,-2.037093190076305e-14
4.19,9.723307638515405e-12,-1.9223502871693886e-25,-3.913261511990925e-14,4.2496998962033705e-12,-1.6983478898496206e-14
4.2,9.77005427840797e-12,-1.940686655809089e-25,-3.931738120856075e-14,4.674663989256578e-12,-1.8476608865149983e-14
4.209,9.816800925946768e-12,-1.9591094332952762e-25,-3.950229231304131e-14,5.1940719487553285e-12,-2.054567827561789e-14
4.219,9.863547629816638e-12,-1.9776187728400067e-25,-3.968763130705123e-14,4.674670386987004e-12,-1.853389940099174e-14
4.231,9.910294314341475e-12,-1.9962147216577255e-25,-3.987287231685228e-14,3.8955570437364114e-12,-1.5436750816754143e-14
4.24,9.957041004685195e-12,-2.014897290199244e-25,-4.005821330289509e-14,5.194076704857735e-12,-2.0593442893645908e-14
4.251,1.0003787678375434e-11,-2.0336669014604595e-25,-4.0245302560457734e-14,4.24969760820356e-12,-1.700811432387648e-14
4.263,1.005053435404153e-11,-2.0525231413721813e-25,-4.042884011616212e-14,3.895556305508045e-12,-1.52947963086989e-14
4.27,1.0097281023576622e-11,-2.071466392069148e-25,-4.061757831476618e-14,6.678095647870249e-12,-2.6962599800580064e-14
4.279,1.0144027686959257e-11,-2.090497065568479e-25,-4.080287877137436e-14,5.194073709181788e-12,-2.0588939623130732e-14
4.288,1.019077436625215e-11,-2.1096147030537165e-25,-4.0989615473856184e-14,5.194075476988076e-12,-2.0748522497980754e-14
4.298,1.0237521061062829e-11,-2.1288192702622234e-25,-4.117476977855236e-14,4.6746694810678965e-12,-1.8515430469617286e-14
4.306,1.0284267759213458e-11,-2.1481103436561837e-25,-4.135971568093309e-14,5.843337268828694e-12,-2.3118237797591654e-14
4.32,1.0331014436199534e-11,-2.1674878615718673e-25,-4.1544649570335234e-14,3.3390483561483005e-12,-1.3209563528724525e-14
4.327,1.037776109984696e-11,-2.1869518552706815e-25,-4.172971561481042e-14,6.678094806774981e-12,-2.6438006353597805e-14
4.34,1.0424507821438735e-11,-2.206502423166272e-25,-4.191494321846221e-14,3.5959016609058665e-12,-1.424827720398408e-14
4.35,1.0471254504495642e-11,-2.226139971487968e-25,-4.210191974394668e-14,4.674668305690568e-12,-1.8697652548446903e-14
4.36,1.051800117487399e-11,-2.245864112797462e-25,-4.228544367618492e-14,4.674667037834861e-12,-1.8352393223823855e-14
4.37,1.056474784152664e-11,-2.265675225466892e-25,-4.2474022989688776e-14,4.674666665265062e-12,-1.8857931350385718e-14
4.38,1.0611494525598801e-11,-2.2855729389808048e-25,-4.265592326787962e-14,4.674668407216028e-12,-1.8190027819084297e-14
4.391,1.0658241210892387e-11,-2.3055576215714886e-25,-4.284610736883073e-14,4.249698663053229e-12,-1.7289463722828413e-14
4.4,1.0704987882325472e-11,-2.3256292303866117e-25,-4.302785199469209e-14,5.19407460367606e-12,-2.0193847317928892e-14
4.41,1.0751734569998661e-11,-2.345786978053532e-25,-4.321461210392027e-14,4.674668767318975e-12,-1.8676010922817995e-14
4.42,1.0798481269266067e-11,-2.366032118664934e-25,-4.340173056272869e-14,4.67466992674061e-12,-1.8711845880841777e-14
4.43,1.0845227950641777e-11,-2.386363866822644e-25,-4.3585185125681694e-14,4.674668137571072e-12,-1.8345456295300478e-14
4.44,1.0891974597584875e-11,-2.406782555187402e-25,-4.3773758028519245e-14,4.674664694309763e-12,-1.8857290283755013e-14
4.45,1.0938721254784955e-11,-2.427288591803509e-25,-4.395887503800732e-14,4.674665720008139e-12,-1.8511700948807728e-14
4.464,1.0985467914567032e-11,-2.4478808089114307e-25,-4.414246612270329e-14,3.3390471272911452e-12,-1.3113648906854658e-14
4.47,1.10322145972209e-11,-2.4685592462783327e-25,-4.432771483115702e-14,7.791113775644688e-12,-3.0874784742288976e-14
4.48,1.1078961287752108e-11,-2.4893243270146698e-25,-4.4513144277251104e-14,4.674669053120837e-12,-1.8542944609408267e-14
4.49,1.1125708000761514e-11,-2.5101760349158868e-25,-4.4698295667293665e-14,4.6746713009405175e-12,-1.8515139004256142e-14
4.5,1.1172454662121334e-11,-2.5311146552295505e-25,-4.488508720787965e-14,4.674666135981966e-12,-1.867915405859822e-14
4.511,1.1219201357242592e-11,-2.5521402468652757e-25,-4.5070327099746124e-14,4.249699556478038e-12,-1.6839990169679736e-14
4.519,1.1265948006447846e-11,-2.5732523250409306e-25,-4.5255197978880156e-14,5.843331150656827e-12,-2.310885989175399e-14
4.531,1.1312694647289716e-11,-2.594450905122985e-25,-4.5440431483621905e-14,3.8955534034891054e-12,-1.5436125395145705e-14
4.54,1.1359441293597584e-11,-2.615736457536473e-25,-4.562728821247562e-14,5.19407181198538e-12,-2.0761858761523948e-14
4.554,1.1406187943529744e-11,-2.6371089673898993e-25,-4.581246152121624e-14,3.3390464237257335e-12,-1.3226664910044388e-14
4.5600000000000005,1.1452934584477738e-11,-2.6585683700556223e-25,-4.5999066454008495e-14,7.791106824665746e-12,-3.1100822132042175e-14
4.57,1.1499681267986158e-11,-2.6801147321832598e-25,-4.61844234132729e-14,4.674668350842014e-12,-1.8535695926440306e-14
4.581,1.1546427957941104e-11,-2.7017477639267825e-25,-4.6369859101156116e-14,4.249699086813345e-12,-1.685778980756528e-14
4.59,1.1593174639757692e-11,-2.723467549243428e-25,-4.655560415146166e-14,5.194075757398627e-12,-2.0638338922838442e-14
4.6,1.1639921320464367e-11,-2.7452745220644566e-25,-4.674288246350249e-14,4.674668070667463e-12,-1.8727831204083016e-14
4.61,1.1686668015936673e-11,-2.7671685225920447e-25,-4.6927912044565875e-14,4.674669547230558e-12,-1.8502958106338356e-14
4.62,1.173341468870356e-11,-2.789149034480244e-25,-4.7113056380329475e-14,4.674667276688846e-12,-1.851443357635997e-14
4.63,1.1780161369811925e-11,-2.811216068827961e-25,-4.7298071102979125e-14,4.6746681108363876e-12,-1.8501472264964983e-14
4.639,1.1826908036672064e-11,-2.8333695879755474e-25,-4.748309998615024e-14,5.194074095570949e-12,-2.0558764796790656e-14
4.65,1.1873654715514719e-11,-2.8556100433537433e-25,-4.7669992934331313e-14,4.24969807660511e-12,-1.6990268016461143e-14
4.661,1.19204013923751e-11,-2.877937859363211e-25,-4.7856865910219936e-14,4.249697896398362e-12,-1.6988452353511155e-14
4.67,1.1967148050080991e-11,-2.900352555748008e-25,-4.804173940107752e-14,5.194073078432215e-12,-2.0541498984175963e-14
4.68,1.2013894723195027e-11,-2.9228537098465373e-25,-4.8226733196487797e-14,4.674667311403549e-12,-1.8499379541027707e-14
4.69,1.2060641419256461e-11,-2.9454410166301797e-25,-4.841028583030512e-14,4.674669606143395e-12,-1.835526338173215e-14
4.7,1.2107388141586808e-11,-2.9681154274250958e-25,-4.8599342501203945e-14,4.674672233034722e-12,-1.890566708988263e-14
4.71,1.2154134843753254e-11,-2.9908769794187252e-25,-4.878315054647411e-14,4.674670216644668e-12,-1.838080452701664e-14
4.72,1.2200881512728127e-11,-3.0137251332631448e-25,-4.8969927246943616e-14,4.674666897487333e-12,-1.8677670046950482e-14
4.728,1.224762817425191e-11,-3.0366601889311092e-25,-4.9154965185409784e-14,5.8433326904729245e-12,-2.3129742308270996e-14
4.74,1.22943748387679e-11,-3.059681730589332e-25,-4.933994090718838e-14,3.895555376332444e-12,-1.541464348154972e-14
4.75,1.2341121516140618e-11,-3.0827897739520973e-25,-4.952502516738833e-14,4.6746677372719036e-12,-1.8508426019994968e-14
4.76,1.2387868204067277e-11,-3.105984742286672e-25,-4.971181647138412e-14,4.674668792665857e-12,-1.8679130399579248e-14
4.77,1.2434614898841502e-11,-3.1292662687624613e-25,-4.9895339021569004e-14,4.6746694774225115e-12,-1.835225501848812e-14
4.78,1.2481361575716988e-11,-3.1526347864512606e-25,-5.00840359874529e-14,4.674667687548629e-12,-1.886969658838972e-14
4.791,1.2528108244515445e-11,-3.1760902785413237e-25,-5.0267465811270126e-14,4.249697163496036e-12,-1.667543852883866e-14
4.8,1.2574854872038133e-11,-3.1996322905030746e-25,-5.045428978628622e-14,5.194069724743077e-12,-2.075821944623273e-14
4.8100000000000005,1.262160155435557e-11,-3.223261310381778e-25,-5.0639600549068516e-14,4.674668231743723e-12,-1.8531076278229556e-14
4.82,1.266834824702398e-11,-3.24697734332808e-25,-5.082654215552046e-14,4.674669266840939e-12,-1.8694160645194064e-14
4.83,1.271509494999245e-11,-3.2707803571375258e-25,-5.101171508157423e-14,4.674670296847065e-12,-1.8517292605377073e-14
4.84,1.2761841638268446e-11,-3.294669949127488e-25,-5.1196988341079435e-14,4.674668827599555e-12,-1.8527325950520687e-14
4.849,1.2808588305082529e-11,-3.318646089808073e-25,-5.138205018562778e-14,5.194074090453688e-12,-2.0562427172038612e-14
4.86,1.2855334976561219e-11,-3.342709158155981e-25,-5.156888765334935e-14,4.249697407153553e-12,-1.6985224338324356e-14
4.87,1.290208166155514e-11,-3.3668588241969237e-25,-5.175251810658159e-14,4.6746684993920726e-12,-1.836304532322409e-14
4.873,1.2948828345620404e-11,-3.391095068465184e-25,-5.193930411731632e-14,1.5582228021754556e-11,-6.226200357824203e-14
4.891,1.299557498727205e-11,-3.4154182485135663e-25,-5.212455668208609e-14,2.5970356473136667e-12,-1.029180915387638e-14
4.9,1.3042321625757152e-11,-3.4398280061130947e-25,-5.230972304609953e-14,5.194070942789277e-12,-2.0574040445937427e-14
4.91,1.3089068276386264e-11,-3.4643242915938934e-25,-5.2494728828548024e-14,4.674665062911163e-12,-1.8500578244849507e-14
4.921,1.3135814925493662e-11,-3.48890705978819e-25,-5.26797325015867e-14,4.249695373399735e-12,-1.6818515730788676e-14
4.926,1.3182561606288139e-11,-3.5135764036897834e-25,-5.286506119211909e-14,9.349336158895557e-12,-3.7065738106478006e-14
4.937,1.3229308301918494e-11,-3.5383327785824194e-25,-5.3052050418912235e-14,4.249699602759544e-12,-1.6999020617558725e-14
4.949,1.3276055009854875e-11,-3.563175770890827e-25,-5.323561519474832e-14,3.895558994698411e-12,-1.5297064653007247e-14
4.959,1.3322801676879664e-11,-3.5881056860287506e-25,-5.342403232495124e-14,4.6746667024788834e-12,-1.8841713020291685e-14
4.97,1.3369548347144977e-11,-3.613122922309998e-25,-5.360920079844066e-14,4.249697296846574e-12,-1.6833497589947256e-14
4.98,1.3416294996149864e-11,-3.6382271278963415e-25,-5.379616887295165e-14,4.6746649004886664e-12,-1.8696807451099253e-14
4.99,1.3463041681578955e-11,-3.663418345527899e-25,-5.3981387547685045e-14,4.674668542909011e-12,-1.8521867473339393e-14
5.0,1.3509788340432037e-11,-3.6886960651849126e-25,-5.4166318736342463e-14,4.67466588530819e-12,-1.849311886574181e-14
5.01,1.35565349998605e-11,-3.7140602798378897e-25,-5.435144472777125e-14,4.674665942846253e-12,-1.8512599142878393e-14
5.02,1.3603281641344994e-11,-3.7395110635514282e-25,-5.4536735921445504e-14,4.6746641484493475e-12,-1.8529119367425622e-14
5.029,1.3650028287724725e-11,-3.7650484329453223e-25,-5.4721879922134767e-14,5.194071819970201e-12,-2.0571555632140338e-14
5.039,1.36967749619753e-11,-3.790672750005921e-25,-5.4908665871327235e-14,4.674667425057544e-12,-1.867859491924683e-14
5.05,1.3743521649424917e-11,-3.8163836434832965e-25,-5.5092255606097535e-14,4.249698859056119e-12,-1.6689975888209077e-14
5.061,1.3790268373648884e-11,-3.842181610976014e-25,-5.528111459677803e-14,4.249702202178756e-12,-1.7168999152772054e-14
5.07,1.3837015082373704e-11,-3.8680670178951757e-25,-5.546639095078244e-14,5.194078747202282e-12,-2.0586261556045887e-14
5.079,1.3883761751324967e-11,-3.894038171117635e-25,-5.564806406861693e-14,5.19407432791817e-12,-2.0185901981609904e-14
5.09,1.3930508388768908e-11,-3.920096246036409e-25,-5.583835011474781e-14,4.249694313085599e-12,-1.729873146644345e-14
5.099,1.397725504903742e-11,-3.9462417074313784e-25,-5.602188223036657e-14,5.194073363168001e-12,-2.0392457290973517e-14
5.11,1.4024001727212464e-11,-3.9724737691567106e-25,-5.6208816289457154e-14,4.249698015912989e-12,-1.699400537187141e-14
5.12,1.4070748408738401e-11,-3.9987924283896424e-25,-5.639237110532728e-14,4.6746681525937065e-12,-1.8355481587012336e-14
5.13,1.4117495070353539e-11,-4.025197643233206e-25,-5.6579182076187334e-14,4.674666161513723e-12,-1.868109708600558e-14
5.139,1.4164241731806203e-11,-4.0516902191887696e-25,-5.676613556704093e-14,5.194073494740498e-12,-2.0772610094844374e-14
5.15,1.42109883997642e-11,-4.078269396425864e-25,-5.69496794766174e-14,4.249697087090678e-12,-1.668580996149727e-14
5.16,1.425773507855389e-11,-4.1049347657269375e-25,-5.713487151807067e-14,4.6746678789689765e-12,-1.8519204145326932e-14
5.171,1.4304481753494044e-11,-4.131686716582429e-25,-5.732011758967115e-14,4.249697721832045e-12,-1.6840551963680143e-14
5.179,1.4351228419478482e-11,-4.158525292305933e-25,-5.750550754662604e-14,5.843333248054697e-12,-2.317374461936047e-14
5.19,1.439797513714984e-11,-4.185450992824123e-25,-5.76927431946761e-14,4.2497016064870804e-12,-1.7021422550005737e-14
5.2,1.4444721817660879e-11,-4.212463700774126e-25,-5.787784986005557e-14,4.674668051103815e-12,-1.851066653794675e-14
5.21,1.4491468492922991e-11,-4.239562948863718e-25,-5.806300769888091e-14,4.674667526211187e-12,-1.8515783882534e-14
5.219,1.4538215160322879e-11,-4.266748781840432e-25,-5.824831239654334e-14,5.194074155543151e-12,-2.058941085138164e-14
5.23,1.4584961844470297e-11,-4.294021277252817e-25,-5.843374071499174e-14,4.249698558856107e-12,-1.6857119858944774e-14
5.238,1.4631708529997902e-11,-4.32138042355036e-25,-5.861903420907178e-14,5.8433356909503985e-12,-2.3161686760006126e-14
5.251,1.4678455167545835e-11,-4.348826866619684e-25,-5.880734984338636e-14,3.59589519599498e-12,-1.4485818024198152e-14
5.26,1.4725201832556966e-11,-4.376360148406909e-25,-5.899049426236366e-14,5.194073890125709e-12,-2.034937988636661e-14
5.27,1.47719484888114e-11,-4.4039798618981375e-25,-5.917715965879957e-14,4.6746656254436106e-12,-1.866653964359118e-14
5.281,1.4818695211918147e-11,-4.43168652589293e-25,-5.936233211059764e-14,4.2497021006133835e-12,-1.683385925436969e-14
5.29,1.4865441887481143e-11,-4.459480163296754e-25,-5.954938543546754e-14,5.194075062555195e-12,-2.0783702763322335e-14
5.3,1.4912188579296697e-11,-4.487360844887208e-25,-5.973469866811189e-14,4.674669181555516e-12,-1.85313232644347e-14
5.31,1.495893525612641e-11,-4.5153281048059e-25,-5.991983857554752e-14,4.6746676829714254e-12,-1.8513990743563063e-14
5.321,1.5005681939378638e-11,-4.543381946281068e-25,-6.010511089006504e-14,4.249698477475258e-12,-1.6842937683410945e-14
5.33,1.505242859789649e-11,-4.571522355299607e-25,-6.029027098644825e-14,5.1940731686502766e-12,-2.0573344042579157e-14
5.34,1.5099175268455633e-11,-4.599749723939833e-25,-6.047712614620653e-14,4.674667055914134e-12,-1.868551597582821e-14
5.35,1.5145921925123154e-11,-4.628064418375205e-25,-6.066391988305632e-14,4.674665666752183e-12,-1.867937368497914e-14
5.362,1.5192668612045027e-11,-4.656465260041585e-25,-6.084561816761278e-14,3.895557243489328e-12,-1.5141523713038062e-14
5.373,1.5239415286138016e-11,-4.6849526089365655e-25,-6.103406396041803e-14,4.249697644817206e-12,-1.713143570956849e-14
5.38,1.528616192242979e-11,-4.713526802250025e-25,-6.12172703820582e-14,6.678090898824875e-12,-2.617234594859531e-14
5.393,1.5332908602977248e-11,-4.74218793646598e-25,-6.140591432453988e-14,3.5958985036505266e-12,-1.4511072498590696e-14
5.399,1.5379655300583596e-11,-4.770936089567366e-25,-6.158952523986531e-14,7.791116267724808e-12,-3.060181922090501e-14
5.41,1.5426401986999418e-11,-4.799770920926718e-25,-6.177678612971226e-14,4.2496987650748655e-12,-1.7023717258813745e-14
5.42,1.5473148680534906e-11,-4.828692876355633e-25,-6.196225610633289e-14,4.674669353548699e-12,-1.8546997662062898e-14
5.43,1.551989532678034e-11,-4.85770144781262e-25,-6.214748774430998e-14,4.674664624543282e-12,-1.8523163797708666e-14
5.44,1.5566642003791545e-11,-4.886796638984963e-25,-6.233276639383985e-14,4.6746677011203885e-12,-1.8527864952987043e-14
5.45,1.561338868184389e-11,-4.915978797654517e-25,-6.251956487503367e-14,4.67466780523451e-12,-1.867984811938235e-14
5.458,1.5660135361529124e-11,-4.945247549883445e-25,-6.270324207513746e-14,5.843334960654348e-12,-2.2959650012973553e-14
5.47,1.570688203816611e-11,-4.974602896044199e-25,-6.289005470065651e-14,3.8955563864154426e-12,-1.5567718793254483e-14
5.48,1.5753628740579634e-11,-5.004045261708264e-25,-6.3075475032825e-14,4.674670241352345e-12,-1.8542033216848998e-14
5.49,1.580037541768172e-11,-5.033574174387204e-25,-6.326040383384214e-14,4.674667710208416e-12,-1.8492880101713975e-14
5.499,1.584712207774575e-11,-5.063189951170977e-25,-6.344715877365471e-14,5.194073340447877e-12,-2.0750548868063404e-14
5.51,1.5893868768385338e-11,-5.092892713935667e-25,-6.363247984160199e-14,4.249699149053422e-12,-1.684736981338895e-14
5.521,1.5940615441312604e-11,-5.122682473504199e-25,-6.381941225298189e-14,4.2496975388422106e-12,-1.699385557999087e-14
5.5280000000000005,1.5987362150438227e-11,-5.152559310970804e-25,-6.400493314132845e-14,6.678101303660376e-12,-2.650298404950867e-14
5.539,1.6034108829189487e-11,-5.182522819876068e-25,-6.41903085557368e-14,4.249698068296457e-12,-1.6852310400759262e-14
5.553,1.6080855475136796e-11,-5.212573346716508e-25,-6.437731905250331e-14,3.3390461390934756e-12,-1.3357892626178961e-14
5.5600000000000005,1.612760214321034e-11,-5.242710527734231e-25,-6.456098718275366e-14,6.6780954390777495e-12,-2.623830432147893e-14
5.57,1.6174348798771576e-11,-5.272934332436569e-25,-6.474796268531349e-14,4.6746655561236005e-12,-1.869755025598242e-14
5.578,1.6221095489735185e-11,-5.303245125719661e-25,-6.493305925776599e-14,5.8433363704513535e-12,-2.3137071556562542e-14
5.59,1.6267842179279504e-11,-5.33364247380217e-25,-6.511828075718882e-14,3.8955574620264825e-12,-1.543512495190282e-14
5.6,1.6314588852352454e-11,-5.364126369565313e-25,-6.530338889006942e-14,4.6746673072949425e-12,-1.851081328805973e-14
5.609,1.6361335508582197e-11,-5.394696737548533e-25,-6.548828884182267e-14,5.194072914415856e-12,-2.054443908369427e-14
5.62,1.6408082143896274e-11,-5.425353592905233e-25,-6.567347349989486e-14,4.249694119461605e-12,-1.6834968915653702e-14
5.627,1.6454828846993944e-11,-5.45609746204687e-25,-6.586037639493935e-14,6.678100442524294e-12,-2.6700413577785466e-14
5.64,1.6501575539954978e-11,-5.486928311007706e-25,-6.60456345245336e-14,3.5958994585409853e-12,-1.4250625353403962e-14
5.651,1.6548322232481006e-11,-5.517846180661656e-25,-6.623268500249598e-14,4.249699320548079e-12,-1.7004588905670607e-14
5.658,1.6595068901079348e-11,-5.548851066566945e-25,-6.641799079941526e-14,6.678095514048674e-12,-2.647225670275432e-14
5.67,1.6641815575270293e-11,-5.579942994166573e-25,-6.660506650997631e-14,3.895556182578666e-12,-1.5589642546753802e-14
5.68,1.6688562273523742e-11,-5.611121951664837e-25,-6.679026904600236e-14,4.67466982534481e-12,-1.852025360260527e-14
5.69,1.673530894190656e-11,-5.642387383277816e-25,-6.69751208506162e-14,4.674666838282088e-12,-1.8485180461383553e-14
5.7,1.6782055606876482e-11,-5.673739229548088e-25,-6.715999355998659e-14,4.674666496992123e-12,-1.8487270937039482e-14
5.71,1.6828802259311847e-11,-5.705177134002773e-25,-6.73433465375834e-14,4.674665243536597e-12,-1.8335297759680582e-14
5.72,1.6875548917049695e-11,-5.736701533664278e-25,-6.75300377299776e-14,4.674665773784805e-12,-1.8669119239420672e-14
5.73,1.6922295550509663e-11,-5.768313245230126e-25,-6.771697034780526e-14,4.674663345996886e-12,-1.86932617827651e-14
5.74,1.6969042256996376e-11,-5.800011624015176e-25,-6.790062142440381e-14,4.674670648671175e-12,-1.8365107659855596e-14
5.75,1.7015788945557123e-11,-5.831796244946573e-25,-6.808599884750446e-14,4.674668856074628e-12,-1.8537742310065204e-14
5.76,1.7062535638476995e-11,-5.863668322694399e-25,-6.82747820208118e-14,4.67466929198723e-12,-1.8878317330733416e-14
5.771,1.710928230377719e-11,-5.895627062452083e-25,-6.845685242820052e-14,4.2496968454723495e-12,-1.6551855217156567e-14
5.78,1.7156028976089392e-11,-5.927672841619362e-25,-6.86471491283515e-14,5.194074701355752e-12,-2.114407779455323e-14
5.791,1.7202775665822428e-11,-5.959805989805675e-25,-6.883059900663329e-14,4.249699066639726e-12,-1.667726166198129e-14
5.8,1.7249522344308657e-11,-5.992025651700223e-25,-6.901732062273043e-14,5.1940753873589215e-12,-2.074684623301516e-14
5.809,1.7296269029358203e-11,-6.024331840175812e-25,-6.920077309385946e-14,5.194076116616055e-12,-2.0383607903225313e-14
5.82,1.7343015695471594e-11,-6.056724606881205e-25,-6.938779117645122e-14,4.249696919399173e-12,-1.70016438719781e-14
5.831,1.7389762356299728e-11,-6.089204749261271e-25,-6.95746151416404e-14,4.24969643892135e-12,-1.698399683538044e-14
5.84,1.74365090148337e-11,-6.121771405075065e-25,-6.975793539832136e-14,5.194073170441123e-12,-2.0368917408995906e-14
5.85,1.7483255680560644e-11,-6.154424234606923e-25,-6.994327761476227e-14,4.674666572694659e-12,-1.853422164409053e-14
5.86,1.7530002367802006e-11,-6.18716415547124e-25,-7.013048074708691e-14,4.674668724136218e-12,-1.8720313232464114e-14
5.87,1.75767490354724e-11,-6.219990749707216e-25,-7.031415786301682e-14,4.674666767039503e-12,-1.8367711592990646e-14
5.879,1.76234957563206e-11,-6.252903624324116e-25,-7.049946080245723e-14,5.194080094244541e-12,-2.058921549337933e-14
5.889,1.767024242230668e-11,-6.285903458652078e-25,-7.06863698096716e-14,4.674666598607953e-12,-1.869090072143711e-14
5.9,1.771698910577069e-11,-6.318990216188674e-25,-7.087129839183331e-14,4.2496984967282635e-12,-1.6811689287427673e-14
5.91,1.7763735770416722e-11,-6.352163503644281e-25,-7.105663467803442e-14,4.674666464603039e-12,-1.8533628620111315e-14
5.92,1.781048244095827e-11,-6.385423392421361e-25,-7.124179381654248e-14,4.674667054154722e-12,-1.8515913850806306e-14
5.931,1.7857229112723095e-11,-6.418769836341377e-25,-7.14269466994806e-14,4.2496974331657506e-12,-1.6832080267101897e-14
5.94,1.790397580945192e-11,-6.452203289404183e-25,-7.161397555755566e-14,5.194077414314003e-12,-2.0780984230562037e-14
5.9510000000000005,1.795072249383492e-11,-6.485723353132539e-25,-7.179753766859631e-14,4.249698580272565e-12,-1.668746464005903e-14
5.959,1.799746910931702e-11,-6.519330296871832e-25,-7.19858930363e-14,5.843326935262225e-12,-2.35444209629613e-14
5.969,1.8044215728772492e-11,-6.553024082056279e-25,-7.216906651768911e-14,4.674661945547228e-12,-1.8317348138911024e-14
5.979,1.8090962414536635e-11,-6.586804430860128e-25,-7.235604045689414e-14,4.674668576414168e-12,-1.8697393920502625e-14
5.991,1.8137709077533568e-11,-6.620672163174056e-25,-7.254299679053589e-14,3.895555249744342e-12,-1.557969447014626e-14
6.0,1.8184455756214615e-11,-6.654626900692556e-25,-7.27282330659191e-14,5.194075409005089e-12,-2.0581808375912244e-14
6.011,1.8231202462124043e-11,-6.6886682461558e-25,-7.291345355558602e-14,4.2497005372207816e-12,-1.6838226333355956e-14
6.02,1.8277949148533364e-11,-6.722796087114913e-25,-7.309835425592119e-14,5.194076267702432e-12,-2.054452225946314e-14
6.03,1.832469580192561e-11,-6.75701042565712e-25,-7.328362631120031e-14,4.674665339224437e-12,-1.8527205527912145e-14
6.043,1.8371442480093336e-11,-6.791312155482294e-25,-7.347216969252427e-14,3.595898320594343e-12,-1.4503337024920375e-14
6.049,1.8418189135609125e-11,-6.825700419230416e-25,-7.365392251104712e-14,7.791109252631438e-12,-3.0292136420475096e-14
6.06,1.8464935762713712e-11,-6.860175202943321e-25,-7.384242470464957e-14,4.24969337314429e-12,-1.713656305476792e-14
6.07,1.8511682432380817e-11,-6.89473692248898e-25,-7.402573271397857e-14,4.674666966710356e-12,-1.8330800932899627e-14
6.081,1.8558429084990413e-11,-6.929385558969665e-25,-7.421434244200364e-14,4.2496956917813656e-12,-1.714633891137064e-14
6.09,1.8605175773743198e-11,-6.964121572085017e-25,-7.439944836166323e-14,5.194076528087169e-12,-2.0567324406620616e-14
6.101,1.8651922463009478e-11,-6.998944183054323e-25,-7.458483914990154e-14,4.24969902420724e-12,-1.68537080216641e-14
6.111,1.8698669168140423e-11,-7.0338534157326945e-25,-7.476999807589037e-14,4.674670513094412e-12,-1.8515892598883422e-14
6.119,1.8745415904174066e-11,-7.068849238478102e-25,-7.495520507078386e-14,5.843342004205573e-12,-2.3150874361686327e-14
6.13,1.8792162606187607e-11,-7.103931618168445e-25,-7.514043025417137e-14,4.249700183049115e-12,-1.6838653035228118e-14
6.139,1.883890929921984e-11,-7.13910093413751e-25,-7.532718012765157e-14,5.1940770035816055e-12,-2.0749985942245022e-14
6.15,1.8885655992155305e-11,-7.174356800102985e-25,-7.551072412429708e-14,4.249699357769702e-12,-1.6685817876864484e-14
6.16,1.8932402684147543e-11,-7.20969922065802e-25,-7.569749638851424e-14,4.674669199223887e-12,-1.867722642171566e-14
6.171,1.8979149360300028e-11,-7.2451285353829445e-25,-7.588254155624116e-14,4.249697832044087e-12,-1.682228797517487e-14
6.18,1.9025896068795933e-11,-7.280644436703601e-25,-7.606784153336582e-14,5.194078721767397e-12,-2.0588886347184408e-14
6.19,1.9072642736823188e-11,-7.316246886535033e-25,-7.625296049973165e-14,4.674666802725522e-12,-1.8511896636582226e-14
6.2,1.91193893994729e-11,-7.351935896081542e-25,-7.643819443442533e-14,4.674666264971063e-12,-1.8523393469368623e-14
6.211,1.9166136064868146e-11,-7.387711502944057e-25,-7.662344775985384e-14,4.249696854113379e-12,-1.6841211402591948e-14
6.22,1.92128827454684e-11,-7.423574549343846e-25,-7.681224409798875e-14,5.194075622250643e-12,-2.0977370903877976e-14
6.23,1.9259629466720672e-11,-7.45952502971996e-25,-7.699738966051082e-14,4.674672125227239e-12,-1.8514556252207693e-14
6.241,1.9306376154514124e-11,-7.495561637791885e-25,-7.718084102462402e-14,4.249698890313959e-12,-1.6677396737563533e-14
6.253,1.935312281159917e-11,-7.531684805331298e-25,-7.736782530543958e-14,3.895554757087115e-12,-1.5582023401296638e-14
6.258,1.939986949121131e-11,-7.567894956148244e-25,-7.75529139529724e-14,9.349335922428194e-12,-3.7017729506564873e-14
6.269,1.944661615776806e-11,-7.604191967450043e-25,-7.773949072676645e-14,4.2496969597046754e-12,-1.6961524890368035e-14
6.28,1.9493362827642623e-11,-7.640575850396381e-25,-7.792457280532719e-14,4.249697261323866e-12,-1.682564350552165e-14
6.29,1.9540109489534585e-11,-7.677046307487111e-25,-7.810991442722375e-14,4.674666189196356e-12,-1.8534162189656013e-14
6.299,1.9586856172925097e-11,-7.713603355277908e-25,-7.829496882580656e-14,5.1940759322790845e-12,-2.0561599842534e-14
6.31,1.963360281825814e-11,-7.75024687360497e-25,-7.84799957347457e-14,4.24969503027657e-12,-1.6820628085376168e-14
6.32,1.968034945952002e-11,-7.786977373615797e-25,-7.866712337080868e-14,4.674664126188056e-12,-1.8712763606298137e-14
6.33,1.9727096115700153e-11,-7.823794918590392e-25,-7.885235709309893e-14,4.674665618013046e-12,-1.8523372229024955e-14
6.34,1.977384281425891e-11,-7.860699500957491e-25,-7.903935934849957e-14,4.674669855875426e-12,-1.8700225540064162e-14
6.349,1.9820589485555475e-11,-7.8976910733111765e-25,-7.922462534896549e-14,5.194074588507406e-12,-2.0585111162880447e-14
6.36,1.9867336166262888e-11,-7.934768464387327e-25,-7.940649247613967e-14,4.249698246128445e-12,-1.653337519765237e-14
6.37,1.9914082856935698e-11,-7.971932853445438e-25,-7.959680176015621e-14,4.674669067281135e-12,-1.9030928401654354e-14
6.38,1.996082951948296e-11,-8.009184574472916e-25,-7.978022751895974e-14,4.674666254726018e-12,-1.8342575880352587e-14
6.391,2.0007576207334537e-11,-8.046522895044415e-25,-7.99672210705509e-14,4.2496988955979505e-12,-1.6999413781014663e-14
6.399,2.0054322873095378e-11,-8.08394783693669e-25,-8.01509019363056e-14,5.843333220105299e-12,-2.2960108219337275e-14
6.411,2.01010695524011e-11,-8.121459399939776e-25,-8.033777259718039e-14,3.895556608810188e-12,-1.5572555072899334e-14
6.416,2.0147816204159722e-11,-8.1590582648199585e-25,-8.052450722694617e-14,9.349330351724524e-12,-3.7346925953155494e-14
6.431,2.019456284367175e-11,-8.196744003301974e-25,-8.070949322914047e-14,3.116442634135307e-12,-1.2332400146286617e-14
6.44,2.024130955621307e-11,-8.234515898109552e-25,-8.089286447330058e-14,5.194079171257801e-12,-2.037458268445661e-14
6.451,2.0288056280832397e-11,-8.272374403807406e-25,-8.108000531019007e-14,4.249702238120505e-12,-1.701280335359006e-14
6.461,2.0334802981019843e-11,-8.310319508229985e-25,-8.126345110674913e-14,4.674670018744394e-12,-1.8344579655906152e-14
6.47,2.038154969350147e-11,-8.348351230855434e-25,-8.145054783123806e-14,5.194079164625192e-12,-2.0788524943215166e-14
6.48,2.042829637309527e-11,-8.386470406246165e-25,-8.16377216328797e-14,4.674667959379824e-12,-1.871738016416333e-14
6.491,2.0475043062609024e-11,-8.424676635483184e-25,-8.182296246872467e-14,4.249699046705049e-12,-1.6840075985907e-14
6.5,2.0521789754719112e-11,-8.46296946360032e-25,-8.200821526234224e-14,5.194076901120811e-12,-2.0583643735285126e-14
6.51,2.0568536432004062e-11,-8.501348854286655e-25,-8.219336189955389e-14,4.674667728494897e-12,-1.8514663721164814e-14
6.52,2.0615283091218676e-11,-8.539815589418002e-25,-8.23819715151651e-14,4.6746659214613605e-12,-1.886096156112116e-14
6.5280000000000005,2.0662029724968255e-11,-8.578369695675271e-25,-8.256725868525085e-14,5.843329218697408e-12,-2.3160896260718847e-14
6.541,2.070877637954118e-11,-8.617009989937246e-25,-8.275064316244786e-14,3.595896505609596e-12,-1.410649824592374e-14
6.549,2.0755523066837242e-11,-8.655736801054351e-25,-8.29372947735053e-14,5.8433359120076955e-12,-2.333145138217982e-14
6.5600000000000005,2.080226975198973e-11,-8.694550143585972e-25,-8.312086488000756e-14,4.249698650226102e-12,-1.6688191500205606e-14
6.57,2.0849016415101237e-11,-8.733449656824258e-25,-8.330604411880597e-14,4.6746663111509026e-12,-1.8517923879840758e-14
6.581,2.0895763110883377e-11,-8.772436143223875e-25,-8.3492852561769e-14,4.2496996165580444e-12,-1.6982585723912254e-14
6.589,2.0942509792079706e-11,-8.811509521361902e-25,-8.367785191637894e-14,5.843335149541041e-12,-2.3124919326241958e-14
6.6,2.0989256451489525e-11,-8.850669445206314e-25,-8.38632059423451e-14,4.249696309983445e-12,-1.6850365996923527e-14
6.61,2.1036003129031638e-11,-8.88991598921934e-25,-8.404838083373037e-14,4.674667754211115e-12,-1.8517489138527734e-14
6.62,2.108274980307762e-11,-8.929249139213688e-25,-8.42337517332215e-14,4.674667404598059e-12,-1.8537089949112233e-14
6.63,2.112949646716349e-11,-8.968669264647518e-25,-8.442053068324175e-14,4.6746664085869884e-12,-1.867789500202497e-14
6.64,2.1176243153186066e-11,-9.008175994881128e-25,-8.460420067218347e-14,4.674668602257565e-12,-1.8366998894172346e-14
6.65,2.122298983541589e-11,-9.047769726733443e-25,-8.479277025147551e-14,4.674668222982433e-12,-1.8856957929203747e-14
6.658,2.126973652812657e-11,-9.087450837364032e-25,-8.497800209462648e-14,5.84333658883479e-12,-2.315398039387161e-14
6.6690000000000005,2.131648320435722e-11,-9.12721846504366e-25,-8.5162982831932e-14,4.249697839149944e-12,-1.681643066413798e-14
6.68,2.1363229900522056e-11,-9.16707302364047e-25,-8.534985279724715e-14,4.249699651348885e-12,-1.6988178665014046e-14
6.69,2.1409976614837723e-11,-9.20701456124375e-25,-8.553504548059258e-14,4.674671431566605e-12,-1.8519268334542467e-14
6.699,2.1456723285787895e-11,-9.247042677641569e-25,-8.572042826420412e-14,5.194074550019152e-12,-2.0598087067949183e-14
6.71,2.150346995485302e-11,-9.287157431177583e-25,-8.590571895979983e-14,4.249697187738631e-12,-1.6844608690519098e-14
6.72,2.1550216655445052e-11,-9.327358868640337e-25,-8.609117901850838e-14,4.674670059203452e-12,-1.8546005870854994e-14
6.73,2.159696331610351e-11,-9.36764733299718e-25,-8.627820005307613e-14,4.674666065845736e-12,-1.8702103456775574e-14
6.74,2.1643710025168377e-11,-9.408022456548511e-25,-8.646176115063855e-14,4.674670906486621e-12,-1.835610975624182e-14
6.75,2.169045670399964e-11,-9.448483796404898e-25,-8.66471777856902e-14,4.674667883126386e-12,-1.854166350516479e-14
6.757,2.173720337379525e-11,-9.489032543502052e-25,-8.683575596957965e-14,6.678095685086878e-12,-2.693974055563541e-14
6.77,2.1783950050280203e-11,-9.529668239114863e-25,-8.701915166600929e-14,3.595898191150281e-12,-1.4107361263818263e-14
6.78,2.1830696700943705e-11,-9.57039081082201e-25,-8.720754106662e-14,4.6746650663501666e-12,-1.883894006107077e-14
6.79,2.1877443377424775e-11,-9.61120030290294e-25,-8.73909337466859e-14,4.674667648107003e-12,-1.833926800659049e-14
6.799,2.1924190070034977e-11,-9.652096367942703e-25,-8.757787262759428e-14,5.194076956689196e-12,-2.0770986767598007e-14
6.8100000000000005,2.197093675262583e-11,-9.693079405713554e-25,-8.776307350778673e-14,4.249698417350132e-12,-1.6836443653858832e-14
6.82,2.2017683434685824e-11,-9.734149003933735e-25,-8.7948212985105e-14,4.674668205999588e-12,-1.8513947731827187e-14
6.832,2.2064430147986202e-11,-9.775305258420223e-25,-8.81337041414867e-14,3.895559441698025e-12,-1.545759636514151e-14
6.84,2.2111176821515148e-11,-9.816548149212131e-25,-8.831902576824408e-14,5.8433341911184025e-12,-2.3165203344673224e-14
6.85,2.2157923458953034e-11,-9.857877651507333e-25,-8.85043975212698e-14,4.674663743788456e-12,-1.8537175302572232e-14
6.86,2.2204670127934348e-11,-9.899294221716487e-25,-8.869141604871929e-14,4.674666898131293e-12,-1.8701852744948243e-14
6.868,2.225141681879228e-11,-9.940797764160691e-25,-8.887641466826343e-14,5.843336357241795e-12,-2.3124827443018e-14
6.88,2.229816349868489e-11,-9.982387842398547e-25,-8.906169059782493e-14,3.895556657717414e-12,-1.5439660796791756e-14
6.888,2.234491017777693e-11,-1.0024064512711442e-24,-8.924689141219036e-14,5.843334886505103e-12,-2.3150101795678136e-14
6.899,2.239165681021641e-11,-1.006582770912816e-24,-8.943206036380673e-14,4.249693858134382e-12,-1.6833541056033966e-14
6.91,2.2438403490398422e-11,-1.0107677465275433e-24,-8.961704423283461e-14,4.249698198364592e-12,-1.6816715366170605e-14
6.921,2.2485150159490503e-11,-1.014961412218122e-24,-8.980389728142943e-14,4.249697190189342e-12,-1.6986640781347123e-14
6.931,2.2531896883534015e-11,-1.0191637430148929e-24,-8.998755902936925e-14,4.6746724043510654e-12,-1.836617479398211e-14
6.94,2.257864358913279e-11,-1.0233747778984663e-24,-9.017636181316021e-14,5.1940783998638584e-12,-2.097808708788488e-14
6.95,2.2625390280005473e-11,-1.0275945218076171e-24,-9.03602207930196e-14,4.6746690872683e-12,-1.8385897985938237e-14
6.96,2.2672136941831797e-11,-1.0318229707517302e-24,-9.054890849722688e-14,4.674666182632471e-12,-1.886877042072823e-14
6.97,2.271888359926408e-11,-1.0360600782217616e-24,-9.073068250537078e-14,4.6746657432283395e-12,-1.817740081438985e-14
6.98,2.2765630256194745e-11,-1.040305836427312e-24,-9.091902185093343e-14,4.674665693066453e-12,-1.8833934556265222e-14
6.991,2.2812376920879346e-11,-1.0445603259070471e-24,-9.110420947219818e-14,4.249696789509257e-12,-1.683523829679586e-14
7.001,2.285912364011959e-11,-1.048823479143037e-24,-9.128947741223722e-14,4.674671924024447e-12,-1.8526794003903947e-14
7.01,2.290587033278883e-11,-1.0530953299845458e-24,-9.147642954656425e-14,5.194076963248738e-12,-2.0772459369669287e-14
7.02,2.2952616982728718e-11,-1.0573758745882521e-24,-9.166159678092057e-14,4.674664993988613e-12,-1.8516723435632768e-14
7.03,2.2999363657111592e-11,-1.0616650373700759e-24,-9.184505212820622e-14,4.674667438287471e-12,-1.8345534728564645e-14
7.039,2.3046110341710635e-11,-1.0659628984424913e-24,-9.203370245210509e-14,5.1940760665603685e-12,-2.0961147099874055e-14
7.05,2.3092857010936623e-11,-1.0702694131290739e-24,-9.221534706898491e-14,4.2496972023626204e-12,-1.6513146989074935e-14
7.061,2.313960368854927e-11,-1.0745846261854504e-24,-9.240581861612535e-14,4.249697964786083e-12,-1.7315595194585294e-14
7.07,2.318635038000301e-11,-1.0789085863636435e-24,-9.258952730998945e-14,5.194076828193581e-12,-2.04120770960109e-14
7.08,2.3233097026634596e-11,-1.0832411625891576e-24,-9.277462339197347e-14,4.674664663158348e-12,-1.850960819840259e-14
7.084,2.327984371907684e-11,-1.0875824376447067e-24,-9.296151444976561e-14,1.1686673110560932e-11,-4.6722764448033623e-14
7.1,2.3326590410794576e-11,-1.0919324071994187e-24,-9.314660977762562e-14,2.9216682323585573e-12,-1.1568457991250695e-14
7.11,2.337333707007544e-11,-1.096291063778682e-24,-9.333330756044903e-14,4.674665928086456e-12,-1.8669778282341055e-14
7.12,2.342008375653372e-11,-1.1006584132421768e-24,-9.351841581859783e-14,4.6746686458278564e-12,-1.8510825814880603e-14
7.13,2.3466830439886704e-11,-1.1050343748737417e-24,-9.37017811105317e-14,4.674668335298671e-12,-1.8336529193386778e-14
7.139,2.3513577111207365e-11,-1.1094189886264168e-24,-9.388863458338748e-14,5.1940745911847145e-12,-2.0761496983974972e-14
7.15,2.356032379791841e-11,-1.1138122636840433e-24,-9.407228272323015e-14,4.249698791913116e-12,-1.6695285440243415e-14
7.162,2.3607070493740936e-11,-1.1182141688541188e-24,-9.425782671540952e-14,3.895557985210465e-12,-1.546199934828029e-14
7.17,2.3653817148893027e-11,-1.1226247786544887e-24,-9.444486382019407e-14,5.843331894011474e-12,-2.337963809806904e-14
7.179,2.370056383600937e-11,-1.1270441007590902e-24,-9.463044299684822e-14,5.194076346260464e-12,-2.0619908517127264e-14
7.19,2.3747310542639807e-11,-1.1314720898272334e-24,-9.481559020286235e-14,4.2497006027667615e-12,-1.6831564183103336e-14
7.2,2.3794057254237605e-11,-1.1359087708673118e-24,-9.500229809059026e-14,4.6746711597796645e-12,-1.867078877279116e-14
7.21,2.3840803914837194e-11,-1.140354136844687e-24,-9.518737194604925e-14,4.674666059958897e-12,-1.8507385545898586e-14
7.216,2.388755059883612e-11,-1.1448081540403076e-24,-9.537233473700964e-14,7.791113999820973e-12,-3.0827131826732336e-14
7.228,2.393429726842304e-11,-1.1492708563785792e-24,-9.555901407165398e-14,3.8955557989098955e-12,-1.5556611220361134e-14
7.241,2.3981043939344335e-11,-1.153742248989292e-24,-9.574413212418374e-14,3.5958977631765764e-12,-1.4239850194596975e-14
7.249,2.402779058727125e-11,-1.1582222842040259e-24,-9.592887175571151e-14,5.843330990864404e-12,-2.309245394097208e-14
7.259,2.407453723950317e-11,-1.1627109610653385e-24,-9.61138370587367e-14,4.674665223192089e-12,-1.8496530302519123e-14
7.269,2.4121283928710917e-11,-1.1672083336839969e-24,-9.630075721002609e-14,4.674668920774834e-12,-1.8692015128938157e-14
7.28,2.4168030619007282e-11,-1.1717144047201191e-24,-9.648598373589464e-14,4.249699117851418e-12,-1.6838775078959016e-14
7.29,2.4214777288684804e-11,-1.1762291362035918e-24,-9.667136906024103e-14,4.67466696775219e-12,-1.8538532434639767e-14
7.299,2.426152396770554e-11,-1.1807525323847016e-24,-9.685665371559847e-14,5.194075446748421e-12,-2.0587183928603443e-14
7.311,2.430827064030504e-11,-1.1852845855982393e-24,-9.704177633378471e-14,3.895556049958177e-12,-1.5426884848853827e-14
7.32,2.43550173280572e-11,-1.1898253355516726e-24,-9.722867027013231e-14,5.1940764169069735e-12,-2.0765992927510793e-14
7.33,2.440176397616126e-11,-1.1943748199073192e-24,-9.741563216280828e-14,4.674664810406009e-12,-1.869618926759675e-14
7.34,2.4448510622879383e-11,-1.1989329988757878e-24,-9.760066476877188e-14,4.674664671812311e-12,-1.850326059636008e-14
7.35,2.4495257293759506e-11,-1.203499828184572e-24,-9.77856257542617e-14,4.674667088012258e-12,-1.8496098548982067e-14
7.361,2.454200397266443e-11,-1.2080752721432644e-24,-9.796919858301535e-14,4.2496980822658455e-12,-1.6688438977605236e-14
7.37,2.458875061491502e-11,-1.2126594089440088e-24,-9.815769224994079e-14,5.194071361176771e-12,-2.0943740769492813e-14
7.38,2.4635497275455655e-11,-1.2172522441448249e-24,-9.834127249744578e-14,4.674666054063375e-12,-1.8358024750498725e-14
7.39,2.468224394248279e-11,-1.2218537456252777e-24,-9.852844134897392e-14,4.674666702713389e-12,-1.8716885152814393e-14
7.4,2.4728990616737667e-11,-1.2264639601741919e-24,-9.87140201693779e-14,4.674667425487678e-12,-1.8557882040397997e-14
7.411,2.4775737308075825e-11,-1.2310828419911828e-24,-9.889918772927945e-14,4.249699212559838e-12,-1.68334145365048e-14
7.422,2.482248396633754e-11,-1.2357103803473015e-24,-9.908451969258506e-14,4.249696205610546e-12,-1.6848360300509378e-14
7.43,2.4869230645889333e-11,-1.2403466187864842e-24,-9.927132006479648e-14,5.843334943974251e-12,-2.3350046526428365e-14
7.44,2.491597735490581e-11,-1.2449915172118447e-24,-9.945490144196546e-14,4.674670901647821e-12,-1.835813771689749e-14
7.451,2.496272402039187e-11,-1.2496451093936172e-24,-9.964345705636425e-14,4.249696862369018e-12,-1.7141419490798755e-14
7.46,2.500947068738243e-11,-1.2543074017584987e-24,-9.982712191872177e-14,5.194074110062464e-12,-2.0407206928613916e-14
7.47,2.5056217358498535e-11,-1.2589783559443412e-24,-1.0001402502588844e-13,4.6746671116104786e-12,-1.8690310716667133e-14
7.48,2.510296398940869e-11,-1.2636580017162781e-24,-1.0019915315720038e-13,4.67466309101536e-12,-1.851281313119343e-14
7.49,2.51497106007303e-11,-1.2683463387976985e-24,-1.0038595660253667e-13,4.6746611321608864e-12,-1.86803445336289e-14
7.5,2.51964572824955e-11,-1.2730433841130284e-24,-1.0057142210179408e-13,4.674668176519905e-12,-1.8546549925741945e-14
7.51,2.5243203979497585e-11,-1.2777490897960891e-24,-1.0075641429488935e-13,4.674669700208514e-12,-1.849921930952672e-14
7.52,2.528995067311261e-11,-1.2824634500758308e-24,-1.0094171300224214e-13,4.6746693615024545e-12,-1.8529870735279058e-14
7.529,2.5336697402252303e-11,-1.2871865140844394e-24,-1.0112863910708126e-13,5.194081015521543e-12,-2.076956720434637e-14
7.54,2.5383444084321326e-11,-1.291918231398525e-24,-1.0131213763506432e-13,4.249698369911135e-12,-1.668168436209618e-14
7.55,2.5430190760865617e-11,-1.2966586059333547e-24,-1.0149905174815028e-13,4.674667654428938e-12,-1.8691411308595973e-14
7.5600000000000005,2.5476937446633223e-11,-1.3014076795184895e-24,-1.0168427588897586e-13,4.674668576760757e-12,-1.8522414082557954e-14
7.57,2.5523684103696376e-11,-1.3061654063102345e-24,-1.0186939364155339e-13,4.674665706315198e-12,-1.8511775257753097e-14
7.5760000000000005,2.557043077194948e-11,-1.3109317867095258e-24,-1.0205446135852161e-13,7.791111375517413e-12,-3.084461949470331e-14
7.591,2.5617177438460448e-11,-1.3157068258338748e-24,-1.0223985439674081e-13,3.1164444340646035e-12,-1.2359535881280003e-14
7.6,2.566392411077094e-11,-1.3204905236856655e-24,-1.0242488922467698e-13,5.1940747011657295e-12,-2.0559425326241372e-14
7.608,2.5710670763581384e-11,-1.3252829064769104e-24,-1.0261151458707674e-13,5.843331601305343e-12,-2.3328170299970533e-14
7.62,2.5757417427395836e-11,-1.3300839402004692e-24,-1.0279496073338429e-13,3.895555317871109e-12,-1.528717885896241e-14
7.63,2.580416413714944e-11,-1.3348936750359693e-24,-1.0298357901204153e-13,4.674670975360574e-12,-1.8861827865723233e-14
7.64,2.5850910845440843e-11,-1.339712070490056e-24,-1.0316550100663514e-13,4.674670829140064e-12,-1.819219945936144e-14
7.65,2.5897657516437605e-11,-1.344539161805584e-24,-1.0335578543372539e-13,4.674667099676331e-12,-1.9028442709024987e-14
7.661,2.5944404168975207e-11,-1.349375028660416e-24,-1.0354103358201243e-13,4.2496956852366754e-12,-1.684074075336711e-14
7.67,2.5991150832134588e-11,-1.3542195573146617e-24,-1.0372632313725694e-13,5.19407368437579e-12,-2.0587728360501396e-14
7.681,2.6037897495810307e-11,-1.3590727458748904e-24,-1.0391153499504602e-13,4.249696697792598e-12,-1.683744161718904e-14
7.69,2.6084644182328538e-11,-1.3639345513365978e-24,-1.0409488530220601e-13,5.1940762798033945e-12,-2.037225635111004e-14
7.7,2.6131390848501392e-11,-1.3688050092086206e-24,-1.042818085143449e-13,4.674666617285484e-12,-1.869232121388864e-14
7.71,2.6178137484734893e-11,-1.3736842008262232e-24,-1.0446868181958378e-13,4.6746636233501316e-12,-1.8687330523888366e-14
7.72,2.6224884131150335e-11,-1.3785720475791432e-24,-1.0465206277805375e-13,4.674664641544325e-12,-1.8338095846996568e-14
7.731,2.62716308086393e-11,-1.3834685928539082e-24,-1.0484069853834604e-13,4.2496979535420665e-12,-1.7148705481118003e-14
7.74,2.631837748045073e-11,-1.3883737967093143e-24,-1.0502253515635301e-13,5.194074645714758e-12,-2.0204068667440518e-14
7.75,2.6365124181092905e-11,-1.3932875857550553e-24,-1.0520787589892348e-13,4.674670064217407e-12,-1.853407425704747e-14
7.76,2.641187089084637e-11,-1.3982101541726849e-24,-1.0539810871861237e-13,4.674670975346719e-12,-1.9023281968888847e-14
7.77,2.645861757657982e-11,-1.4031414555044209e-24,-1.0558161120652407e-13,4.674668573345121e-12,-1.8350248791170007e-14
7.78,2.650536423975925e-11,-1.4080814132732374e-24,-1.0576856580419496e-13,4.674666317943089e-12,-1.8695459767088775e-14
7.79,2.6552110895245807e-11,-1.4130300306154273e-24,-1.0595213552438734e-13,4.674665548655814e-12,-1.8356972019238108e-14
7.798,2.659885755917262e-11,-1.4179873130603299e-24,-1.0613925361361147e-13,5.843332990851674e-12,-2.3389761153016272e-14
7.811,2.6645604237571392e-11,-1.422953339767885e-24,-1.0632618254818584e-13,3.595898338366955e-12,-1.437914881341262e-14
7.821,2.669235089763934e-11,-1.427928028258929e-24,-1.0650992098576077e-13,4.674666006794759e-12,-1.8373843757493546e-14
7.829,2.673909755402235e-11,-1.4329113404871117e-24,-1.0669515564486613e-13,5.843332047876373e-12,-2.315433238817029e-14
7.84,2.678584420199966e-11,-1.4379033051068568e-24,-1.0688014165422384e-13,4.249695270664656e-12,-1.681690994161015e-14
7.85,2.683259088818068e-11,-1.4429039219775975e-24,-1.0706515711526454e-13,4.674668618101796e-12,-1.8501546104069846e-14
7.86,2.6879337586356474e-11,-1.447913198371358e-24,-1.0725057380214733e-13,4.674669817579445e-12,-1.854166868827881e-14
7.868,2.6926084271313944e-11,-1.4529311766939854e-24,-1.0743751914788579e-13,5.843335619683618e-12,-2.3368168217307432e-14
7.874,2.697283096620689e-11,-1.457957863449713e-24,-1.076231078007872e-13,7.791115815491035e-12,-3.0931442150234356e-14
7.8870000000000005,2.701957767915206e-11,-1.4629932151622205e-24,-1.0780815550167202e-13,3.5959009957821845e-12,-1.423443852960203e-14
7.9,2.7066324368371232e-11,-1.4680372164778241e-24,-1.0799327984510886e-13,3.5958991707055157e-12,-1.4240334110525725e-14
7.911,2.711307103714566e-11,-1.4730898719271588e-24,-1.0817850658596164e-13,4.249697161311527e-12,-1.6838794622980484e-14
7.92,2.715981772002366e-11,-1.4781512651942865e-24,-1.0836705153790308e-13,5.194075875333214e-12,-2.094943910460365e-14
7.93,2.7206564373772073e-11,-1.483221312253529e-24,-1.0854888373006361e-13,4.674665374841386e-12,-1.818321921605374e-14
7.941,2.7253311026374746e-11,-1.4883000222199916e-24,-1.0873768904893154e-13,4.2496956911521445e-12,-1.716411989708471e-14
7.9510000000000005,2.7300057700609228e-11,-1.4933874741558062e-24,-1.0892279778252722e-13,4.6746674234482645e-12,-1.851087335956775e-14
7.961,2.7346804345348657e-11,-1.4984836104867145e-24,-1.0910937797317275e-13,4.674664473942851e-12,-1.8658019064552402e-14
7.97,2.7393551042557767e-11,-1.5035884442460361e-24,-1.0929466184535558e-13,5.194077467678871e-12,-2.0587096909204125e-14
7.98,2.74402977401398e-11,-1.5087019352576756e-24,-1.0947976613070482e-13,4.67466975820318e-12,-1.8510428534923563e-14
7.99,2.748704441568994e-11,-1.513824083686499e-24,-1.096651620826181e-13,4.6746675550138225e-12,-1.8539595191327894e-14
8.0,2.753379111285701e-11,-1.518954899734433e-24,-1.0985049822583276e-13,4.674669716706838e-12,-1.8533614321465934e-14
8.01,2.758053781111575e-11,-1.5240944180576796e-24,-1.1003747310423518e-13,4.674669825873999e-12,-1.8697487840242322e-14
8.019,2.7627284478067996e-11,-1.52924266960209e-24,-1.1022428586436962e-13,5.19407410580501e-12,-2.075697334827154e-14
8.03,2.767403113766371e-11,-1.5343995354825261e-24,-1.1040606184538891e-13,4.249696326883119e-12,-1.652508918357166e-14
8.041,2.7720777804895532e-11,-1.5395650610683372e-24,-1.105947449156477e-13,4.249697021074521e-12,-1.7153006387162992e-14
8.05,2.776752447069649e-11,-1.544739277455627e-24,-1.107778941222306e-13,5.1940739778842865e-12,-2.034991184254364e-14
8.065,2.781427113566701e-11,-1.5499221817840503e-24,-1.1096645199066348e-13,3.116444331367925e-12,-1.257052456219243e-14
8.07,2.786101778714986e-11,-1.5551137762895372e-24,-1.1114975701272898e-13,9.349330296570189e-12,-3.666100441309938e-14
8.08,2.790776447869634e-11,-1.5603140250562554e-24,-1.1133652360662304e-13,4.674669154647952e-12,-1.8676659389405754e-14
8.09,2.7954511163238056e-11,-1.5655229712753084e-24,-1.1152190026319194e-13,4.674668454171556e-12,-1.8537665656890282e-14
8.101,2.8001257843768775e-11,-1.5707405755337696e-24,-1.1170696643814661e-13,4.249698230065538e-12,-1.6824197723151966e-14
8.11,2.804800452477875e-11,-1.5759668354667818e-24,-1.1189222050294224e-13,5.1940756677747574e-12,-2.0583784977291903e-14
8.12,2.8094751196569724e-11,-1.581201791362517e-24,-1.1207905681677992e-13,4.674667179097457e-12,-1.8683631383768245e-14
8.13,2.8141497875926622e-11,-1.5864454037005492e-24,-1.122625396418144e-13,4.674667935689785e-12,-1.834828250344786e-14
8.14,2.818824454492589e-11,-1.5916976698781216e-24,-1.1244935063873065e-13,4.674666899926896e-12,-1.868109969162451e-14
8.151,2.823499120201251e-11,-1.5969586344479023e-24,-1.1263474724798783e-13,4.249696098783554e-12,-1.6854237205198845e-14
8.159,2.8281737863101482e-11,-1.6022282644351101e-24,-1.1282007089091524e-13,5.843332636121731e-12,-2.3165455365925723e-14
8.17,2.8328484555706583e-11,-1.607506557234756e-24,-1.1300522307094838e-13,4.249699327736466e-12,-1.6832016366649156e-14
8.182,2.8375231251247836e-11,-1.612793512377914e-24,-1.1319066444338219e-13,3.8955579617710964e-12,-1.5453447702817376e-14
8.19,2.8421977879514208e-11,-1.6180891573500527e-24,-1.1337733280180299e-13,5.843328533296587e-12,-2.3333544802599864e-14
8.201,2.8468724551447212e-11,-1.6233935336725014e-24,-1.1356401309981494e-13,4.249697448455057e-12,-1.6970936182904464e-14
8.21,2.8515471261504095e-11,-1.6287066068421253e-24,-1.1374923153959594e-13,5.1940788952092496e-12,-2.0579826642333964e-14
8.22,2.8562217933283163e-11,-1.634028334561968e-24,-1.1393447373011462e-13,4.674667177906731e-12,-1.8524219051867627e-14
8.23,2.8608964645416315e-11,-1.6393587286291912e-24,-1.141198138972321e-13,4.674671213315207e-12,-1.853401671174722e-14
8.24,2.8655711326023222e-11,-1.6446978235276118e-24,-1.1430688203512005e-13,4.674668060690838e-12,-1.8706813788795868e-14
8.25,2.8702458017331972e-11,-1.6500456228825898e-24,-1.1449217112810293e-13,4.674669130875194e-12,-1.852890929828768e-14
8.26,2.8749204687262534e-11,-1.6554020725615093e-24,-1.1467708036621588e-13,4.674666993056266e-12,-1.84909238112955e-14
8.27,2.8795951360973366e-11,-1.6607671758460755e-24,-1.148623866664084e-13,4.674667371083182e-12,-1.8530630019251965e-14
8.28,2.884269800040148e-11,-1.666140929979207e-24,-1.1504736508782328e-13,4.674663942811627e-12,-1.8497842141487764e-14
8.29,2.8889444674148075e-11,-1.6715233381810203e-24,-1.1523247176177235e-13,4.674667374659498e-12,-1.8510667394907178e-14
8.3,2.893619135475403e-11,-1.6769144372690785e-24,-1.1541916031888492e-13,4.674668060595298e-12,-1.8668855711256728e-14
8.31,2.8982938049322372e-11,-1.682314226322173e-24,-1.1560419236757698e-13,4.6746694568344e-12,-1.850320486920625e-14
8.319,2.9029684744066736e-11,-1.6877227144063832e-24,-1.1579133682594592e-13,5.19407719381821e-12,-2.0793828707659502e-14
8.33,2.9076431444081928e-11,-1.6931399085107284e-24,-1.1597664262863893e-13,4.249700001381078e-12,-1.6845982063000912e-14
8.343,2.9123178153047676e-11,-1.6985658087186853e-24,-1.161637723012206e-13,3.5959006896727046e-12,-1.4394590198590365e-14
8.35,2.916992482569756e-11,-1.704000409168791e-24,-1.1634905233591404e-13,6.678096092840242e-12,-2.6468576384776424e-14
8.36,2.9216671526998295e-11,-1.7094436349266585e-24,-1.165326529570264e-13,4.6746701300733915e-12,-1.8360062111236088e-14
8.369,2.9263418191994527e-11,-1.7148955095283802e-24,-1.1671926360904466e-13,5.194073888470198e-12,-2.0734516890918433e-14
8.38,2.9310164856301504e-11,-1.7203560366181415e-24,-1.169028427257772e-13,4.249696755179569e-12,-1.6689010612048195e-14
8.39,2.935691151686504e-11,-1.7258252191050757e-24,-1.1708959314031627e-13,4.674666056354045e-12,-1.8675041453907415e-14
8.4,2.940365819495131e-11,-1.7313031386015386e-24,-1.1727655738501414e-13,4.674667808626985e-12,-1.8696424469787595e-14
8.41,2.9450404880341416e-11,-1.7367897597376806e-24,-1.1746184557792526e-13,4.6746685390105084e-12,-1.8528819291111272e-14
8.42,2.9497151574278624e-11,-1.7422849990215107e-24,-1.1764523135081797e-13,4.6746693937209325e-12,-1.8338577289271505e-14
8.429,2.954389824969983e-11,-1.747788931254656e-24,-1.1783385603036423e-13,5.1940750468010805e-12,-2.0958297727362057e-14
8.44,2.959064490958474e-11,-1.7533015228226187e-24,-1.1801578890832202e-13,4.249696353173552e-12,-1.6539352541617725e-14
8.451,2.963739159438471e-11,-1.75882273954626e-24,-1.1820274711264927e-13,4.249698618179057e-12,-1.6996200393385906e-14
8.461,2.968413828112865e-11,-1.764352696597931e-24,-1.1838972336390683e-13,4.6746686743939185e-12,-1.8697625125756145e-14
8.47,2.973088494925988e-11,-1.7698913518165594e-24,-1.1857498193147666e-13,5.194074236802847e-12,-2.058428528553623e-14
8.481,2.9777631623942396e-11,-1.7754386663793283e-24,-1.1876016973199146e-13,4.249697698410614e-12,-1.6835254592254847e-14
8.49,2.982437827167171e-11,-1.780994666230143e-24,-1.1894670854456467e-13,5.194071969924029e-12,-2.0726534730356418e-14
8.5,2.9871124953236216e-11,-1.786559397286946e-24,-1.1913355172479555e-13,4.6746681564502285e-12,-1.868431802308782e-14
8.51,2.991787162306697e-11,-1.7921328207621603e-24,-1.1931866296312724e-13,4.674666983075504e-12,-1.8511123833169185e-14
8.52,2.996461830728306e-11,-1.797714859377829e-24,-1.195020666469287e-13,4.674668421609178e-12,-1.8340368380144962e-14
8.53,3.0011365014170355e-11,-1.8033055546008375e-24,-1.1968890937144919e-13,4.674670688729257e-12,-1.868427245204988e-14
8.54,3.005811169492966e-11,-1.808904905752153e-24,-1.1987253372420788e-13,4.6746680759304e-12,-1.836243527586888e-14
8.55,3.0104858367940087e-11,-1.814512875845406e-24,-1.2005770011305326e-13,4.674667301042905e-12,-1.8516638884538972e-14
8.56,3.015160502052949e-11,-1.8201295429087018e-24,-1.2024472806845923e-13,4.674665258940353e-12,-1.8702795540596022e-14
8.57,3.0198351702092074e-11,-1.825754918611516e-24,-1.2043013974146945e-13,4.674668156258736e-12,-1.8541167301022822e-14
8.579,3.0245098378617885e-11,-1.831388958740303e-24,-1.206154509830735e-13,5.194075169534922e-12,-2.0590137956005872e-14
8.591,3.029184509481683e-11,-1.8370316668352887e-24,-1.2080078330259616e-13,3.89555968324562e-12,-1.544435996022075e-14
8.6,3.033859179265198e-11,-1.8426830352951644e-24,-1.2098606888555392e-13,5.194077537238786e-12,-2.0587286995307205e-14
8.61,3.038533844012568e-11,-1.8483430951167684e-24,-1.2117289341385459e-13,4.6746647473700904e-12,-1.8682452830066672e-14
8.62,3.043208511639066e-11,-1.8540118934294788e-24,-1.213597855119256e-13,4.67466762649753e-12,-1.868920980710124e-14
8.629,3.0478831797425153e-11,-1.859689396454025e-24,-1.215452891972977e-13,5.194075670499398e-12,-2.0611520596900424e-14
8.64,3.0525578435707756e-11,-1.8653755560617914e-24,-1.217303694026252e-13,4.2496943893275885e-12,-1.682547321159024e-14
8.657,3.057232512620709e-11,-1.8710703703585667e-24,-1.2191529774278694e-13,2.7498053234902957e-12,-1.0878137656573317e-14
8.659,3.0619071790387445e-11,-1.876773867789578e-24,-1.2210200406965813e-13,2.3373332090177295e-11,-9.3353163435595e-14
8.67,3.0665818478931214e-11,-1.882486064061905e-24,-1.2228733987194205e-13,4.2496989585244e-12,-1.684870929853821e-14
8.68,3.0712565161627496e-11,-1.8882069246675877e-24,-1.224727276114408e-13,4.674668269627975e-12,-1.8538773949873653e-14
8.691,3.0759311893979385e-11,-1.8939364591385657e-24,-1.2265818027098567e-13,4.249702941080961e-12,-1.6859332685897853e-14
8.7,3.08060585520282e-11,-1.8996746464130026e-24,-1.2284331711714167e-13,5.1940731165346806e-12,-2.0570760684000108e-14
8.71,3.085280524512429e-11,-1.9054215339051602e-24,-1.2303022436929385e-13,4.674669309609072e-12,-1.869072521521863e-14
8.72,3.089955190530051e-11,-1.9111771507034634e-24,-1.232169631990361e-13,4.674666017621726e-12,-1.867388297422434e-14
8.728,3.0946298566246045e-11,-1.9169413775947277e-24,-1.2339859285021685e-13,5.843332618191556e-12,-2.2703706397594374e-14
8.742,3.099304523263635e-11,-1.9227142585158236e-24,-1.2358718675153056e-13,3.339047599307434e-12,-1.3470992950979514e-14
8.75,3.1039791911923036e-11,-1.9284958368529337e-24,-1.2377063311209443e-13,5.843334910836362e-12,-2.2930795070482764e-14
8.76,3.1086538603476076e-11,-1.934286113101337e-24,-1.2395925133688566e-13,4.674669155303905e-12,-1.8861822479123488e-14
8.77,3.1133285304217755e-11,-1.9400850923065428e-24,-1.241429297026193e-13,4.674670074167976e-12,-1.836783657336487e-14
8.781,3.118003192969479e-11,-1.9458927179787746e-24,-1.243295798300787e-13,4.249693225184802e-12,-1.6968193405398285e-14
8.79,3.1226778609187443e-11,-1.95170904293072e-24,-1.2451483072786446e-13,5.194075499183859e-12,-2.0583433087307278e-14
8.8,3.12735252833975e-11,-1.9575340312684433e-24,-1.2470026044843364e-13,4.674667421005187e-12,-1.8542972056918483e-14
8.812,3.1320272004453744e-11,-1.9633676874655317e-24,-1.2488542450558924e-13,3.8955600880202494e-12,-1.5430338096299573e-14
8.819,3.1367018698452706e-11,-1.9692100418186017e-24,-1.2507254485154403e-13,6.6780991427089275e-12,-2.6731477993542387e-14
8.83,3.1413765399663654e-11,-1.9750610581217836e-24,-1.2525597680298559e-13,4.249700110086521e-12,-1.6675631949232085e-14
8.839,3.146051206920142e-11,-1.9809207248682155e-24,-1.2544281326581504e-13,5.194074393084838e-12,-2.075960698105004e-14
8.85,3.150725874980572e-11,-1.986789079151016e-24,-1.2562760315473576e-13,4.2496982367547964e-12,-1.679908081097494e-14
8.86,3.1554005412788214e-11,-1.9926660685235392e-24,-1.2581234988421762e-13,4.6746662982493665e-12,-1.847467294818646e-14
8.869,3.160075208335009e-11,-1.9985517046852234e-24,-1.2599750484728338e-13,5.194074506875479e-12,-2.057277367397243e-14
8.88,3.164749878324208e-11,-2.0044460007976227e-24,-1.2618269722124672e-13,4.249699990180675e-12,-1.683567036030373e-14
8.89,3.169424546100348e-11,-2.010348957281874e-24,-1.2636814775563225e-13,4.6746677761398806e-12,-1.854505343855308e-14
8.898,3.174099211716978e-11,-2.016260613170008e-24,-1.2655500752219097e-13,5.843332020787243e-12,-2.335747081984037e-14
8.91,3.178773880563738e-11,-2.022180927830049e-24,-1.2673842797516028e-13,3.8955573722997886e-12,-1.5285037747442004e-14
8.915,3.18344854942671e-11,-2.028109937469764e-24,-1.269270107333916e-13,9.349337725944146e-12,-3.7716551646265914e-14
8.931000000000001,3.18812321951364e-11,-2.0340476448667297e-24,-1.271104843859526e-13,2.921668804331591e-12,-1.1467103285062043e-14
8.94,3.192797888784244e-11,-2.0399940514321502e-24,-1.272992383644165e-13,5.194076967337998e-12,-2.097266427376692e-14
8.951,3.197472558724805e-11,-2.0459492027281703e-24,-1.2748458046091622e-13,4.249699945964112e-12,-1.6849281499974225e-14
8.96,3.202147227715227e-11,-2.0519130132067706e-24,-1.276697626944724e-13,5.194076656024897e-12,-2.057580372846517e-14
8.97,3.2068218960480327e-11,-2.0578854828482505e-24,-1.2785508810902217e-13,4.674668332805549e-12,-1.853254145497626e-14
8.979,3.2114965639330897e-11,-2.063866615234565e-24,-1.2804041220805698e-13,5.19407542784137e-12,-2.0591566559423973e-14
8.99,3.216171231645389e-11,-2.0698564468167852e-24,-1.2822728213355167e-13,4.249697920271734e-12,-1.6988175044972085e-14
9.0,3.22084589855303e-11,-2.0758549756420604e-24,-1.2841255740113708e-13,4.6746669076407684e-12,-1.8527526758540148e-14
9.011,3.225520564427733e-11,-2.081862117026236e-24,-1.285958168950162e-13,4.249696249730104e-12,-1.6659953989012345e-14
9.021,3.230195230103504e-11,-2.0878779414122932e-24,-1.287840602259036e-13,4.674665675771554e-12,-1.882433308873828e-14
9.031,3.234869899607448e-11,-2.0939024165005114e-24,-1.289657158014872e-13,4.67466950394399e-12,-1.8165557558360392e-14
9.04,3.239544568549422e-11,-2.0999355891980777e-24,-1.2915620780228952e-13,5.1940766021938216e-12,-2.1165777866925034e-14
9.05,3.2442192416019004e-11,-2.1059775564448075e-24,-1.2934175254285227e-13,4.674673052478094e-12,-1.855447405627428e-14
9.06,3.24889391072421e-11,-2.11202814306438e-24,-1.2952519445434248e-13,4.674669122310152e-12,-1.834419114902144e-14
9.07,3.253568580837264e-11,-2.1180873896670963e-24,-1.297122043856814e-13,4.674670113053737e-12,-1.8700993133892796e-14
9.08,3.2582432487713386e-11,-2.1241553342398175e-24,-1.2989744739262735e-13,4.674667934074301e-12,-1.8524300694594086e-14
9.09,3.2629179131095014e-11,-2.1302319673640463e-24,-1.3008413351448712e-13,4.674664338163014e-12,-1.8668612185977488e-14
9.1,3.267592580872053e-11,-2.1363173010426482e-24,-1.3026949962930088e-13,4.67466776255137e-12,-1.8536611481375546e-14
9.112,3.2722672497769856e-11,-2.142411254698695e-24,-1.3045286509758964e-13,3.895557420777397e-12,-1.5280455690729937e-14
9.12,3.2769419170132525e-11,-2.148513857165686e-24,-1.3063962164223186e-13,5.843334045334023e-12,-2.3344568080277076e-14
9.13,3.2816165832254525e-11,-2.154625108043432e-24,-1.3082293419958184e-13,4.674666212199836e-12,-1.8331255734998483e-14
9.135,3.286291252274619e-11,-2.160744974473059e-24,-1.3100806881946392e-13,9.349338098333413e-12,-3.702692397641603e-14
9.15,3.29096591862769e-11,-2.166873529362755e-24,-1.3119481056548104e-13,3.116444235380784e-12,-1.2449449734474786e-14
9.16,3.2956405878823056e-11,-2.1730107819519637e-24,-1.3138002649486815e-13,4.674669254615623e-12,-1.852159293871042e-14
9.169,3.300315254798339e-11,-2.179156694610407e-24,-1.3156545256651201e-13,5.194074351147699e-12,-2.0602896849318673e-14
9.18,3.3049899221672983e-11,-2.1853112687273752e-24,-1.317505710648094e-13,4.249697608145282e-12,-1.682895439067161e-14
9.187,3.309664590283591e-11,-2.191474546317135e-24,-1.3193777798732524e-13,6.678097308990131e-12,-2.6743846073690952e-14
9.2,3.3143392511850337e-11,-2.1976465154516016e-24,-1.3212283580229633e-13,3.59589300110972e-12,-1.423521653623752e-14
9.21,3.3190139190874027e-11,-2.2038271842489585e-24,-1.32309587053876e-13,4.674667902368882e-12,-1.8675125157966546e-14
9.22,3.323688586277195e-11,-2.2100165438844093e-24,-1.32494703140975e-13,4.674667189792489e-12,-1.8511608709899642e-14
9.23,3.328363255128846e-11,-2.2162145608814828e-24,-1.3267988756331726e-13,4.674668851651279e-12,-1.8518442234227592e-14
9.24,3.3330379238552906e-11,-2.222421228939891e-24,-1.3286483535138856e-13,4.6746687264442585e-12,-1.8494778807129147e-14
9.249,3.337712592175662e-11,-2.2286365856902102e-24,-1.3305164574883047e-13,5.194075911523745e-12,-2.0756710826878953e-14
9.261,3.342387259405218e-11,-2.2348606414637293e-24,-1.3323707461895872e-13,3.895556024630251e-12,-1.5452405844021457e-14
9.27,3.347061927079383e-11,-2.241093363219968e-24,-1.334223840067187e-13,5.194075193516267e-12,-2.058993197333038e-14
9.281,3.351736596067643e-11,-2.2473347474318005e-24,-1.3360761223505727e-13,4.249699080236131e-12,-1.68389298489615e-14
9.291,3.356411267233251e-11,-2.253584793031321e-24,-1.3379282634560656e-13,4.674671165608392e-12,-1.8521411054928913e-14
9.3,3.361085933508548e-11,-2.259843532521552e-24,-1.3397984967644423e-13,5.194073639218622e-12,-2.0780370093074524e-14
9.311,3.365760596797423e-11,-2.2661110079262327e-24,-1.341667532926744e-13,4.249693898976801e-12,-1.699123783910682e-14
9.321,3.37043526548902e-11,-2.2723871859447247e-24,-1.343518704879969e-13,4.674668691597621e-12,-1.8511719532250197e-14
9.331,3.375109932478715e-11,-2.2786720219662115e-24,-1.3453727328810539e-13,4.674666989694604e-12,-1.8540280010847597e-14
9.339,3.3797846005524144e-11,-2.28496548289552e-24,-1.3472081434880564e-13,5.843335092124367e-12,-2.2942632587531467e-14
9.35,3.384459270242877e-11,-2.2912676425750795e-24,-1.3490934550684862e-13,4.249699718602617e-12,-1.713919618572583e-14
9.36,3.389133937743939e-11,-2.2975784915633153e-24,-1.35092702202523e-13,4.674667501061794e-12,-1.8335669567437637e-14
9.37,3.393808605502474e-11,-2.3038979947465544e-24,-1.3527958989036476e-13,4.674667758534995e-12,-1.8688768784175918e-14
9.38,3.398483270332567e-11,-2.3102261869845633e-24,-1.3546462249773458e-13,4.674664830092701e-12,-1.8503260736981793e-14
9.387,3.403157939660987e-11,-2.316563041953707e-24,-1.3564995369778406e-13,6.67809904059998e-12,-2.6475885721354582e-14
9.401,3.4078326070683957e-11,-2.322908550822242e-24,-1.358349805449659e-13,3.3390481481488612e-12,-1.3216203370130733e-14
9.41,3.412507276410518e-11,-2.3292627573693356e-24,-1.360219608578126e-13,5.1940770468024816e-12,-2.0775590316302337e-14
9.421,3.417181949093543e-11,-2.3356256292033137e-24,-1.3620551967073524e-13,4.249702439113926e-12,-1.668716481114867e-14
9.43,3.42185661431777e-11,-2.3419971454738023e-24,-1.3639223716828358e-13,5.194072471363674e-12,-2.0746388616481333e-14
9.447,3.4265312808546944e-11,-2.3483773544975516e-24,-1.365773521426592e-13,2.7498038452496904e-12,-1.0889116139742724e-14
9.453,3.4312059463467134e-11,-2.3547662163619334e-24,-1.3676249967304396e-13,7.791109153364596e-12,-3.0857921730792364e-14
9.461,3.435880617523672e-11,-2.3611637809935388e-24,-1.369493568159843e-13,5.843338971198189e-12,-2.3357142867541903e-14
9.469,3.440555284137961e-11,-2.3675700766724896e-24,-1.3713631420785473e-13,5.843333267861278e-12,-2.336967398380465e-14
9.481,3.445229953443685e-11,-2.3739850679244707e-24,-1.3732122845196547e-13,3.895557754769837e-12,-1.5409520342561607e-14
9.493,3.4499046205132593e-11,-2.38040870696396e-24,-1.375064306683193e-13,3.895555891312174e-12,-1.5433518029486688e-14
9.5,3.454579289472301e-11,-2.3868410065662338e-24,-1.3769164896605686e-13,6.678098512917243e-12,-2.645975681964998e-14
9.509,3.459253957204676e-11,-2.3932819981480654e-24,-1.3787837870558046e-13,5.1940752581944386e-12,-2.0747748835955515e-14
9.52,3.4639286264683854e-11,-2.3997316511181245e-24,-1.380621255833424e-13,4.249699330644758e-12,-1.6704261614722224e-14
9.53,3.468603295201029e-11,-2.406189971233935e-24,-1.3824922331338517e-13,4.674668732643564e-12,-1.870977300427632e-14
9.539,3.473277961484045e-11,-2.41265699460955e-24,-1.384346289269996e-13,5.194073647795106e-12,-2.0600623734938126e-14
9.55,3.477952627660509e-11,-2.419132683173648e-24,-1.3861995934291497e-13,4.249696524058539e-12,-1.68482196286687e-14
9.56,3.4826272987932176e-11,-2.425617037271526e-24,-1.3880507928738877e-13,4.674671132708524e-12,-1.851199444738023e-14
9.57,3.4873019691989615e-11,-2.4321100457542077e-24,-1.3899026965117084e-13,4.674670405743738e-12,-1.8519036378207537e-14
9.58,3.491976639191619e-11,-2.4386117104441236e-24,-1.3917544900395475e-13,4.674669992657599e-12,-1.8517935278391114e-14
9.59,3.4966513070109024e-11,-2.445122067119493e-24,-1.3936227504626065e-13,4.674667819283139e-12,-1.8682604230589155e-14
9.6,3.501325974072376e-11,-2.4516411189086284e-24,-1.3954750412765407e-13,4.674667061473201e-12,-1.8522908139342282e-14
9.61,3.5060006470400983e-11,-2.4581688867101388e-24,-1.3973482627632998e-13,4.674672967722687e-12,-1.8732214867590768e-14
9.619,3.5106753173258254e-11,-2.4647053631070113e-24,-1.399202508669897e-13,5.19407809525207e-12,-2.0602732295525517e-14
9.629,3.5153499858849603e-11,-2.4712505438817073e-24,-1.4010733576931407e-13,4.6746685591349855e-12,-1.8708490232436424e-14
9.64,3.520024653357045e-11,-2.477804422451102e-24,-1.4029244062257243e-13,4.2496977018949244e-12,-1.6827713932577725e-14
9.65,3.524699323106512e-11,-2.4843669224487453e-24,-1.4047605637731805e-13,4.674669749466912e-12,-1.8361575474562903e-14
9.66,3.5293739894218213e-11,-2.490938076656053e-24,-1.406629068803142e-13,4.674666315309552e-12,-1.8685050299613728e-14
9.671,3.534048656981686e-11,-2.4975178937387064e-24,-1.4084661217706333e-13,4.249697781695294e-12,-1.670048152264907e-14
9.678,3.5387233279271826e-11,-2.504106378867471e-24,-1.4103355460179541e-13,6.678101350709818e-12,-2.6706060676011674e-14
9.688,3.5433979973744703e-11,-2.5107035975503315e-24,-1.4122035692079295e-13,4.674669447287495e-12,-1.868023189975331e-14
9.7,3.548072666361508e-11,-2.5173095098763786e-24,-1.4140552929124605e-13,3.895557489197987e-12,-1.5431030871091912e-14
9.709,3.552747333343626e-11,-2.5239241152785943e-24,-1.4159240093641614e-13,5.1940744245760635e-12,-2.0763516130010237e-14
9.72,3.557421996090176e-11,-2.530547408850043e-24,-1.4177749890660536e-13,4.24969340595422e-12,-1.6827088199020026e-14
9.729,3.562096664529786e-11,-2.5371792901561357e-24,-1.4195947160867746e-13,5.194076044011885e-12,-2.021918911912202e-14
9.74,3.5667713344148516e-11,-2.543819876656575e-24,-1.4214985220280966e-13,4.249699895513991e-12,-1.7307326739290747e-14
9.75,3.5714460038592694e-11,-2.5504692113048757e-24,-1.4233377716871938e-13,4.6746694444175915e-12,-1.8392496590972222e-14
9.76,3.576120672231242e-11,-2.557127216884955e-24,-1.425208927367797e-13,4.674668371972551e-12,-1.8711556806032098e-14
9.769,3.580795341988151e-11,-2.5637938883040562e-24,-1.4270445004800556e-13,5.1940775076771895e-12,-2.0395256802873567e-14
9.779,3.585470011703791e-11,-2.5704692180782765e-24,-1.4289133234008205e-13,4.6746697156397746e-12,-1.868822920764854e-14
9.79,3.59014468104904e-11,-2.5771532893977506e-24,-1.430784689793112e-13,4.249699404772172e-12,-1.7012421748104143e-14
9.8,3.59481934729425e-11,-2.5838460599474273e-24,-1.4326370813483801e-13,4.6746662452097185e-12,-1.8523915552682023e-14
9.81,3.5994940118947175e-11,-2.5905474410741507e-24,-1.4344696308862057e-13,4.674664600467777e-12,-1.8325495378255162e-14
9.82,3.6041686793210505e-11,-2.5972574768148008e-24,-1.4363381202070144e-13,4.674667426333057e-12,-1.8684893208087116e-14
9.829,3.60884334364928e-11,-2.6039761614233397e-24,-1.4381718496173985e-13,5.194071475810447e-12,-2.037477122649034e-14
9.839,3.6135180089129235e-11,-2.610703459146038e-24,-1.440022563582225e-13,4.674665263643289e-12,-1.8507139648265955e-14
9.85,3.618192677479781e-11,-2.6174394548230985e-24,-1.441891129644219e-13,4.249698697142846e-12,-1.6986964199945505e-14
9.859,3.6228673474559964e-11,-2.6241841527043323e-24,-1.4437448256424684e-13,5.1940777513508105e-12,-2.059662220277042e-14
9.870000000000001,3.6275420172538957e-11,-2.6309375137257758e-24,-1.445597657746852e-13,4.249699816271968e-12,-1.6843928221667917e-14
9.88,3.632216687597211e-11,-2.6376995322025328e-24,-1.4474484739134828e-13,4.674670343314763e-12,-1.8508161666308913e-14
9.89,3.6368913562565236e-11,-2.64447019516446e-24,-1.449297137537784e-13,4.674668659313174e-12,-1.8486636243011447e-14
9.901,3.641566021103033e-11,-2.651249540519526e-24,-1.4511654956832985e-13,4.249695315008493e-12,-1.6985074050132696e-14
9.91,3.6462406890683135e-11,-2.6580376276510198e-24,-1.4530352654869747e-13,5.1940755169788125e-12,-2.0775220040846375e-14
9.918,3.6509153604556874e-11,-2.6648344109031982e-24,-1.4548838967182212e-13,5.8433392342173265e-12,-2.310789039058089e-14
9.93,3.655590025578534e-11,-2.671639836364843e-24,-1.4567366291605758e-13,3.895554269038663e-12,-1.5439437019621652e-14
9.932,3.660264694277272e-11,-2.6784539264467373e-24,-1.4585887215891367e-13,2.3373343493693352e-11,-9.260462142804405e-14
9.95,3.664939361309238e-11,-2.6852767094150495e-24,-1.4604568154117336e-13,2.5970372399808896e-12,-1.0378299014427189e-14
9.959,3.669614029537457e-11,-2.6921081859246158e-24,-1.4623074005928103e-13,5.194075809132571e-12,-2.056205756751972e-14
9.971,3.6742886951570294e-11,-2.698948315558365e-24,-1.4641605825333813e-13,3.89555468297673e-12,-1.5443182838091777e-14
9.98,3.678963360691361e-11,-2.705797103734463e-24,-1.4660119082250712e-13,5.1940728159243794e-12,-2.057028546322108e-14
9.99,3.6836380314333896e-11,-2.7126545565135205e-24,-1.4678643613503704e-13,4.674670742028227e-12,-1.852453125299176e-14
10.0,3.6883127027738314e-11,-2.719520709873881e-24,-1.469733968166048e-13,4.674671340442114e-12,-1.8696068156775856e-14
10.011,3.692987369652662e-11,-2.7263955919570265e-24,-1.4716016441228074e-13,4.249697162573165e-12,-1.6978872334176608e-14
10.02,3.697662034890419e-11,-2.733279161748128e-24,-1.4734519334051664e-13,5.194072486397222e-12,-2.0558769803988838e-14
10.03,3.702336700898807e-11,-2.7401713886373097e-24,-1.4753049946041688e-13,4.674666008387909e-12,-1.853061199002404e-14
10.04,3.7070113697582815e-11,-2.7470722820793356e-24,-1.4771580137817345e-13,4.67466885947434e-12,-1.853019177565653e-14
10.05,3.711686036822186e-11,-2.7539818732597994e-24,-1.4790273512965213e-13,4.674667063904285e-12,-1.869337514786805e-14
10.061,3.716360705983583e-11,-2.7609001287761573e-24,-1.4808636174541153e-13,4.249699237633562e-12,-1.6693328705399866e-14
10.07,3.7210353688220445e-11,-2.7678270324700472e-24,-1.482731376776122e-13,5.19406982051313e-12,-2.075288135563014e-14
10.08,3.725710035772959e-11,-2.7747626366164306e-24,-1.4845833941833719e-13,4.674666950915136e-12,-1.8520174072498803e-14
10.089,3.730384700148046e-11,-2.7817068948906744e-24,-1.4864355783240943e-13,5.194071527874114e-12,-2.0579823785804817e-14
10.101,3.735059371011645e-11,-2.7886598189409436e-24,-1.488286815250702e-13,3.895559052998789e-12,-1.5426974388397278e-14
10.11,3.739734041313717e-11,-2.7956214386963394e-24,-1.4901562857781167e-13,5.194078113413739e-12,-2.077189474905232e-14
10.12,3.7444087108031464e-11,-2.802591758463043e-24,-1.4920095261431162e-13,4.674669489429452e-12,-1.8532403649995638e-14
10.129,3.749083380057275e-11,-2.8095707425799023e-24,-1.4938633720069712e-13,5.1940769490320305e-12,-2.059828737616657e-14
10.141,3.7537580488070094e-11,-2.8165583890874312e-24,-1.495715946495879e-13,3.8955572914452966e-12,-1.543812074089756e-14
10.15,3.7584327153667796e-11,-2.8235546938075297e-24,-1.4975690849151695e-13,5.1940739552999576e-12,-2.0590426881006305e-14
10.161,3.7631073796870145e-11,-2.8305596500604442e-24,-1.4994188368027693e-13,4.249694836577002e-12,-1.6815926250906793e-14
10.171,3.7677820430929596e-11,-2.8375732567881626e-24,-1.501270675429819e-13,4.6746634059449395e-12,-1.851838627049627e-14
10.178,3.772456712513329e-11,-2.8445955719881567e-24,-1.5031407892162218e-13,6.6780991719562624e-12,-2.671591123432801e-14
10.19,3.77713137836971e-11,-2.851626620319376e-24,-1.5050093319831553e-13,3.8955548803175535e-12,-1.557118972444578e-14
10.2,3.781806045169182e-11,-2.8586663253574157e-24,-1.506843850295211e-13,4.6746667994716005e-12,-1.8345183120556634e-14
10.21,3.786480713212181e-11,-2.865714693311383e-24,-1.5087148542516992e-13,4.674668042999512e-12,-1.8710039564882168e-14
10.22,3.7911553835053194e-11,-2.872771810360064e-24,-1.5105855909755794e-13,4.674670293137988e-12,-1.870736723880163e-14
10.23,3.795830056394287e-11,-2.8798376375911634e-24,-1.5124397196399128e-13,4.674672888968061e-12,-1.8541286643333686e-14
10.241,3.800504724389086e-11,-2.886912121791313e-24,-1.514292535151715e-13,4.249698177089507e-12,-1.6843777380020626e-14
10.25,3.805179391005443e-11,-2.893995258167392e-24,-1.5161423417629368e-13,5.194074018174876e-12,-2.0553406791353144e-14
10.261,3.8098540572434775e-11,-2.9010870431792676e-24,-1.5179929957184567e-13,4.249696580031219e-12,-1.68241268683631e-14
10.27,3.8145287231285824e-11,-2.9081874781997568e-24,-1.5198433737698685e-13,5.194073205672123e-12,-2.055975612679752e-14
10.28,3.819203390404876e-11,-2.915296606170517e-24,-1.5217112655572404e-13,4.674667276293247e-12,-1.8678917873718927e-14
10.29,3.823878059043646e-11,-2.922414429043203e-24,-1.5235624950908386e-13,4.674668638770558e-12,-1.85122953359815e-14
10.3,3.8285527231650516e-11,-2.9295408599979407e-24,-1.5253970749050963e-13,4.674664121405298e-12,-1.834579814257726e-14
10.315,3.8332273902822905e-11,-2.9366759950033794e-24,-1.5272844643327844e-13,3.1164447448258826e-12,-1.2582596184587575e-14
10.319,3.837902064018508e-11,-2.943819921098188e-24,-1.5291539088784558e-13,1.1686684340543291e-11,-4.67361136417854e-14
10.326,3.842576733375689e-11,-2.9509725392592648e-24,-1.5310061215155504e-13,6.678099081687222e-12,-2.646018052992194e-14
10.34,3.847251403005422e-11,-2.958133819040769e-24,-1.532859498401747e-13,3.3390497355232276e-12,-1.3238406329975225e-14
10.35,3.851926071863085e-11,-2.9653037576998486e-24,-1.534711222602917e-13,4.674668857662814e-12,-1.8517242011700875e-14
10.36,3.8566007397291066e-11,-2.972482349140892e-24,-1.5365621370389354e-13,4.674667866021739e-12,-1.850914436018353e-14
10.37,3.8612754090778345e-11,-2.979669598417501e-24,-1.5384143973186554e-13,4.674669348727684e-12,-1.85226027972009e-14
10.38,3.8659500736006854e-11,-2.986865540382743e-24,-1.5402843756376897e-13,4.674664522850938e-12,-1.8699783190342954e-14
10.39,3.870624742663402e-11,-2.994070190837154e-24,-1.5421372280099836e-13,4.674669062716752e-12,-1.8528523722938834e-14
10.4,3.875299410193008e-11,-3.001283458655854e-24,-1.543972221706708e-13,4.674667529605729e-12,-1.8349936967242555e-14
10.409,3.8799740766099777e-11,-3.008505383767787e-24,-1.5458418816981872e-13,5.194073796632931e-12,-2.0773999905325548e-14
10.421,3.884648743610662e-11,-3.015735966037489e-24,-1.547675696620187e-13,3.895555833904116e-12,-1.528179101666467e-14
10.429,3.889323413033976e-11,-3.022975208740499e-24,-1.5495455387065446e-13,5.843336779142166e-12,-2.3373026079471416e-14
10.442,3.893998084597844e-11,-3.0302231978321073e-24,-1.5514163118032108e-13,3.5959012029751796e-12,-1.4390562282047377e-14
10.452,3.898672753149966e-11,-3.0374798798010802e-24,-1.5532666782578813e-13,4.674668552121735e-12,-1.8503664546705314e-14
10.46,3.9033474223999336e-11,-3.0447452517469704e-24,-1.555133748549026e-13,5.843336562459619e-12,-2.3338378639307626e-14
10.47,3.9080220924684224e-11,-3.0520192796407317e-24,-1.5569694746470156e-13,4.674670068488968e-12,-1.8357260979896458e-14
10.48,3.912696757327919e-11,-3.059301919525187e-24,-1.5588217546047006e-13,4.6746648594964904e-12,-1.8522799576849766e-14
10.491,3.917371424758345e-11,-3.066593301957877e-24,-1.5607081547240452e-13,4.249697664023964e-12,-1.7149091994041633e-14
10.5,3.922046093442308e-11,-3.073893383027083e-24,-1.5625425236611788e-13,5.1940763155141604e-12,-2.0381877079262336e-14
10.513,3.9267207613707094e-11,-3.0812020833794378e-24,-1.5643963153311377e-13,3.5958984064623715e-12,-1.425993592276143e-14
10.518,3.931395427775466e-11,-3.0885194416484277e-24,-1.5662477287205162e-13,9.349332809513457e-12,-3.70282677875688e-14
10.531,3.936070096795224e-11,-3.095845465422385e-24,-1.568101994433457e-13,3.5958992459676577e-12,-1.4263582407236738e-14
10.54,3.940744762209612e-11,-3.1031801789010766e-24,-1.5699679329314198e-13,5.194072682653175e-12,-2.0732649977364583e-14
10.551,3.945419431350461e-11,-3.1105235863366997e-24,-1.5718190959964235e-13,4.249699218952816e-12,-1.6828755136397638e-14
10.561,3.950094100778585e-11,-3.117875652773216e-24,-1.5736723872231045e-13,4.674669428124614e-12,-1.8532912266809675e-14
10.57,3.954768772485836e-11,-3.1252363834757385e-24,-1.5755244605917698e-13,5.194079674723579e-12,-2.0578592985170646e-14
10.58,3.959443441498921e-11,-3.1326057682782168e-24,-1.5773767530987773e-13,4.674669013084675e-12,-1.8522925070074454e-14
10.591,3.964118110407772e-11,-3.139983856593103e-24,-1.5792482223797636e-13,4.2496990080465745e-12,-1.7013357099875915e-14
10.6,3.968792778039688e-11,-3.1473706811930637e-24,-1.5811153292567758e-13,5.194075146572849e-12,-2.0745631966801783e-14
10.61,3.9734674417620516e-11,-3.1547661924609233e-24,-1.5829673543720255e-13,4.674663722363858e-12,-1.85202511524967e-14
10.618,3.978142108626493e-11,-3.1621703654330193e-24,-1.5848190085096744e-13,5.843333580551575e-12,-2.3145676720611717e-14
10.63,3.982816777029779e-11,-3.1695831566733187e-24,-1.586653532768166e-13,3.8955570027378934e-12,-1.5287702154097428e-14
10.638,3.987491447540294e-11,-3.177004645549904e-24,-1.588538755069669e-13,5.843338138144077e-12,-2.3565278768785114e-14
10.65,3.992166112806627e-11,-3.184434859730784e-24,-1.590390112582997e-13,3.895554388611067e-12,-1.542797927773385e-14
10.66,3.9968407782697246e-11,-3.191873725563158e-24,-1.592240127419071e-13,4.674665463097628e-12,-1.850014836074114e-14
10.67,4.001515444890132e-11,-3.1993212526999882e-24,-1.5940949598013549e-13,4.67466662040685e-12,-1.8548323822837876e-14
10.68,4.006190114685933e-11,-3.2067774523996846e-24,-1.5959484124139513e-13,4.674669795801848e-12,-1.853452612596458e-14
10.69,4.010864783323763e-11,-3.2142423155877955e-24,-1.5978023179383733e-13,4.674668637829227e-12,-1.8539055244220168e-14
10.7,4.0155394517913185e-11,-3.221715918667124e-24,-1.5996877848136914e-13,4.674668467555752e-12,-1.885466875318042e-14
10.71,4.020214119029968e-11,-3.2291981765358863e-24,-1.6015060057942813e-13,4.674667238649911e-12,-1.818220980589879e-14
10.72,4.024888784851013e-11,-3.2366890865731367e-24,-1.6033904826465715e-13,4.674665821044735e-12,-1.8844768522902344e-14
10.729,4.029563451739759e-11,-3.2441886921486988e-24,-1.6052255552652596e-13,5.194074320828314e-12,-2.0389695763201475e-14
10.74,4.034238121185387e-11,-3.251696959187377e-24,-1.6070944284289746e-13,4.24969949602561e-12,-1.69897560337728e-14
10.75,4.0389127892266824e-11,-3.2592139167633555e-24,-1.6089446612238312e-13,4.67466804129552e-12,-1.8502327948565973e-14
10.76,4.0435874594161534e-11,-3.266739569067914e-24,-1.610812882959322e-13,4.67467018947075e-12,-1.8682217354907234e-14
10.77,4.048262127168246e-11,-3.2742739141620516e-24,-1.612665444785087e-13,4.6746677520924986e-12,-1.852561825765105e-14
10.779,4.05293679515922e-11,-3.2818169205525466e-24,-1.6145183488270523e-13,5.194075545527113e-12,-2.0587822688502767e-14
10.791,4.057611462709566e-11,-3.289368580104542e-24,-1.6163678995165337e-13,3.895556291955035e-12,-1.5412922412344788e-14
10.799,4.0622861312728576e-11,-3.296928932342727e-24,-1.6182367086276836e-13,5.84333570411446e-12,-2.336011388937341e-14
10.806000000000001,4.0669608006580694e-11,-3.3044979403776168e-24,-1.6200706073225652e-13,6.6780991217310374e-12,-2.6198552784023456e-14
10.82,4.0716354689839813e-11,-3.312075609049069e-24,-1.6219427904832502e-13,3.339048804222732e-12,-1.3372736862035692e-14
10.83,4.0763101336462555e-11,-3.319661982929547e-24,-1.6237975689062265e-13,4.6746646622742985e-12,-1.854778422976335e-14
10.84,4.080984797160905e-11,-3.3272570169986895e-24,-1.6256487475361226e-13,4.674663514649293e-12,-1.8511786298960823e-14
10.85,4.085659467324345e-11,-3.334860713449248e-24,-1.6274990403124925e-13,4.674670163440203e-12,-1.850292776369852e-14
10.86,4.090334138076658e-11,-3.342473060832565e-24,-1.629349532199177e-13,4.67467075231339e-12,-1.8504918866844092e-14
10.870000000000001,4.095008804441186e-11,-3.35009405372218e-24,-1.6312009735839869e-13,4.67466636452804e-12,-1.8514413848099836e-14
10.88,4.0996834710359654e-11,-3.3577237390700296e-24,-1.633068335534383e-13,4.6746665947791405e-12,-1.8673619503961526e-14
10.89,4.1043581376435615e-11,-3.3653621195113085e-24,-1.63492105599453e-13,4.6746666075958905e-12,-1.852720460146885e-14
10.899000000000001,4.109032805120288e-11,-3.373009205538938e-24,-1.6367923078765693e-13,5.1940749741401574e-12,-2.0791687578215475e-14
10.91,4.1137074716869684e-11,-3.380664994627534e-24,-1.6386451931269762e-13,4.249696878800208e-12,-1.6844411367335313e-14
10.92,4.1183821392778864e-11,-3.388329485225896e-24,-1.6405144259455129e-13,4.6746675909180106e-12,-1.869232818536674e-14
10.929,4.123056812507016e-11,-3.3960026869457974e-24,-1.6423681815854698e-13,5.194081365699954e-12,-2.0597284888410092e-14
10.941,4.12773148140226e-11,-3.403684549023091e-24,-1.644222697657527e-13,3.8955574127027365e-12,-1.545430060047635e-14
10.95,4.132406152517001e-11,-3.4113750828763515e-24,-1.6460767328236502e-13,5.194079016379261e-12,-2.060039073470363e-14
10.96,4.1370808198493164e-11,-3.4190742704853195e-24,-1.64792776488409e-13,4.6746673323157085e-12,-1.8510320604398247e-14
10.97,4.14175548820375e-11,-3.426782113768856e-24,-1.6497792376786024e-13,4.6746683544334265e-12,-1.8514727945123045e-14
10.981,4.146430155965516e-11,-3.4344986477176394e-24,-1.6516463788743456e-13,4.249697965241408e-12,-1.6974010870392718e-14
10.99,4.151104823128052e-11,-3.4422238691058e-24,-1.653496477101475e-13,5.1940746250400675e-12,-2.0556646968104385e-14
11.0,4.1557794883372325e-11,-3.44995778384664e-24,-1.6553671076749213e-13,4.6746652091808905e-12,-1.8706305734463638e-14
11.01,4.160454153836301e-11,-3.457700399470471e-24,-1.6572188411477938e-13,4.674665499068818e-12,-1.8517334728724303e-14
11.02,4.165128821142489e-11,-3.465451601044927e-24,-1.6590392224779746e-13,4.674667306187555e-12,-1.8203813301808365e-14
11.03,4.1698034919721965e-11,-3.4732115192899246e-24,-1.6609456610281372e-13,4.674670829707303e-12,-1.906438550162588e-14
11.039,4.174478161387802e-11,-3.480980184682277e-24,-1.662782586542978e-13,5.194077128450723e-12,-2.0410283498230327e-14
11.051,4.179152827260461e-11,-3.488757509127864e-24,-1.6646528526718962e-13,3.8955548938826265e-12,-1.5585551074318838e-14
11.06,4.1838274947563335e-11,-3.496543540589837e-24,-1.6665066228834666e-13,5.194074995413863e-12,-2.059744679522641e-14
11.07,4.1885021633659064e-11,-3.504338235934577e-24,-1.668358795716299e-13,4.6746686095731506e-12,-1.852172832832517e-14
11.08,4.193176831246824e-11,-3.51214162599472e-24,-1.6702270713128284e-13,4.674667880917607e-12,-1.8682755965293312e-14
11.091,4.1978514976724755e-11,-3.519953705959033e-24,-1.6720777063907632e-13,4.2496967505921015e-12,-1.682395525395312e-14
11.099,4.202526164703254e-11,-3.5277744064798985e-24,-1.673914839975939e-13,5.843333788473246e-12,-2.2964169814697284e-14
11.11,4.2072008317576996e-11,-3.535603768053874e-24,-1.6757832167144886e-13,4.249697322223159e-12,-1.6985243077723767e-14
11.12,4.21187549956033e-11,-3.543441785925623e-24,-1.6776177960112622e-13,4.674667802630339e-12,-1.834579296773555e-14
11.13,4.216550169911465e-11,-3.551288428215493e-24,-1.6794712393538108e-13,4.674670351134929e-12,-1.8534433425485775e-14
11.14,4.221224837288494e-11,-3.55914376686694e-24,-1.6813405651596907e-13,4.67466737702937e-12,-1.869325805879889e-14
11.15,4.225899502841081e-11,-3.567007797740058e-24,-1.683191414573688e-13,4.674665552586577e-12,-1.8508494139974388e-14
11.16,4.230574169931598e-11,-3.5748804931931715e-24,-1.6850464944249193e-13,4.674667090517167e-12,-1.8550798512311644e-14
11.17,4.235248839884636e-11,-3.58276185893987e-24,-1.6868988304326935e-13,4.674669953037715e-12,-1.8523360077742262e-14
11.182,4.2399235109681656e-11,-3.590651879873328e-24,-1.6887486931998838e-13,3.89555923627513e-12,-1.5415523059919186e-14
11.191,4.2445981803098754e-11,-3.5985505912376344e-24,-1.6906181825830457e-13,5.194077046344316e-12,-2.0772104257354053e-14
11.2,4.2492728447470976e-11,-3.606458027472565e-24,-1.6924850716170804e-13,5.1940715969138255e-12,-2.074321148927456e-14
11.21,4.253947512500861e-11,-3.614374156119942e-24,-1.6943347257918193e-13,4.6746677537634034e-12,-1.8496541747388867e-14
11.22,4.2586221829918026e-11,-3.622298942990475e-24,-1.6961874022975738e-13,4.674670490941687e-12,-1.852676505754539e-14
11.23,4.263296848618546e-11,-3.630232378757407e-24,-1.6980385810733844e-13,4.674665626743732e-12,-1.851178775810611e-14
11.235,4.2679715124405546e-11,-3.6381745023563076e-24,-1.6999056995434982e-13,9.349327644017032e-12,-3.734236940227581e-14
11.251,4.272646178646716e-11,-3.6461253262399886e-24,-1.7017591608057568e-13,2.9216663788508856e-12,-1.1584132889116418e-14
11.26,4.2773208474561965e-11,-3.654084815897537e-24,-1.7036113507503092e-13,5.19407645497865e-12,-2.0579888272803913e-14
11.269,4.2819955149546694e-11,-3.66205296403812e-24,-1.7054645431762217e-13,5.194074998303481e-12,-2.059102695458343e-14
11.28,4.286670184577376e-11,-3.670029772682457e-24,-1.7073150918131206e-13,4.249699657005484e-12,-1.6823169426354052e-14
11.286,4.2913448516831536e-11,-3.678015271826122e-24,-1.7091845061134292e-13,7.791111842963036e-12,-3.1156905005143435e-14
11.3,4.296019524717857e-11,-3.686009524280039e-24,-1.711055752219101e-13,3.339052167645159e-12,-1.336604361194056e-14
11.31,4.300694192503518e-11,-3.694012468749459e-24,-1.7129071201664854e-13,4.674667785661142e-12,-1.8513679473845107e-14
11.32,4.3053688608929065e-11,-3.702024069453227e-24,-1.7147587745754495e-13,4.674668389388426e-12,-1.8516544089640773e-14
11.329,4.3100435274797876e-11,-3.710044318533071e-24,-1.7166085457598494e-13,5.194073985423578e-12,-2.05530131599991e-14
11.34,4.314718192267136e-11,-3.718073248785277e-24,-1.7184742323402874e-13,4.249695261225961e-12,-1.6960787094890455e-14
11.35,4.3193928587206354e-11,-3.7261108324325164e-24,-1.7203095727474493e-13,4.674666453499173e-12,-1.8353404071619115e-14
11.36,4.324067524394419e-11,-3.734157072956948e-24,-1.7221785476570267e-13,4.674665673783839e-12,-1.8689749095773906e-14
11.37,4.3287421933516836e-11,-3.7422120183186396e-24,-1.7240314130177101e-13,4.6746689572648726e-12,-1.8528653606834578e-14
11.38,4.333416866504931e-11,-3.750275634260888e-24,-1.7258850529698408e-13,4.674673153247304e-12,-1.853639952130646e-14
11.39,4.338091538210152e-11,-3.758347908965586e-24,-1.727737025210713e-13,4.6746717052204924e-12,-1.8519722408723393e-14
11.399000000000001,4.342766207468503e-11,-3.766428877041063e-24,-1.7296062129406272e-13,5.1940769537235235e-12,-2.076875255460067e-14
11.406,4.3474408757088996e-11,-3.7745185005425126e-24,-1.731440896902549e-13,6.678097486280342e-12,-2.6209770884598093e-14
11.42,4.3521155417395864e-11,-3.782616776859934e-24,-1.7333098528878882e-13,3.3390471647764596e-12,-1.3349685609565608e-14
11.428,4.3567902085001495e-11,-3.790723748447344e-24,-1.7351605227130336e-13,5.8433334507038655e-12,-2.3133372814316724e-14
11.437,4.361464877294364e-11,-3.798839376828192e-24,-1.7370120474127984e-13,5.194076438016392e-12,-2.0572496664053328e-14
11.449,4.366139543491863e-11,-3.8069636972896245e-24,-1.7388812541364335e-13,3.895555164582307e-12,-1.557672269695945e-14
11.46,4.3708142086178446e-11,-3.815096715206902e-24,-1.7407339474203886e-13,4.249695569074385e-12,-1.684266621777355e-14
11.469,4.375488873922793e-11,-3.823238395594759e-24,-1.7425872560201785e-13,5.194072561053488e-12,-2.059231777544363e-14
11.48,4.380163539191483e-11,-3.831388781836673e-24,-1.7444586706708485e-13,4.249695698809017e-12,-1.7012860460636596e-14
11.49,4.384838205275864e-11,-3.839547872101676e-24,-1.746310559783378e-13,4.674666084380992e-12,-1.8518891125294497e-14
11.5,4.3895128757101855e-11,-3.8477156675917505e-24,-1.7481798454035002e-13,4.674670434322001e-12,-1.869285620122212e-14
11.51,4.394187546207659e-11,-3.8558921205527144e-24,-1.7500145045010342e-13,4.674670497473519e-12,-1.834659097534034e-14
11.52,4.3988622154898566e-11,-3.864077227129351e-24,-1.7518830983122905e-13,4.674669282197547e-12,-1.8685938112562657e-14
11.53,4.403536886590553e-11,-3.872271034405439e-24,-1.7537356284758979e-13,4.674671100696221e-12,-1.8525301636073522e-14
11.54,4.4082115547879793e-11,-3.880473491846428e-24,-1.7555861434971695e-13,4.6746681974262745e-12,-1.85051502127168e-14
11.55,4.41288622160878e-11,-3.888684601134989e-24,-1.7574382508937292e-13,4.6746668208004526e-12,-1.852107396559663e-14
11.56,4.4175608867765215e-11,-3.896904362727495e-24,-1.7592891713089399e-13,4.674665167741623e-12,-1.8509204152106626e-14
11.57,4.4222355547977163e-11,-3.90513282678306e-24,-1.7611593474981794e-13,4.674668021194618e-12,-1.870176189239567e-14
11.581,4.426910223125309e-11,-3.913369993938834e-24,-1.7630124561581583e-13,4.249698479630064e-12,-1.6846442363444674e-14
11.592,4.4315848907558246e-11,-3.9216157837560834e-24,-1.7648489744268374e-13,4.249697845922861e-12,-1.66956206243551e-14
11.6,4.436259558825691e-11,-3.929870273051904e-24,-1.766734090916058e-13,5.84333508733344e-12,-2.356395611525606e-14
11.61,4.4409342262930686e-11,-3.938133534018576e-24,-1.7686022829921605e-13,4.674667467377345e-12,-1.8681920761026293e-14
11.62,4.445608893249255e-11,-3.946405493307986e-24,-1.7704559502210682e-13,4.674666956185931e-12,-1.8536672289076333e-14
11.632,4.450283558891943e-11,-3.954686113595279e-24,-1.7723087821593539e-13,3.895554702240043e-12,-1.5440266152380955e-14
11.64,4.4549582270773614e-11,-3.962975398667045e-24,-1.774161145962051e-13,5.843335231773135e-12,-2.315454753371272e-14
11.65,4.4596328954889945e-11,-3.9712733450291305e-24,-1.7760142382150677e-13,4.674668411633379e-12,-1.853092253016809e-14
11.659,4.46430756188483e-11,-3.9795799482856114e-24,-1.7778664253898885e-13,5.194073773150192e-12,-2.0579857498009104e-14
11.67,4.46898223195521e-11,-3.987895255471847e-24,-1.779735313788947e-13,4.249700063982106e-12,-1.698989453689429e-14
11.68,4.473656897668138e-11,-3.996219252146938e-24,-1.7815874358017877e-13,4.674665712928093e-12,-1.8521220128408343e-14
11.69,4.478331560773688e-11,-4.004551858064292e-24,-1.7834206639096186e-13,4.6746631055497506e-12,-1.8332281078308514e-14
11.7,4.483006225415959e-11,-4.0128931182227494e-24,-1.7852888786021627e-13,4.674664642271003e-12,-1.8682146925440957e-14
11.71,4.4876808940277635e-11,-4.0212431163952154e-24,-1.7871560863227485e-13,4.674668611804057e-12,-1.8672077205857894e-14
11.721,4.492355565209675e-11,-4.029601814272976e-24,-1.7890089753417903e-13,4.249701074464814e-12,-1.684444562765278e-14
11.732,4.4970302362980825e-11,-4.0379691726972075e-24,-1.7908614651608214e-13,4.249700989461479e-12,-1.684081653664681e-14
11.74,4.501704905881879e-11,-4.0463451885681495e-24,-1.7927141098810027e-13,5.843336979745872e-12,-2.3158059002266595e-14
11.75,4.506379578076947e-11,-4.054729868448367e-24,-1.794566251322993e-13,4.674672195068166e-12,-1.8521414419901563e-14
11.76,4.5110542466576966e-11,-4.063123203008247e-24,-1.796419682714767e-13,4.6746685807496285e-12,-1.8534313917741312e-14
11.769,4.5157289123414276e-11,-4.071525273602465e-24,-1.7983060849305182e-13,5.194072981923444e-12,-2.096002461945716e-14
11.779,4.520403578460491e-11,-4.079936081583747e-24,-1.8001575345282393e-13,4.674666119063021e-12,-1.8514495977211424e-14
11.79,4.5250782451791805e-11,-4.088355503699573e-24,-1.8019910773352797e-13,4.249697016990505e-12,-1.6668570973094865e-14
11.8,4.529752909266318e-11,-4.0967835353073775e-24,-1.803843032112384e-13,4.674664087137273e-12,-1.8519547771042032e-14
11.81,4.5344275765557655e-11,-4.105220268991024e-24,-1.8057116853714566e-13,4.674667289447488e-12,-1.86865325907268e-14
11.82,4.5391022440324926e-11,-4.113665699383223e-24,-1.8075636691835932e-13,4.674667476726968e-12,-1.8519838121365326e-14
11.831,4.543776915109047e-11,-4.1221197950668404e-24,-1.809416240277421e-13,4.249700978685571e-12,-1.6841555398434848e-14
11.84,4.5484515858301586e-11,-4.130582548935129e-24,-1.8112682413349498e-13,5.194078579013026e-12,-2.0577789528097613e-14
11.851,4.5531262537955394e-11,-4.139053955309257e-24,-1.813120244378043e-13,4.249698150346006e-12,-1.6836391300847256e-14
11.858,4.557800923331503e-11,-4.147534020528029e-24,-1.814971604054283e-13,6.6780993370910545e-12,-2.6447995374857408e-14
11.870000000000001,4.5624755927891686e-11,-4.1560227437023854e-24,-1.8168245052666287e-13,3.8955578813880966e-12,-1.54408434362139e-14
11.881,4.5671502609820505e-11,-4.164520167542657e-24,-1.818695060896519e-13,4.2496983571655985e-12,-1.700505118082082e-14
11.89,4.571824928797853e-11,-4.173026335042545e-24,-1.820565667377834e-13,5.194075350891515e-12,-2.0784516459055417e-14
11.9,4.576499595496212e-11,-4.181541118872127e-24,-1.8223823240033828e-13,4.67466669835911e-12,-1.8166566255488583e-14
11.91,4.581174263113948e-11,-4.190064561120567e-24,-1.8242693506961597e-13,4.67466761773562e-12,-1.8870266927768622e-14
11.92,4.585848932490484e-11,-4.198596791016587e-24,-1.826140639301048e-13,4.674669376535842e-12,-1.8712886048882846e-14
11.93,4.590523601861767e-11,-4.207137723137335e-24,-1.827992494997466e-13,4.674669371283245e-12,-1.8518556964181077e-14
11.94,4.5951982730591424e-11,-4.215687314884118e-24,-1.8298441252904757e-13,4.674671197375437e-12,-1.8516302930096065e-14
11.95,4.599872940880351e-11,-4.224245554227971e-24,-1.8316949064352717e-13,4.674667821208402e-12,-1.8507811447960797e-14
11.96,4.604547609152798e-11,-4.232812451447575e-24,-1.8335479387514433e-13,4.674668272447007e-12,-1.8530323161715094e-14
11.97,4.6092222794934355e-11,-4.24138801582036e-24,-1.8354014193399497e-13,4.674670340637594e-12,-1.853480588506408e-14
11.98,4.613896948961164e-11,-4.249972280555351e-24,-1.8372709671263643e-13,4.674669467727955e-12,-1.8695477864146116e-14
11.989,4.61857161668508e-11,-4.258565285724289e-24,-1.8391422782368519e-13,5.194075248795829e-12,-2.079234567208444e-14
12.0,4.6232462864265056e-11,-4.267166917828232e-24,-1.8409603085695158e-13,4.249699764932251e-12,-1.6527548478763012e-14
12.008,4.627920954191702e-11,-4.275777204910292e-24,-1.842846761598972e-13,5.843334706495867e-12,-2.3580662868202168e-14
12.019,4.6325956204319274e-11,-4.2843961897865485e-24,-1.8446827574458532e-13,4.249696582022844e-12,-1.6690871335283855e-14
12.03,4.6372702899316494e-11,-4.293023834108682e-24,-1.8465490280938895e-13,4.2496995452018735e-12,-1.696609680032984e-14
12.049,4.641944957877776e-11,-4.301660202597466e-24,-1.8484165131228053e-13,2.4603515505930196e-12,-9.828868573241276e-15
12.051,4.646619625259797e-11,-4.310305263516019e-24,-1.8502684251052243e-13,2.337333691010289e-11,-9.259559912094623e-14
12.061,4.65129429116232e-11,-4.3189589766301e-24,-1.8521194222960307e-13,4.6746659025228536e-12,-1.8509971908064478e-14
12.07,4.655968959968653e-11,-4.3276213477753834e-24,-1.8539703582453626e-13,5.194076451481514e-12,-2.05659549925764e-14
12.08,4.660643627254539e-11,-4.336292371392958e-24,-1.8558224835917413e-13,4.674667285886061e-12,-1.852125346378703e-14
12.091,4.665318295826865e-11,-4.344972096995902e-24,-1.8576923757622306e-13,4.249698702114578e-12,-1.6999019731721283e-14
12.1,4.66999296633195e-11,-4.353660493056721e-24,-1.85953049646703e-13,5.194078338983595e-12,-2.0423563386659865e-14
12.109,4.674667633440796e-11,-4.362357555233604e-24,-1.861402769743749e-13,5.194074565384261e-12,-2.0803036407987888e-14
12.121,4.6793423014928535e-11,-4.371063328271509e-24,-1.8632565818748476e-13,3.895556710048306e-12,-1.5448434425822236e-14
12.13,4.6840169694210435e-11,-4.379777768528253e-24,-1.865111032942089e-13,5.194075475766836e-12,-2.060501185823882e-14
12.14,4.6886916356921755e-11,-4.3885008695497815e-24,-1.866963308021063e-13,4.6746662711319045e-12,-1.8522750789738248e-14
12.15,4.6933662989193946e-11,-4.3972326189599584e-24,-1.868813575042999e-13,4.67466322721892e-12,-1.850267021936135e-14
12.16,4.6980409687911475e-11,-4.4059730334124726e-24,-1.8706652297937542e-13,4.6746698717527444e-12,-1.851654750755167e-14
12.171,4.70271563749835e-11,-4.414722143429696e-24,-1.8725347979403924e-13,4.249698824729063e-12,-1.6996074060346897e-14
12.18,4.707390300530432e-11,-4.423479944951206e-24,-1.8743883327347062e-13,5.194070035646723e-12,-2.0594831047931496e-14
12.187,4.712064968368638e-11,-4.432246461554824e-24,-1.8762595879446587e-13,6.678096911723643e-12,-2.6732217285035623e-14
12.2,4.716739639233537e-11,-4.4410216944371364e-24,-1.8781150561416362e-13,3.595900665306827e-12,-1.4272832284442076e-14
12.21,4.7214143066075244e-11,-4.4498055065005924e-24,-1.8799328906852813e-13,4.6746673739874134e-12,-1.8178345436451312e-14
12.221,4.7260889729497803e-11,-4.458598018092832e-24,-1.8818378747531492e-13,4.2496966747783665e-12,-1.7318036980617005e-14
12.23,4.730763641849141e-11,-4.467399282428632e-24,-1.8836755873889073e-13,5.194076554845544e-12,-2.041902928620114e-14
12.24,4.735438308361811e-11,-4.47620920921001e-24,-1.8855459207120228e-13,4.674666512670298e-12,-1.8703333231155138e-14
12.25,4.740112976641431e-11,-4.485027838407585e-24,-1.8873973856704876e-13,4.67466827961949e-12,-1.851464958464865e-14
12.26,4.7447876448586376e-11,-4.493855123015222e-24,-1.8892490831186516e-13,4.6746682172066444e-12,-1.8516974481639248e-14
12.27,4.7494623132367395e-11,-4.5026911010451834e-24,-1.891116630673157e-13,4.674668378101959e-12,-1.8675475545055165e-14
12.283,4.7541369834956944e-11,-4.511535780096062e-24,-1.8929701865456871e-13,3.5959001991962787e-12,-1.4258122096385018e-14
12.29,4.758811653924279e-11,-4.5203891617424586e-24,-1.8948397913559478e-13,6.6781006122632324e-12,-2.6708640146580513e-14
12.3,4.7634863195895585e-11,-4.5292512314433554e-24,-1.8966911267666792e-13,4.674665665279595e-12,-1.851335410731404e-14
12.311,4.76816098765874e-11,-4.53812199729718e-24,-1.898558385088881e-13,4.24969824471077e-12,-1.6975075656380372e-14
12.32,4.7728356581053565e-11,-4.547001465360744e-24,-1.9004123295169308e-13,5.194078274018208e-12,-2.059938253388605e-14
12.331,4.7775103265063926e-11,-4.555889592024895e-24,-1.902264524388171e-13,4.249698546396699e-12,-1.68381351930921e-14
12.34,4.782184995970654e-11,-4.564786380934642e-24,-1.9041175001658856e-13,5.19407718251203e-12,-2.0588619752386173e-14
12.351,4.786859661876792e-11,-4.5736918246307385e-24,-1.905970268631294e-13,4.249696278308066e-12,-1.684334968553081e-14
12.36,4.791534332273017e-11,-4.58260593343188e-24,-1.9078210987091174e-13,5.194078218027272e-12,-2.0564778642482104e-14
12.37,4.796208997309276e-11,-4.591528721388344e-24,-1.9096879152013978e-13,4.67466503625837e-12,-1.8668164922803946e-14
12.381,4.8008836647542255e-11,-4.600460207912473e-24,-1.911540708784642e-13,4.249697677226895e-12,-1.6843578029493e-14
12.39,4.80555833276168e-11,-4.609400311914423e-24,-1.9133743387414467e-13,5.1940755638381346e-12,-2.037366618671801e-14
12.4,4.810233002129181e-11,-4.6183490736090794e-24,-1.915243683687955e-13,4.674669367500962e-12,-1.8693449465083206e-14
12.41,4.814907668870517e-11,-4.627306486233162e-24,-1.9170776858234267e-13,4.6746667413356935e-12,-1.834002135471704e-14
12.42,4.819582338309654e-11,-4.6362725166157635e-24,-1.9189284743284758e-13,4.6746694391368705e-12,-1.8507885050490692e-14
12.43,4.824257006059731e-11,-4.645247240653378e-24,-1.9207985468981233e-13,4.674667750077486e-12,-1.8700725696474994e-14
12.441,4.828931672918466e-11,-4.654230665538822e-24,-1.9226517595800348e-13,4.249697144304505e-12,-1.6847388017377276e-14
12.451,4.833606341197149e-11,-4.6632227553925776e-24,-1.9245045808007065e-13,4.6746682786827076e-12,-1.8528212206717622e-14
12.458,4.8382810100724625e-11,-4.672223505478047e-24,-1.9263564429610446e-13,6.678098393305745e-12,-2.645517371911506e-14
12.469,4.8429556835300415e-11,-4.6812329229889745e-24,-1.9282090545801048e-13,4.249703143253302e-12,-1.6841923809638654e-14
12.481,4.847630348445434e-11,-4.6902510196217645e-24,-1.9300767460110974e-13,3.895554096160328e-12,-1.55640952582716e-14
12.491,4.8523050150960184e-11,-4.699277854168897e-24,-1.9319460341607379e-13,4.674666650584053e-12,-1.8692881496404242e-14
12.5,4.856979684567042e-11,-4.708313386728746e-24,-1.9337957539408256e-13,5.194077190026048e-12,-2.0552442000974783e-14
12.51,4.861654350901336e-11,-4.7173575602377254e-24,-1.93564555468469e-13,4.674666334294175e-12,-1.8498007438644537e-14
12.519,4.8663290197692375e-11,-4.726410393583586e-24,-1.9374986622339308e-13,5.194076519890269e-12,-2.0590083880453306e-14
12.53,4.871003686150762e-11,-4.73547192168358e-24,-1.9393675611216396e-13,4.249696710476849e-12,-1.6989989888261744e-14
12.54,4.875678352539152e-11,-4.74454214560242e-24,-1.9412190584354397e-13,4.674666388390133e-12,-1.8514973138001227e-14
12.55,4.880353022539889e-11,-4.753621040848055e-24,-1.9430744828004478e-13,4.674670000736672e-12,-1.8554243650080058e-14
12.559,4.885027690269617e-11,-4.762708604556272e-24,-1.9449296422525925e-13,5.194075255253352e-12,-2.0612882801608637e-14
12.569,4.889702360334025e-11,-4.771804837919724e-24,-1.9467817461974927e-13,4.674670064408072e-12,-1.8521039449001605e-14
12.58,4.894377027312786e-11,-4.780909758746354e-24,-1.9486490376409988e-13,4.249697253419404e-12,-1.6975376759146762e-14
12.59,4.899051695488183e-11,-4.7900234175462355e-24,-1.950519184756494e-13,4.6746681753976276e-12,-1.8701471154952456e-14
12.601,4.9037263616927634e-11,-4.79914576756964e-24,-1.9523691174995246e-13,4.249696549618419e-12,-1.6817570391186448e-14
12.612,4.908401028623823e-11,-4.808276770148915e-24,-1.954220470138112e-13,4.249697210054084e-12,-1.6830478532613345e-14
12.62,4.913075696765068e-11,-4.817416429755171e-24,-1.956071910027049e-13,5.84333517655676e-12,-2.3142998611710583e-14
12.631,4.917750364106164e-11,-4.826564781886849e-24,-1.9579401315368848e-13,4.249697582814379e-12,-1.6983831907598752e-14
12.639,4.922425028790891e-11,-4.835721827584178e-24,-1.9597935734057286e-13,5.843330855908595e-12,-2.3168023360547753e-14
12.65,4.927099694685286e-11,-4.844887533493397e-24,-1.9616442860176183e-13,4.249696267632173e-12,-1.682466010808867e-14
12.66,4.9317743624480423e-11,-4.854061898782139e-24,-1.9634968167724945e-13,4.674667762756511e-12,-1.852530754876145e-14
12.675,4.936449029475154e-11,-4.863244925681808e-24,-1.9653506696518336e-13,3.116444684741137e-12,-1.2359019195594414e-14
12.681000000000001,4.941123699332204e-11,-4.8724366220293155e-24,-1.9672035549621286e-13,7.791116428416016e-12,-3.0881421838248874e-14
12.69,4.945798370298599e-11,-4.881637023484388e-24,-1.969074108732517e-13,5.194078851550657e-12,-2.0783930782093047e-14
12.7,4.950473041680648e-11,-4.890846092742727e-24,-1.9709116167674666e-13,4.674671382049298e-12,-1.837508034949683e-14
12.71,4.9551477099494505e-11,-4.9000638242287025e-24,-1.9727827615021545e-13,4.674668268802449e-12,-1.8711447346878625e-14
12.72,4.95982238190657e-11,-4.90929026723725e-24,-1.9746356212982288e-13,4.6746719571197364e-12,-1.8528597960742833e-14
12.73,4.964497049314784e-11,-4.918525364945344e-24,-1.976489411411434e-13,4.674667408214079e-12,-1.8537901132052244e-14
12.74,4.9691717171928076e-11,-4.9277691679656825e-24,-1.9783596865516578e-13,4.674667878023302e-12,-1.8702751402238032e-14
12.75,4.973846383838332e-11,-4.9370216622938775e-24,-1.9802089258446963e-13,4.674666645524603e-12,-1.8492392930385307e-14
12.76,4.9785210466554795e-11,-4.946282838366022e-24,-1.9820773114311008e-13,4.674662817147853e-12,-1.8683855864044394e-14
12.77,4.983195712419984e-11,-4.95555271711562e-24,-1.9839297644055223e-13,4.674665764504459e-12,-1.852452974421513e-14
12.781,4.9878703791486245e-11,-4.964831258181984e-24,-1.9857825616161189e-13,4.249697026036853e-12,-1.6843611005423284e-14
12.79,4.992545048373974e-11,-4.974118498291003e-24,-1.9876494231139729e-13,5.1940769170550666e-12,-2.074290553171116e-14
12.8,4.9972197167728354e-11,-4.983414386351509e-24,-1.989483184952815e-13,4.674668398861711e-12,-1.833761838842124e-14
12.811,5.001894387148375e-11,-4.992718941005614e-24,-1.991355636450229e-13,4.249700341399684e-12,-1.702228634012796e-14
12.82,5.0065690584432036e-11,-5.002032203763022e-24,-1.993208055850382e-13,5.194079216476549e-12,-2.0582437779478066e-14
12.831,5.0112437270763195e-11,-5.0113541189692364e-24,-1.9950597499901545e-13,4.249698757378138e-12,-1.683358308884016e-14
12.84,5.015918394547366e-11,-5.020684684522592e-24,-1.9969099938027262e-13,5.194074967829688e-12,-2.0558264584129623e-14
12.85,5.020593061200469e-11,-5.0300239001052644e-24,-1.9987612596651042e-13,4.674666653102405e-12,-1.851265862378077e-14
12.859,5.025267727681771e-11,-5.039371770850533e-24,-2.000613148181071e-13,5.194073868113743e-12,-2.057653906629814e-14
12.869,5.029942395491283e-11,-5.048728342087938e-24,-2.0024825235016515e-13,4.674667809511241e-12,-1.8693753205804136e-14
12.88,5.034617062817705e-11,-5.058093614522799e-24,-2.0043362641914767e-13,4.249697569474588e-12,-1.6852188089320527e-14
12.891,5.039291731451754e-11,-5.0674675936172995e-24,-2.0062064408991928e-13,4.249698758226374e-12,-1.7001606433782383e-14
12.9,5.0439663999287793e-11,-5.076850274112962e-24,-2.0080591874658215e-13,5.1940760855841445e-12,-2.0586072962540562e-14
12.91,5.048641069307775e-11,-5.086241661436439e-24,-2.009930775920704e-13,4.674669378995463e-12,-1.871588454882606e-14
12.92,5.053315740738668e-11,-5.0956417588632936e-24,-2.0117839331533902e-13,4.6746714308926605e-12,-1.8531572326861164e-14
12.931000000000001,5.057990413151665e-11,-5.1050505191831814e-24,-2.0136362412008052e-13,4.249702193633791e-12,-1.6839164067409635e-14
12.939,5.06266508364288e-11,-5.114467937013268e-24,-2.015489596774197e-13,5.843338114018321e-12,-2.316694466739701e-14
12.949,5.067339749054956e-11,-5.123894003635282e-24,-2.0173409017096092e-13,4.674665412076301e-12,-1.8513049354122325e-14
12.961,5.072014415935321e-11,-5.133328725590763e-24,-2.0191914104046034e-13,3.8955557336370726e-12,-1.5420905791618365e-14
12.97,5.076689084201195e-11,-5.142772148128735e-24,-2.0210621438035485e-13,5.194075850971366e-12,-2.078592665494493e-14
12.98,5.08136375469755e-11,-5.152224281881094e-24,-2.0229164680491127e-13,4.674670496354757e-12,-1.8543242455641868e-14
12.991,5.08603842186731e-11,-5.1616850374354176e-24,-2.0247537556305028e-13,4.249697427054014e-12,-1.6702614376274267e-14
13.0,5.090713090030073e-11,-5.1711544886570325e-24,-2.0266359438762014e-13,5.194075736403175e-12,-2.0913202729983496e-14
13.012,5.09538775898557e-11,-5.180632595708286e-24,-2.0284563595509212e-13,3.895557462914323e-12,-1.5170130622665582e-14
13.019,5.100062426768012e-11,-5.1901194069630445e-24,-2.030360949516858e-13,6.6780968320602416e-12,-2.7208428084811793e-14
13.03,5.104737095597285e-11,-5.1996149567949984e-24,-2.0321941442228048e-13,4.249698935702487e-12,-1.6665406417697943e-14
13.04,5.109411766762665e-11,-5.209119162005554e-24,-2.034062015544074e-13,4.674671165380091e-12,-1.867871321269076e-14
13.05,5.114086436524592e-11,-5.2186320647206385e-24,-2.0359164854240493e-13,4.674669761927147e-12,-1.8544698799754092e-14
13.061,5.118761105032777e-11,-5.228153632234497e-24,-2.037770235756815e-13,4.249698643804736e-12,-1.685227575241632e-14
13.073,5.123435772360806e-11,-5.23768389930195e-24,-2.0396395128728587e-13,3.895556106690705e-12,-1.5577309300363577e-14
13.073,5.1281104392092464e-11,-5.247222865202625e-24,-2.041492345265101e-13,0.0,0.0
13.09,5.132785105096856e-11,-5.25677044938811e-24,-2.043327581990467e-13,2.7498034632997724e-12,-1.0795510149211486e-14
13.1,5.137459771833355e-11,-5.266326694081275e-24,-2.0451968976488258e-13,4.6746667364983405e-12,-1.8693156583589257e-14
13.111,5.142134440690151e-11,-5.275891595396058e-24,-2.047029357426305e-13,4.2496989607243245e-12,-1.6658725249811515e-14
13.121,5.146809107727245e-11,-5.2854651008705646e-24,-2.0488796767535184e-13,4.6746670370932935e-12,-1.8503193272133052e-14
13.13,5.1514837792520665e-11,-5.2950473062956e-24,-2.050747590811901e-13,5.194079472024348e-12,-2.0754600648696164e-14
13.139,5.156158451438104e-11,-5.304638210771641e-24,-2.0526008769960892e-13,5.194080206708247e-12,-2.0592068713201726e-14
13.149000000000001,5.160833122285334e-11,-5.314237772302963e-24,-2.0544525798305224e-13,4.674670847230297e-12,-1.8517028344332318e-14
13.16,5.1655077914042494e-11,-5.323845990162412e-24,-2.0563058995542374e-13,4.2496991990136274e-12,-1.6848361124681417e-14
13.169,5.170182461981318e-11,-5.333462874074277e-24,-2.0581589609391898e-13,5.194078418965067e-12,-2.058957094391605e-14
13.178,5.174857130353288e-11,-5.3430884533541185e-24,-2.060028047815604e-13,5.1940759688551734e-12,-2.0767631960157368e-14
13.19,5.1795318009957364e-11,-5.35272277792809e-24,-2.0618985266414435e-13,3.895558868707085e-12,-1.5587323548662263e-14
13.2,5.1842064655756835e-11,-5.362365788090047e-24,-2.0637494196617558e-13,4.67466457994708e-12,-1.850893020312294e-14
13.21,5.188881133010437e-11,-5.3720174594324254e-24,-2.065601588550591e-13,4.674667434753343e-12,-1.8521688888352048e-14
13.221,5.193555800789736e-11,-5.381677789265203e-24,-2.067453545573325e-13,4.2496979811808026e-12,-1.683597293394517e-14
13.234,5.1982304704442535e-11,-5.3913468211879295e-24,-2.0693230129081532e-13,3.595899734244419e-12,-1.438051796021719e-14
13.241,5.2029051414404176e-11,-5.4010245568341815e-24,-2.0711761384515503e-13,6.678101423091666e-12,-2.6473222048530026e-14
13.249,5.207579812972088e-11,-5.41071095110244e-24,-2.0730270221915577e-13,5.843339414588194e-12,-2.3136046750093183e-14
13.26,5.2122544799189614e-11,-5.420405993518605e-24,-2.074880208996282e-13,4.249697224430108e-12,-1.6847152770220097e-14
13.269,5.216929147768829e-11,-5.4301097018529396e-24,-2.0767338290401607e-13,5.194075388741921e-12,-2.059577826531897e-14
13.28,5.221603818081735e-11,-5.439822152687497e-24,-2.078618392374515e-13,4.249700284459955e-12,-1.7132393948674725e-14
13.29,5.226278484879548e-11,-5.449543333315343e-24,-2.0804718907632864e-13,4.674666797813103e-12,-1.8534983887715567e-14
13.3,5.230953153651012e-11,-5.459273138919317e-24,-2.0823067272083438e-13,4.674668771463563e-12,-1.8348364450573655e-14
13.31,5.235627818711819e-11,-5.469011591107617e-24,-2.0841745336406027e-13,4.674665060807436e-12,-1.8678064322589455e-14
13.32,5.240302483542488e-11,-5.4787587010144764e-24,-2.0860110347075647e-13,4.6746648306688325e-12,-1.8365010669619345e-14
13.33,5.2449771508230335e-11,-5.488514514316083e-24,-2.0878959905933828e-13,4.674667280545369e-12,-1.8849558858181566e-14
13.34,5.249651819814144e-11,-5.498279063114889e-24,-2.0897468831051444e-13,4.674668991110622e-12,-1.8508925117615626e-14
13.35,5.254326489537155e-11,-5.50805226812405e-24,-2.0915987897459617e-13,4.674669723011195e-12,-1.8519066408173202e-14
13.36,5.259001160305441e-11,-5.5178341360248074e-24,-2.0934522590335267e-13,4.6746707682862475e-12,-1.8534692875650308e-14
13.371,5.263675829871817e-11,-5.527624664680165e-24,-2.0953052633287894e-13,4.249699605796237e-12,-1.6845493593296922e-14
13.381,5.268350499821972e-11,-5.537423891967113e-24,-2.097173517605896e-13,4.674669950154577e-12,-1.8682542771067118e-14
13.39,5.2730251674446085e-11,-5.5472318126162615e-24,-2.09902670063239e-13,5.1940751362625015e-12,-2.05909225165996e-14
13.4,5.2776998360032245e-11,-5.5570483964639925e-24,-2.1008791214126112e-13,4.67466855861593e-12,-1.8524207802211296e-14
13.41,5.2823745033386026e-11,-5.566873635846704e-24,-2.1027309658140432e-13,4.674667335377932e-12,-1.851844401431936e-14
13.42,5.28704916637405e-11,-5.576707523814894e-24,-2.1045831843694496e-13,4.674663035447848e-12,-1.8522185554064734e-14
13.43,5.291723831598515e-11,-5.5865500726008666e-24,-2.1064344236773446e-13,4.6746652244647075e-12,-1.851239307895009e-14
13.44,5.296398500394652e-11,-5.5964012803839394e-24,-2.1082846131941118e-13,4.674668796136707e-12,-1.850189516767201e-14
13.45,5.3010731672709805e-11,-5.6062611388943344e-24,-2.110137264233622e-13,4.67466687632826e-12,-1.8526510395102645e-14
13.46,5.3057478369021156e-11,-5.616129700373794e-24,-2.1120055857042644e-13,4.674669631135004e-12,-1.8683214706423317e-14
13.47,5.310422502764478e-11,-5.626006946325591e-24,-2.1138562160226018e-13,4.674665862362407e-12,-1.8506303183373966e-14
13.48,5.3150971706895236e-11,-5.635892853950765e-24,-2.1157095130031512e-13,4.674667925045625e-12,-1.853296980549359e-14
13.49,5.319771837266588e-11,-5.645787460530997e-24,-2.117579179191206e-13,4.674666577063827e-12,-1.869666188054916e-14
13.5,5.3244465078755505e-11,-5.655690815960724e-24,-2.119448948840034e-13,4.674670608962576e-12,-1.8697696488279527e-14
13.509,5.329121176914285e-11,-5.6656028700732854e-24,-2.1213022275233483e-13,5.194076709704783e-12,-2.059198537015788e-14
13.52,5.3337958469693396e-11,-5.675523586499626e-24,-2.1231540911047825e-13,4.249700050050129e-12,-1.683512346758405e-14
13.532,5.338470515583849e-11,-5.685452965344425e-24,-2.1250096456696731e-13,3.8955571787581376e-12,-1.5462954707421928e-14
13.54,5.343145182345414e-11,-5.695391003593093e-24,-2.126860596880487e-13,5.84333345195601e-12,-2.3136890135174062e-14
13.55,5.3478198523557215e-11,-5.705337706000666e-24,-2.1287135444559754e-13,4.674670010307565e-12,-1.852947575488311e-14
13.56,5.3524945197052766e-11,-5.7152930951079184e-24,-2.1305795186960815e-13,4.674667349555393e-12,-1.865974240106138e-14
13.57,5.3571691852319455e-11,-5.725257166693312e-24,-2.1324299002878266e-13,4.674665526668526e-12,-1.8503815917450507e-14
13.58,5.3618438493549094e-11,-5.735229888543593e-24,-2.1342817127627341e-13,4.67466412296412e-12,-1.8518124749075825e-14
13.59,5.3665185184077995e-11,-5.745211321985234e-24,-2.1361525484478558e-13,4.6746690528898465e-12,-1.8708356851216102e-14
13.6,5.37119318592667e-11,-5.755201500397864e-24,-2.1380245442766167e-13,4.674667518870579e-12,-1.8719958287609815e-14
13.61,5.375867854975185e-11,-5.765200390789758e-24,-2.1398784636678945e-13,4.674669048515302e-12,-1.853919391277755e-14
13.62,5.3805425260254384e-11,-5.775207952186005e-24,-2.1417324940502668e-13,4.674671050253507e-12,-1.8540303823723475e-14
13.63,5.385217194322393e-11,-5.785224137948414e-24,-2.143570815676906e-13,4.6746682969551265e-12,-1.838321626639234e-14
13.639,5.3898918629732e-11,-5.7952489948606e-24,-2.1454420154058697e-13,5.194076278674293e-12,-2.079110809959619e-14
13.651,5.3945665339376156e-11,-5.805282558581051e-24,-2.1472937928801183e-13,3.895559137013112e-12,-1.5431478952071455e-14
13.661,5.399241202137658e-11,-5.8153248136275e-24,-2.1491630321658839e-13,4.674668200042233e-12,-1.869239285765545e-14
13.67,5.403915871977501e-11,-5.8253757699890226e-24,-2.151015036392838e-13,5.194077599825569e-12,-2.0577824743933894e-14
13.681000000000001,5.4085905395247375e-11,-5.835435374710444e-24,-2.1528652373468657e-13,4.249697770215155e-12,-1.6820008672979835e-14
13.689,5.4132652088427414e-11,-5.8455036352046975e-24,-2.1547166724484117e-13,5.843336647504642e-12,-2.3142938769325002e-14
13.7,5.417939877155932e-11,-5.855580552034892e-24,-2.156569671337884e-13,4.249698466536923e-12,-1.684544444974787e-14
13.709,5.4226145425134356e-11,-5.865666130498848e-24,-2.1584251754129933e-13,5.1940726194483044e-12,-2.061671194565898e-14
13.72,5.427289211252843e-11,-5.8757603847282245e-24,-2.1602783700524411e-13,4.24969885400637e-12,-1.6847223994980712e-14
13.736,5.4319638788732176e-11,-5.885863297387426e-24,-2.1621306137081468e-13,2.921667262734212e-12,-1.157652284816013e-14
13.74,5.436638546284503e-11,-5.8959748693777265e-24,-2.163983353625567e-13,1.1686668528213502e-11,-4.631849793550743e-14
13.75,5.441313215159698e-11,-5.90609510959102e-24,-2.1658378523192212e-13,4.674668875194494e-12,-1.854498693654126e-14
13.76,5.4459878842467737e-11,-5.916224054882099e-24,-2.1677075184460645e-13,4.6746690870759805e-12,-1.8696661268433488e-14
13.77,5.4506625552167556e-11,-5.9263616986532754e-24,-2.1695576436475537e-13,4.674670969981832e-12,-1.8501252014891698e-14
13.779,5.455337223467731e-11,-5.9365080227897445e-24,-2.171423830001584e-13,5.194075834416726e-12,-2.0735403933670697e-14
13.79,5.460011892288583e-11,-5.946663035398383e-24,-2.1732743712226435e-13,4.249698928047682e-12,-1.682310200963099e-14
13.8,5.4646865601418886e-11,-5.956826700353519e-24,-2.1751265308645923e-13,4.674667853305491e-12,-1.8521596419487852e-14
13.81,5.469361229376928e-11,-5.9669990665301315e-24,-2.1769957970056036e-13,4.67466923503998e-12,-1.8692661410113627e-14
13.82,5.4740358973883204e-11,-5.977180127860198e-24,-2.1788477860061475e-13,4.674668011392114e-12,-1.8519890005438736e-14
13.83,5.47871056703012e-11,-5.9873698501215166e-24,-2.1806997508748554e-13,4.674669641799016e-12,-1.8519648687079288e-14
13.84,5.483385233128679e-11,-5.99756822153464e-24,-2.1825515265872093e-13,4.674666098559281e-12,-1.8517757123538697e-14
13.85,5.488059900009836e-11,-6.007775259274001e-24,-2.1844068038570048e-13,4.67466688115734e-12,-1.8552772697955187e-14
13.86,5.492734568241959e-11,-6.01799096360235e-24,-2.186258159337785e-13,4.674668232122779e-12,-1.8513554807801032e-14
13.872,5.497409239144606e-11,-6.0282153713752635e-24,-2.1881279678753512e-13,3.8955590855393855e-12,-1.5581737813052317e-14
13.88,5.502083910003073e-11,-6.0384485222536465e-24,-2.1899988300137088e-13,5.8433385730839145e-12,-2.3385776729469996e-14
13.89,5.5067585797195805e-11,-6.0486903703175215e-24,-2.1918500213428122e-13,4.674669716507487e-12,-1.8511913291033852e-14
13.9,5.5114332480458835e-11,-6.058940873509063e-24,-2.1937031242631502e-13,4.674668326303082e-12,-1.853102920338039e-14
13.91,5.5161079143582647e-11,-6.069200062130628e-24,-2.1955678679331287e-13,4.67466631238092e-12,-1.864743669978471e-14
13.927,5.520782577126625e-11,-6.0794679278390756e-24,-2.1974188424429734e-13,2.7498016284470082e-12,-1.0888085352027894e-14
13.931000000000001,5.5254572442011404e-11,-6.089744462307005e-24,-2.1992726455793102e-13,1.1686667686288393e-11,-4.634507840841845e-14
13.941,5.5301319131844516e-11,-6.100029669743362e-24,-2.2011276707105584e-13,4.674668983311136e-12,-1.855025131248239e-14
13.949,5.5348065798174583e-11,-6.110323537765182e-24,-2.202980185510444e-13,5.843333291258599e-12,-2.31564349985706e-14
13.96,5.5394812500268515e-11,-6.120626077258569e-24,-2.2048342834913398e-13,4.2497001903572556e-12,-1.685543618996161e-14
13.97,5.544155918941467e-11,-6.1309372726536035e-24,-2.2066847281738044e-13,4.674668914615854e-12,-1.85044468246458e-14
13.978,5.5488305903264677e-11,-6.141257177687534e-24,-2.2085582628281657e-13,5.843339231250849e-12,-2.3419183179515754e-14
13.99,5.553505258470352e-11,-6.151585789139201e-24,-2.2104127245263322e-13,3.895556786570095e-12,-1.5453847484721457e-14
14.0,5.5581799251343606e-11,-6.161923065856523e-24,-2.2122669916170248e-13,4.674666664008781e-12,-1.8542670906925313e-14
14.012,5.562854595044281e-11,-6.1722690522316745e-24,-2.2141359735185944e-13,3.895558258267094e-12,-1.5574849179747187e-14
14.019,5.5675292636839424e-11,-6.1826237309441044e-24,-2.2159871049714022e-13,6.6780980566597794e-12,-2.6444735040110956e-14
14.03,5.572203932549711e-11,-6.1929870638019794e-24,-2.2178383297080147e-13,4.249698968880701e-12,-1.682931578738621e-14
14.04,5.5768786018997355e-11,-6.203359096694289e-24,-2.2197088487917422e-13,4.6746693500242895e-12,-1.8705190837275607e-14
14.051,5.5815532665042705e-11,-6.213739819571586e-24,-2.221560741854886e-13,4.24969509503184e-12,-1.683539148312594e-14
14.059,5.586227935691922e-11,-6.22412921941048e-24,-2.2234168263285517e-13,5.843336484564022e-12,-2.320105592081985e-14
14.07,5.590902602585936e-11,-6.234527285106648e-24,-2.2252705055892976e-13,4.249697176376553e-12,-1.6851629643144828e-14
14.084,5.595577274938932e-11,-6.244934069775861e-24,-2.2271419346296016e-13,3.3390516807111116e-12,-1.3367350287885799e-14
14.09,5.600251940953261e-11,-6.255349503776701e-24,-2.228977056080401e-13,7.791110023882579e-12,-3.0585357513321777e-14
14.1,5.6049266097329553e-11,-6.265773600402925e-24,-2.2308454971256256e-13,4.6746687796940105e-12,-1.8684410452246438e-14
14.11,5.6096012804001445e-11,-6.2762064008401316e-24,-2.2326990731618412e-13,4.67467066718906e-12,-1.853576036215657e-14
14.12,5.614275951714816e-11,-6.286647864461614e-24,-2.2345513145659614e-13,4.674671314671302e-12,-1.8522414041201448e-14
14.13,5.618950618056689e-11,-6.297097971236472e-24,-2.236401694956971e-13,4.674666341873631e-12,-1.8503803910096432e-14
14.14,5.623625285122131e-11,-6.3075567309873534e-24,-2.2382526941005854e-13,4.674667065442014e-12,-1.8509991436143268e-14
14.15,5.6282999514645215e-11,-6.318024144864261e-24,-2.2401049512300706e-13,4.674666342390618e-12,-1.852257129485223e-14
14.16,5.6329746238436165e-11,-6.328500267765968e-24,-2.2419729580395534e-13,4.674672379094759e-12,-1.8680068094828543e-14
14.17,5.6376492921554587e-11,-6.3389850764040806e-24,-2.243824937632407e-13,4.674668311841897e-12,-1.8519795928535227e-14
14.179,5.6423239584734886e-11,-6.3494785758617924e-24,-2.2456931343804258e-13,5.1940736866997084e-12,-2.075774164465423e-14
14.19,5.646998628114125e-11,-6.359980776865581e-24,-2.2475445962581395e-13,4.24969967330583e-12,-1.68314716155784e-14
14.2,5.6516732956112404e-11,-6.370491670413033e-24,-2.2494141944744473e-13,4.674667497115315e-12,-1.869598216307887e-14
14.211,5.656347965647949e-11,-6.381011265813246e-24,-2.2512651337377955e-13,4.24970003337116e-12,-1.682672057589228e-14
14.22,5.661022635157444e-11,-6.391539516731934e-24,-2.253117859456826e-13,5.194077232772444e-12,-2.0585841322560313e-14
14.23,5.665697303786056e-11,-6.402076423702092e-24,-2.2549693686578733e-13,4.674668628612367e-12,-1.851509201047411e-14
14.24,5.67037197314706e-11,-6.412621989870627e-24,-2.2568218850750624e-13,4.674669361003871e-12,-1.8525164171890908e-14
14.253,5.675046643990295e-11,-6.4231762172249736e-24,-2.2586735191072593e-13,3.595900648642319e-12,-1.4243338709207063e-14
14.261,5.679721309880666e-11,-6.433739132263871e-24,-2.2605435914267673e-13,5.843332362963945e-12,-2.3375903993848882e-14
14.27,5.6843959769499427e-11,-6.4443107522586936e-24,-2.262396689947828e-13,5.194074521418234e-12,-2.0589983567341108e-14
14.28,5.6890706431968363e-11,-6.4548909932595585e-24,-2.2642327813628557e-13,4.674666246893445e-12,-1.8360914150276977e-14
14.289,5.693745311552213e-11,-6.465479939244308e-24,-2.266118969717346e-13,5.194075950418236e-12,-2.0957648383226915e-14
14.3,5.698419982882111e-11,-6.476077669286575e-24,-2.2679880484533104e-13,4.249701208998597e-12,-1.6991624872403266e-14
14.31,5.7030946507695316e-11,-6.486684091154277e-24,-2.2698410008552323e-13,4.674667887420074e-12,-1.85295240192184e-14
14.32,5.7077693206719865e-11,-6.497299181333932e-24,-2.2716947230168737e-13,4.674669902455207e-12,-1.8537221616414224e-14
14.329,5.712443990333344e-11,-6.507922938324669e-24,-2.2735492237616048e-13,5.1940774015080974e-12,-2.060556383034558e-14
14.34,5.7171186596476025e-11,-6.5185553630079854e-24,-2.2754034265942603e-13,4.2496993765984005e-12,-1.6856389387779655e-14
14.35,5.721793329422665e-11,-6.529196451051407e-24,-2.2772552874764387e-13,4.6746697750627754e-12,-1.85186088217841e-14
14.361,5.726467993650859e-11,-6.539846227830504e-24,-2.2791262018582003e-13,4.249694752903171e-12,-1.7008312561471108e-14
14.37,5.731142655918882e-11,-6.550504706403711e-24,-2.280980159671025e-13,5.194069186692419e-12,-2.0599531253609827e-14
14.378,5.7358173208776045e-11,-6.5611718139174864e-24,-2.2828153670529864e-13,5.843331198403245e-12,-2.2940092274511917e-14
14.389,5.740491988771693e-11,-6.571847585948004e-24,-2.2846843023968606e-13,4.249698085534525e-12,-1.699032130794984e-14
14.399000000000001,5.7451666566332727e-11,-6.5825320146726295e-24,-2.2865190604936864e-13,4.674667861580192e-12,-1.8347580968260925e-14
14.41,5.749841329021808e-11,-6.593225103493959e-24,-2.2883849894903215e-13,4.249702171395792e-12,-1.6962990878500463e-14
14.419,5.754516001992413e-11,-6.603926885478644e-24,-2.2902377513859307e-13,5.194081078449538e-12,-2.058624328454356e-14
14.429,5.759190669986414e-11,-6.614637321790214e-24,-2.2920925126300196e-13,4.674667994001468e-12,-1.8547612440892222e-14
14.442,5.763865335887777e-11,-6.62535641246899e-24,-2.293942470383683e-13,3.59589684720242e-12,-1.423044425894853e-14
14.452,5.7685400038033704e-11,-6.63608416629105e-24,-2.295796957426002e-13,4.674667915593846e-12,-1.85448704231891e-14
14.46,5.773214675142773e-11,-6.646820592819487e-24,-2.2976496183539603e-13,5.843339174253452e-12,-2.315826159948065e-14
14.47,5.777889343339825e-11,-6.657565713159478e-24,-2.2995195868388097e-13,4.674668197052389e-12,-1.8699684848493885e-14
14.48,5.7825640083532536e-11,-6.668319565076032e-24,-2.3013884507050146e-13,4.674665013428185e-12,-1.8688638662051754e-14
14.49,5.7872386754379746e-11,-6.679082124516361e-24,-2.303242957382285e-13,4.6746670847211124e-12,-1.854506677270304e-14
14.499,5.791913341916468e-11,-6.689853347600944e-24,-2.305095684161099e-13,5.194073864992514e-12,-2.0585853097935427e-14
14.51,5.796588013183962e-11,-6.70063327988314e-24,-2.3069643582876223e-13,4.2497011522671666e-12,-1.6987946604758538e-14
14.52,5.801262683924519e-11,-6.71142190370623e-24,-2.3088147722036003e-13,4.674670740556672e-12,-1.850413915977984e-14
14.53,5.80593735202238e-11,-6.722219174208223e-24,-2.3106663442994907e-13,4.674668097861026e-12,-1.8515720958903793e-14
14.54,5.8106120194673697e-11,-6.733025098915022e-24,-2.3125180143573884e-13,4.674667444989703e-12,-1.851670057898e-14
14.549,5.815286689532022e-11,-6.743839689325334e-24,-2.3143712679847405e-13,5.194077849613434e-12,-2.0591706970575797e-14
14.56,5.819961360778596e-11,-6.754662944167401e-24,-2.316223813968343e-13,4.249701133249157e-12,-1.6841327123656047e-14
14.571,5.824636028856802e-11,-6.765494889725811e-24,-2.3180926239890603e-13,4.24969825291377e-12,-1.6989182006521375e-14
14.58,5.8293106972343e-11,-6.776335572135353e-24,-2.319961472734735e-13,5.194075974998368e-12,-2.076498606304743e-14
14.59,5.833985365592575e-11,-6.787184955964478e-24,-2.321815439596915e-13,4.674668358275267e-12,-1.8539668621805332e-14
14.6,5.838660032244768e-11,-6.798042996239525e-24,-2.323666723267168e-13,4.6746666521920924e-12,-1.851283670253146e-14
14.61,5.843334701198093e-11,-6.808909740116707e-24,-2.3255368826692735e-13,4.674668953326252e-12,-1.8701594021053235e-14
14.62,5.848009369167626e-11,-6.819785179349078e-24,-2.327387903967763e-13,4.674667969533467e-12,-1.8510212984891125e-14
14.63,5.852684036440378e-11,-6.830669275177595e-24,-2.3292411964424943e-13,4.6746672727525006e-12,-1.853292474731116e-14
14.64,5.857358703263824e-11,-6.841562032973464e-24,-2.3310942701355635e-13,4.674666823445776e-12,-1.8530736930692685e-14
14.65,5.86203337291678e-11,-6.852463460397523e-24,-2.3329475695536487e-13,4.674669652956855e-12,-1.8532994180853798e-14
14.66,5.86670804176311e-11,-6.863373551470101e-24,-2.334801711188174e-13,4.6746688463287855e-12,-1.8541416345253734e-14
14.67,5.87138271149148e-11,-6.874292311713933e-24,-2.336655687209229e-13,4.674669728371325e-12,-1.853976021055067e-14
14.68,5.876057382688491e-11,-6.885219779790829e-24,-2.338525781760374e-13,4.67467119701065e-12,-1.870094551145047e-14
14.69,5.880732053184939e-11,-6.89615590832752e-24,-2.3403616585425473e-13,4.674670496447815e-12,-1.8358767821731627e-14
14.699,5.885406724663302e-11,-6.907100700350162e-24,-2.342231363576658e-13,5.194079420403683e-12,-2.0774500379010488e-14
14.71,5.89008139268153e-11,-6.918054185973839e-24,-2.344084576278422e-13,4.249698198389032e-12,-1.6847388197852587e-14
14.72,5.894756057673728e-11,-6.929016321685542e-24,-2.3459352347665605e-13,4.674664992198181e-12,-1.8506584881387547e-14
14.73,5.899430726580556e-11,-6.939987121793274e-24,-2.3477876048154635e-13,4.674668906828362e-12,-1.8523700489032188e-14
14.74,5.904105396260435e-11,-6.95096658000895e-24,-2.349638723695126e-13,4.674669679878689e-12,-1.851118879662456e-14
14.751,5.908780065457604e-11,-6.961954684600247e-24,-2.3514873358558893e-13,4.249699270153416e-12,-1.680556509784588e-14
14.76,5.913454732894776e-11,-6.972951476220301e-24,-2.3533571339818984e-13,5.194074930191131e-12,-2.077553473343783e-14
14.77,5.91812940114311e-11,-6.983956972416386e-24,-2.3552106665282664e-13,4.674668248333452e-12,-1.853532546367721e-14
14.78,5.922804070339955e-11,-6.994971175938729e-24,-2.357081501558261e-13,4.674669196844916e-12,-1.8708350299947166e-14
14.79,5.927478740783536e-11,-7.005994087019664e-24,-2.358934831131712e-13,4.674670443580634e-12,-1.8533295734508986e-14
14.8,5.93215340785315e-11,-7.017025693008409e-24,-2.3608049169474993e-13,4.674667069613072e-12,-1.8700858157868355e-14
14.81,5.936828075792859e-11,-7.028065999925867e-24,-2.3626565395023997e-13,4.674667939708642e-12,-1.8516225549003213e-14
14.82,5.941502740592754e-11,-7.039114960231427e-24,-2.3645103392039515e-13,4.674664799895646e-12,-1.8537997015517907e-14
14.831,5.946177407315982e-11,-7.050172580346635e-24,-2.3663595900957164e-13,4.2496970211162564e-12,-1.681137174331753e-14
14.84,5.950852075190795e-11,-7.06123885285026e-24,-2.368210993303494e-13,5.194075416458905e-12,-2.0571146753085287e-14
14.85,5.955526742138664e-11,-7.072313774559833e-24,-2.370060987601004e-13,4.6746669478686296e-12,-1.8499942975101948e-14
14.86,5.960201410863021e-11,-7.083397398081474e-24,-2.3719321568066724e-13,4.6746687243576954e-12,-1.871169205668111e-14
14.871,5.964876078655206e-11,-7.094489717992411e-24,-2.3737825780365814e-13,4.249697992896312e-12,-1.6822011180991468e-14
14.88,5.969550746506923e-11,-7.10559072792049e-24,-2.3756500149139903e-13,5.194075390795627e-12,-2.0749298637876295e-14
14.89,5.97422541692456e-11,-7.116700442150602e-24,-2.377503999193286e-13,4.674670417637355e-12,-1.8539842792955616e-14
14.9,5.978900087770776e-11,-7.127818864318411e-24,-2.3793751623889905e-13,4.67467084621576e-12,-1.8711631957046725e-14
14.91,5.983574751392431e-11,-7.138945970610204e-24,-2.3812267514040334e-13,4.674663621653791e-12,-1.8515890150428304e-14
14.92,5.988249419537105e-11,-7.150081748010341e-24,-2.3830803846335017e-13,4.674668144673658e-12,-1.8536332294683617e-14
14.932,5.992924090359151e-11,-7.161226191184598e-24,-2.3849315667964513e-13,3.895559018371285e-12,-1.5426518024582284e-14
14.94,5.997598759804516e-11,-7.17237928361194e-24,-2.386782265675489e-13,5.843336806706926e-12,-2.313373598796719e-14
14.949,6.002273428725835e-11,-7.183541029246366e-24,-2.388634270679e-13,5.194076579244155e-12,-2.0577833372344418e-14
14.96,6.006948099657512e-11,-7.194711477682246e-24,-2.3905035976938873e-13,4.249700846978866e-12,-1.6993881953519117e-14
14.97,6.01162276780105e-11,-7.205890620710609e-24,-2.3923569969420847e-13,4.6746681435375255e-12,-1.8533992481974132e-14
14.98,6.016297435075971e-11,-7.217078378815291e-24,-2.3941903428877496e-13,4.6746672749209545e-12,-1.83334594566482e-14
14.99,6.020972104937186e-11,-7.228274790732704e-24,-2.3960567760837245e-13,4.6746698612144634e-12,-1.866433195974936e-14
14.993,6.025646773524431e-11,-7.239479852011256e-24,-2.3978921721366497e-13,1.5582228624152973e-11,-6.117986843083282e-14
15.01,6.030321442250793e-11,-7.250693574761313e-24,-2.3997623383613404e-13,2.7498051331540904e-12,-1.1000977792299499e-14
15.022,6.03499610939274e-11,-7.261915998618636e-24,-2.4016164621181764e-13,3.89555595162329e-12,-1.5451031306966567e-14
15.03,6.039670778004628e-11,-7.273147091324788e-24,-2.403469689910693e-13,5.843335764859502e-12,-2.3165347406451736e-14
15.04,6.044345447628809e-11,-7.284386849733018e-24,-2.405322935814494e-13,4.674669624180482e-12,-1.853245903800996e-14
15.05,6.049020115481825e-11,-7.29563526245848e-24,-2.4071741566600484e-13,4.674667853015978e-12,-1.8512208455546796e-14
15.058,6.053694785507354e-11,-7.3068923776913e-24,-2.4090439598457564e-13,5.843337531911678e-12,-2.337253982134959e-14
15.068,6.058369448217502e-11,-7.318158166958479e-24,-2.41089277814423e-13,4.674662710148319e-12,-1.8488182984731955e-14
15.08,6.063044117941031e-11,-7.329432662873132e-24,-2.412761760658575e-13,3.895558102941186e-12,-1.557485428620791e-14
15.091,6.067718784501968e-11,-7.340715839657587e-24,-2.41461004752229e-13,4.249696873578819e-12,-1.6802607851957764e-14
15.1,6.072393450705932e-11,-7.352007664394363e-24,-2.4164620522147807e-13,5.194073559959554e-12,-2.0577829916567075e-14
15.11,6.077068117881603e-11,-7.363308187919827e-24,-2.4183307151832996e-13,4.6746671756708615e-12,-1.8686629685188617e-14
15.119,6.081742788456055e-11,-7.37461741799836e-24,-2.420183528082534e-13,5.194078416058906e-12,-2.0586809991497778e-14
15.13,6.086417457799638e-11,-7.385935308694352e-24,-2.4220373282562407e-13,4.249699403256928e-12,-1.6852728851878415e-14
15.14,6.091092123865352e-11,-7.397261859877902e-24,-2.4238922095248985e-13,4.674666065712766e-12,-1.854881268657737e-14
15.15,6.09576679400964e-11,-7.408597086520766e-24,-2.4257447885910927e-13,4.674670144288077e-12,-1.8525790661944758e-14
15.16,6.100441464607973e-11,-7.419940972301493e-24,-2.427596443525151e-13,4.674670598333305e-12,-1.8516549340581686e-14
15.172,6.105116133220065e-11,-7.431293546666019e-24,-2.429464155448716e-13,3.895557176743263e-12,-1.556426602970864e-14
15.181,6.1097907992733e-11,-7.442654843458805e-24,-2.431330888904305e-13,5.194073392483513e-12,-2.0741482839877843e-14
15.191,6.114465465641549e-11,-7.454024827777635e-24,-2.4331806818276727e-13,4.6746663682491115e-12,-1.8497929233680502e-14
15.2,6.119140133330731e-11,-7.46540346818921e-24,-2.435032918855015e-13,5.194075210202798e-12,-2.058041141490973e-14
15.207,6.12381480164568e-11,-7.476790806015173e-24,-2.4369011131472996e-13,6.678097592785164e-12,-2.668848988978625e-14
15.22,6.128489468814523e-11,-7.488186839331515e-24,-2.4387543740703847e-13,3.5958978221865273e-12,-1.425585325449865e-14
15.23,6.133164137360233e-11,-7.499591541213883e-24,-2.440608417473242e-13,4.674668545710257e-12,-1.854043402857075e-14
15.24,6.137838806561348e-11,-7.511004908145272e-24,-2.442460925130919e-13,4.674669201113995e-12,-1.8525076576773468e-14
15.25,6.142513473994055e-11,-7.522426930524893e-24,-2.4443133937033197e-13,4.674667432706897e-12,-1.8524685724008273e-14
15.26,6.14718814418702e-11,-7.533857617518003e-24,-2.44616508767137e-13,4.674670192965588e-12,-1.851693968049894e-14
15.269,6.151862811779866e-11,-7.545296951905866e-24,-2.448015797134679e-13,5.194075103161491e-12,-2.0563438481214987e-14
15.279,6.156537479909464e-11,-7.556744982663165e-24,-2.4498851617856225e-13,4.6746681295991186e-12,-1.869364650943088e-14
15.29,6.161212150523376e-11,-7.568201684690583e-24,-2.451723089850976e-13,4.249700558101829e-12,-1.6708436957757423e-14
15.3,6.165886815571264e-11,-7.57966703287435e-24,-2.4535901534786846e-13,4.674665047888116e-12,-1.8670636277082354e-14
15.31,6.170561486940159e-11,-7.591141090148294e-24,-2.455442532879361e-13,4.674671368895059e-12,-1.8523794006765844e-14
15.32,6.175236157190008e-11,-7.60262384385677e-24,-2.4573119908637395e-13,4.674670249848731e-12,-1.869457984378641e-14
15.331,6.179910824876397e-11,-7.614115289318487e-24,-2.4591638883423734e-13,4.249697896717014e-12,-1.6835431623946497e-14
15.34,6.184585492959521e-11,-7.62561539279463e-24,-2.461015799990611e-13,5.194075647915529e-12,-2.057679609153342e-14
15.351,6.189260161498525e-11,-7.637124194590908e-24,-2.4628848788499905e-13,4.249698671821719e-12,-1.6991625994359682e-14
15.36,6.193934831856247e-11,-7.648641705245764e-24,-2.4647398619323395e-13,5.194078175246409e-12,-2.0610923137211453e-14
15.369,6.19860950325109e-11,-7.66016788378244e-24,-2.466592231011787e-13,5.1940793276022904e-12,-2.0581878660529917e-14
15.379,6.203284171045136e-11,-7.671702752539201e-24,-2.468461665845366e-13,4.674667794046686e-12,-1.8694348335784482e-14
15.39,6.20795884242836e-11,-7.683246291357694e-24,-2.4702978199749115e-13,4.249701257475517e-12,-1.6692310268599076e-14
15.4,6.212633514385072e-11,-7.694798489062324e-24,-2.47216565622273e-13,4.6746719567127636e-12,-1.8678362478185273e-14
15.41,6.217308184209939e-11,-7.706359383117522e-24,-2.47402070059817e-13,4.674669824866493e-12,-1.8550443754395922e-14
15.421,6.221982852367508e-11,-7.717928936347426e-24,-2.47587214309802e-13,4.2496983250630945e-12,-1.683129545317819e-14
15.43,6.226657520414979e-11,-7.729507144748841e-24,-2.4777238272841624e-13,5.19407560830185e-12,-2.057426873491789e-14
15.44,6.231332187142506e-11,-7.741094007135516e-24,-2.47957604543028e-13,4.6746667275267395e-12,-1.8522181461174154e-14
15.45,6.236006855706912e-11,-7.752689534512547e-24,-2.4814290899156014e-13,4.6746685644066076e-12,-1.853044485321587e-14
15.46,6.24068152012527e-11,-7.764293754622613e-24,-2.4832995286754593e-13,4.674664418358588e-12,-1.8704387598578906e-14
15.47,6.245356186917005e-11,-7.77590667857661e-24,-2.485150404282296e-13,4.67466679173498e-12,-1.8508756068368806e-14
15.48,6.250030858911593e-11,-7.787528310195133e-24,-2.4870194643114056e-13,4.674671994586882e-12,-1.869060029109461e-14
15.49,6.254705529716922e-11,-7.799158644214751e-24,-2.4888748837401303e-13,4.67467080532905e-12,-1.855419428724649e-14
15.494,6.25938020070316e-11,-7.810797691956701e-24,-2.4907473297649176e-13,1.1686677465594998e-11,-4.6811150619683625e-14
15.51,6.264054869646343e-11,-7.822445444200468e-24,-2.492601174839642e-13,2.9216680894893436e-12,-1.158653171702803e-14
15.52,6.268729535565118e-11,-7.834101846923564e-24,-2.494451558182693e-13,4.674665918774884e-12,-1.8503833430516012e-14
15.53,6.273404203861439e-11,-7.845766908264315e-24,-2.496303122713521e-13,4.67466829632068e-12,-1.8515645308276417e-14
15.54,6.278078870098316e-11,-7.857440615856912e-24,-2.4981529522492266e-13,4.6746662368771146e-12,-1.849829535705481e-14
15.55,6.282753539539599e-11,-7.86912298251123e-24,-2.5000043724800506e-13,4.674669441282577e-12,-1.8514202308239916e-14
15.56,6.287428207079608e-11,-7.880814037604647e-24,-2.5018722287357136e-13,4.67466754000918e-12,-1.8678562556630828e-14
15.57,6.2921028743934e-11,-7.892513784726147e-24,-2.5037233938587426e-13,4.674667313791412e-12,-1.8511651230290032e-14
15.58,6.296777542479458e-11,-7.90422215098788e-24,-2.5055589963299576e-13,4.674668086057572e-12,-1.8356024712149085e-14
15.59,6.301452211468354e-11,-7.915939224220091e-24,-2.507447597310891e-13,4.674668988895846e-12,-1.8886009809335204e-14
15.599,6.306126879386808e-11,-7.92766495463617e-24,-2.5092640154162633e-13,5.1940754649500704e-12,-2.0182423393024335e-14
15.61,6.310801548650656e-11,-7.93939938450029e-24,-2.5111681057905874e-13,4.249699330770715e-12,-1.730991249385589e-14
15.621,6.315476214732144e-11,-7.951142540759916e-24,-2.513000917160855e-13,4.249696437715923e-12,-1.6661921547888085e-14
15.63,6.320150882431472e-11,-7.962894352724488e-24,-2.514869605598265e-13,5.1940752214754316e-12,-2.076320486011025e-14
15.64,6.324825551675377e-11,-7.974654867996268e-24,-2.516722859307342e-13,4.674669243904875e-12,-1.853253709077054e-14
15.64,6.329500220560696e-11,-7.98642404728092e-24,-2.518576783674277e-13,0.0,0.0
15.659,6.334174886606881e-11,-7.998201922944434e-24,-2.5204465592341377e-13,2.460350550623737e-12,-9.840923999266635e-15
15.669,6.338849554056441e-11,-8.009988501991924e-24,-2.522298908617753e-13,4.674667449559048e-12,-1.8523493836154216e-14
15.681000000000001,6.343524220292641e-11,-8.021783697742397e-24,-2.52413442137329e-13,3.895555196834079e-12,-1.5295939629471784e-14
15.69,6.348198889747899e-11,-8.03358755533846e-24,-2.5260012979718224e-13,5.194077172508201e-12,-2.0743073317026386e-14
15.7,6.352873558763363e-11,-8.045400060945305e-24,-2.527834842198636e-13,4.674669015464474e-12,-1.8335442268133595e-14
15.71,6.357548228607215e-11,-8.057221177697745e-24,-2.5296845751295717e-13,4.674669843851942e-12,-1.8497329309359508e-14
15.72,6.362222895742707e-11,-8.069050979628483e-24,-2.531553621242856e-13,4.6746671354913905e-12,-1.8690461132845192e-14
15.73,6.366897567161011e-11,-8.080889496362849e-24,-2.533408458449257e-13,4.6746714183042116e-12,-1.8548372064009685e-14
15.74,6.37157223541528e-11,-8.092736670925578e-24,-2.535261196090938e-13,4.674668254269299e-12,-1.8527376416810364e-14
15.75,6.37624690546711e-11,-8.104592510100823e-24,-2.537113557119602e-13,4.674670051829964e-12,-1.8523610286642366e-14
15.76,6.380921573251737e-11,-8.116457008119473e-24,-2.5389682374707213e-13,4.674667784626339e-12,-1.854680351119139e-14
15.774000000000001,6.385596239829117e-11,-8.128330208922563e-24,-2.54083824992386e-13,3.3390475552712927e-12,-1.3357231808130773e-14
15.78,6.390270906867259e-11,-8.140212145976752e-24,-2.5427054366069266e-13,7.791111730236242e-12,-3.1119778051111945e-14
15.784,6.3949455723487e-11,-8.152102767910126e-24,-2.544555664997543e-13,1.168666370360193e-11,-4.625570976540309e-14
15.798,6.399620240698729e-11,-8.164002047884406e-24,-2.5464065523351245e-13,3.3390488214493593e-12,-1.3220623839867756e-14
15.81,6.404294906928296e-11,-8.175909972961198e-24,-2.5482566779402777e-13,3.895555191305755e-12,-1.541771337627673e-14
15.821,6.408969576264271e-11,-8.18782660137602e-24,-2.550126783373811e-13,4.2496993963401935e-12,-1.7000958486665784e-14
15.829,6.413644245344029e-11,-8.199751929989882e-24,-2.551979231145597e-13,5.84333634969791e-12,-2.3155597147326883e-14
15.84,6.418318914324933e-11,-8.211685914251043e-24,-2.5538301041928063e-13,4.2496990735498795e-12,-1.682611861099248e-14
15.85,6.422993584904239e-11,-8.223628555707607e-24,-2.5556813593236736e-13,4.674670579306083e-12,-1.8512551308675507e-14
15.86,6.427668256143256e-11,-8.235579854198819e-24,-2.5575331878131285e-13,4.674671239017363e-12,-1.851828489454932e-14
15.869,6.43234292196424e-11,-8.247539841136723e-24,-2.559404533901445e-13,5.194073134427517e-12,-2.0792734314623218e-14
15.88,6.437017587139063e-11,-8.259508570046154e-24,-2.5612740438460004e-13,4.249695613475937e-12,-1.6995544950507246e-14
15.89,6.441692255845638e-11,-8.271485926880573e-24,-2.563092017678258e-13,4.674668706574554e-12,-1.817973832257536e-14
15.9,6.446366921278717e-11,-8.283471931051685e-24,-2.564977292393233e-13,4.67466543307883e-12,-1.8852747149750924e-14
15.911,6.451041586724952e-11,-8.295466632066092e-24,-2.566812844189378e-13,4.249695860214138e-12,-1.6686834510410712e-14
15.922,6.455716256662839e-11,-8.307470041660799e-24,-2.56869822042059e-13,4.249699943532953e-12,-1.7139783920109602e-14
15.93,6.460390925333422e-11,-8.319482138897645e-24,-2.5705311382010264e-13,5.843335838229906e-12,-2.291147225545188e-14
15.94,6.465065595559868e-11,-8.331502894255195e-24,-2.5724007800957793e-13,4.674670226445723e-12,-1.8696418947529017e-14
15.95,6.469740265505414e-11,-8.343532352727085e-24,-2.574254967590521e-13,4.6746699455459405e-12,-1.8541874947418002e-14
15.959,6.474414932066887e-11,-8.355570461157136e-24,-2.576105286664617e-13,5.194073957191444e-12,-2.055910082328875e-14
15.97,6.47908959795186e-11,-8.367617226739224e-24,-2.577959572092911e-13,4.249696259066718e-12,-1.685714025721941e-14
15.98,6.483764266597981e-11,-8.379672705370747e-24,-2.5798300143524045e-13,4.674668646121299e-12,-1.870442259493515e-14
15.99,6.488438932860317e-11,-8.391736840804794e-24,-2.5816659115709014e-13,4.674666262335666e-12,-1.8358972184971744e-14
15.999,6.493113599135939e-11,-8.403809634251961e-24,-2.583534226939929e-13,5.194073639579824e-12,-2.0759059655857114e-14
16.009,6.497788266161234e-11,-8.415891121621497e-24,-2.5853846732344025e-13,4.67466702529563e-12,-1.8504462944739455e-14
16.018,6.502462935515148e-11,-8.427981269689529e-24,-2.587237025842037e-13,5.194077059904563e-12,-2.058169564038509e-14
16.03,6.507137602431591e-11,-8.440080069360818e-24,-2.589088854717289e-13,3.895555763702331e-12,-1.5431907293767425e-14
16.04,6.511812272466224e-11,-8.452187539265329e-24,-2.5909430255268055e-13,4.6746700346332924e-12,-1.8541708095162687e-14
16.05,6.516486940325614e-11,-8.464303669457763e-24,-2.592796464370153e-13,4.674667859389818e-12,-1.853438843347931e-14
16.061,6.521161606144474e-11,-8.47642849934604e-24,-2.5946673493472984e-13,4.249696198963022e-12,-1.7008045246775047e-14
16.068,6.52583627667261e-11,-8.488562047226646e-24,-2.5965211237533364e-13,6.678100754482168e-12,-2.6482491514828118e-14
16.08,6.530510945908229e-11,-8.500704292512047e-24,-2.598389862840008e-13,3.895557696348483e-12,-1.557282572226171e-14
16.09,6.535185612269035e-11,-8.512855228204795e-24,-2.600242405175743e-13,4.674666360806555e-12,-1.8525423357356636e-14
16.1,6.539860280581961e-11,-8.525014868570494e-24,-2.602111880399558e-13,4.6746683129271586e-12,-1.8694752238151828e-14
16.111,6.54453494721457e-11,-8.537183205865759e-24,-2.6039651520822773e-13,4.2496969387347074e-12,-1.684792438835626e-14
16.12,6.549209616361026e-11,-8.549360207975815e-24,-2.6058162157770815e-13,5.194076829395061e-12,-2.056737438671028e-14
16.131,6.553884286014559e-11,-8.561545862697249e-24,-2.607666500472228e-13,4.2496996850299876e-12,-1.682076995587464e-14
16.14,6.558558953339368e-11,-8.573740159450233e-24,-2.609516201819754e-13,5.194074805343842e-12,-2.055223719473282e-14
16.15,6.563233620834343e-11,-8.585943110025723e-24,-2.6113687439463783e-13,4.674667494975399e-12,-1.8525421266244148e-14
16.16,6.567908289559911e-11,-8.598154759955313e-24,-2.613236739987955e-13,4.674668725568688e-12,-1.867996041576684e-14
16.171,6.57258295771916e-11,-8.610375099459848e-24,-2.615087105996941e-13,4.249698326590371e-12,-1.682150917259845e-14
16.181,6.577257630683985e-11,-8.62260414792188e-24,-2.616957383126038e-13,4.6746729648246594e-12,-1.8702771290971406e-14
16.19,6.581932301640364e-11,-8.634841894762146e-24,-2.6188108471785426e-13,5.1940788404200224e-12,-2.0594045027825886e-14
16.2,6.5866069711015e-11,-8.647088342305855e-24,-2.6206815471061204e-13,4.674669461136566e-12,-1.8706999275778446e-14
16.21,6.591281638978272e-11,-8.659343488010879e-24,-2.622534025883945e-13,4.6746678767721915e-12,-1.8524787778244335e-14
16.22,6.595956308378653e-11,-8.671607260983187e-24,-2.6243709087443906e-13,4.674669400380977e-12,-1.8368828604454645e-14
16.231,6.600630976656957e-11,-8.683879691632063e-24,-2.626239366998612e-13,4.24969843482169e-12,-1.6985984129284113e-14
16.239,6.605305644412387e-11,-8.69616081400447e-24,-2.628090144715241e-13,5.843334694288233e-12,-2.3134721457862266e-14
16.25,6.609980309692744e-11,-8.708450578898445e-24,-2.6299397491535954e-13,4.2496957094157286e-12,-1.6814585803218717e-14
16.26,6.614654979477317e-11,-8.720749044066453e-24,-2.631807383700701e-13,4.674669784572457e-12,-1.867634547105386e-14
16.269,6.61932964775836e-11,-8.733056195852697e-24,-2.6336579055260293e-13,5.19407586782701e-12,-2.056135361475838e-14
16.282,6.624004314611222e-11,-8.745371959241776e-24,-2.635493363100678e-13,3.5958975791236402e-12,-1.4118904420374162e-14
16.288,6.628678984023538e-11,-8.75769638992314e-24,-2.637363215330256e-13,7.791115687195322e-12,-3.116420382629047e-14
16.3,6.633353653855658e-11,-8.770029489812393e-24,-2.6392019035626804e-13,3.895558193433712e-12,-1.5322401936873597e-14
16.31,6.638028322103258e-11,-8.782371215812707e-24,-2.6410555806552203e-13,4.67466824760057e-12,-1.8536770925401498e-14
16.32,6.642702990540426e-11,-8.794721644908129e-24,-2.642925202762489e-13,4.674668437168031e-12,-1.8696221072691302e-14
16.33,6.647377658914451e-11,-8.807080775239423e-24,-2.644778369951121e-13,4.6746683740260265e-12,-1.8531671886320195e-14
16.341,6.652052328893652e-11,-8.819448568918654e-24,-2.6466298938448815e-13,4.249699981091465e-12,-1.683203539782039e-14
16.35,6.656726998981297e-11,-8.831825021409067e-24,-2.6484828128773446e-13,5.1940778751618265e-12,-2.058798924959001e-14
16.361,6.661401666614705e-11,-8.844210170491334e-24,-2.650353405447467e-13,4.249697848552919e-12,-1.7005387001111245e-14
16.371,6.666076333650633e-11,-8.856604018951228e-24,-2.652205414095536e-13,4.6746670359282104e-12,-1.8520086480688268e-14
16.38,6.67075100128788e-11,-8.86900656450024e-24,-2.6540736677337284e-13,5.194075152495921e-12,-2.0758373757694305e-14
16.391,6.675425667303559e-11,-8.881417805869807e-24,-2.6559276576831814e-13,4.2496963778897085e-12,-1.6854454085936937e-14
16.4,6.680100332571379e-11,-8.893837705410273e-24,-2.657778812794678e-13,5.194072519799694e-12,-2.0568390127742282e-14
16.405,6.68477499858383e-11,-8.906266265723209e-24,-2.659632219280044e-13,9.34933202490204e-12,-3.7068129707317744e-14
16.419,6.689449665600861e-11,-8.918703526779799e-24,-2.6615001785034803e-13,3.33904786930864e-12,-1.3342565881690545e-14
16.432,6.694124332827489e-11,-8.931149481600276e-24,-2.6633515027390016e-13,3.5958978666363506e-12,-1.4240955657856374e-14
16.44,6.698799000033207e-11,-8.943604095197275e-24,-2.6652047554534773e-13,5.8433340071482644e-12,-2.3165658930942734e-14
16.45,6.703473668247651e-11,-8.956067373174995e-24,-2.667057302936262e-13,4.67466821444386e-12,-1.8525474827842263e-14
16.461,6.708148337956851e-11,-8.968539321648797e-24,-2.668912615647438e-13,4.249699735636145e-12,-1.6866479192509953e-14
16.471,6.712823004412617e-11,-8.981019962202814e-24,-2.670779818931689e-13,4.674666455766062e-12,-1.86720328425092e-14
16.48,6.717497671517052e-11,-8.993509336413515e-24,-2.6726484644860706e-13,5.194074560483676e-12,-2.076272838201736e-14
16.49,6.722172339965259e-11,-9.006007410922695e-24,-2.674500599732478e-13,4.674668448206757e-12,-1.8521352464073683e-14
16.5,6.726847004446955e-11,-9.018514127295757e-24,-2.676350321026968e-13,4.674664481696221e-12,-1.8497212944901373e-14
16.512,6.731521669359097e-11,-9.031029495560348e-24,-2.6782017163113486e-13,3.895554093450966e-12,-1.5428294036501968e-14
16.52,6.736196335904897e-11,-9.043553565871764e-24,-2.6800715161042923e-13,5.84333318225067e-12,-2.3372497411799205e-14
16.53,6.740871003068962e-11,-9.056086341928837e-24,-2.6819256559779155e-13,4.674667164065931e-12,-1.854139873623245e-14
16.542,6.745545671358898e-11,-9.068627785485772e-24,-2.6837785091423176e-13,3.895556908280417e-12,-1.544044303668222e-14
16.551,6.75022034025308e-11,-9.081177890584398e-24,-2.6856306972501983e-13,5.194076549090204e-12,-2.0579867865341132e-14
16.56,6.754895010692187e-11,-9.093736661508984e-24,-2.687484301197473e-13,5.194078265675632e-12,-2.059559941416308e-14
16.571,6.759569675495031e-11,-9.106304078484313e-24,-2.689336286103473e-13,4.249695275312095e-12,-1.6836226418180377e-14
16.581,6.764244344880895e-11,-9.118880206718703e-24,-2.6912060352081124e-13,4.6746693858639575e-12,-1.8697491046395184e-14
16.59,6.768919010694973e-11,-9.131465023247019e-24,-2.693057580134098e-13,5.194073126754498e-12,-2.0572721399835983e-14
16.601,6.773593679699464e-11,-9.144058507736679e-24,-2.694910841826461e-13,4.2496990949922815e-12,-1.6847833566934492e-14
16.608,6.778268346091913e-11,-9.156660649736287e-24,-2.6967646026362966e-13,6.678094846354097e-12,-2.6482297283367664e-14
16.619,6.782943012460784e-11,-9.169271453729328e-24,-2.698616799133112e-13,4.2496966989733995e-12,-1.6838149971048908e-14
16.63,6.787617678943152e-11,-9.18189095859662e-24,-2.700487036355707e-13,4.249696802152901e-12,-1.70021565690474e-14
16.64,6.792292347882614e-11,-9.194519177272366e-24,-2.702342057761665e-13,4.674668939461878e-12,-1.8550214059577533e-14
16.65,6.796967016794711e-11,-9.207156103218109e-24,-2.7042123671051455e-13,4.674668912097089e-12,-1.8703093434804988e-14
16.659,6.80164168598903e-11,-9.219801722726882e-24,-2.7060611658947293e-13,5.194076882575422e-12,-2.0542208773153265e-14
16.671,6.806316358741975e-11,-9.23245600084867e-24,-2.707912727279624e-13,3.895560627454022e-12,-1.5429678207452295e-14
16.68,6.81099102560552e-11,-9.245118958832728e-24,-2.7097815614000827e-13,5.194074292829169e-12,-2.0764823560657254e-14
16.693,6.815665695876352e-11,-9.257790584492257e-24,-2.7116171364270994e-13,3.595900208331853e-12,-1.4119807900126106e-14
16.7,6.820340362237615e-11,-9.270470860910268e-24,-2.713487218865012e-13,6.67809480180333e-12,-2.6715463398745817e-14
16.71,6.825015030770835e-11,-9.283159845052698e-24,-2.7153401096429704e-13,4.674668533220244e-12,-1.8528907779585288e-14
16.72,6.829689699051967e-11,-9.295857484350881e-24,-2.7171905148020834e-13,4.674668281131162e-12,-1.8504051591130262e-14
16.732,6.834364368784395e-11,-9.308563785756046e-24,-2.719044399088147e-13,3.895558110356515e-12,-1.5449035717195845e-14
16.74,6.839039034559367e-11,-9.321278743384968e-24,-2.72089857908003e-13,5.843332218715537e-12,-2.3177249898536923e-14
16.75,6.8437137014009e-11,-9.33400240882899e-24,-2.7227686919125283e-13,4.674666841532494e-12,-1.8701128324984702e-14
16.76,6.848388371611704e-11,-9.346734784457839e-24,-2.7246212007137003e-13,4.674670210804565e-12,-1.8525088011719973e-14
16.77,6.853063041765061e-11,-9.359475819324472e-24,-2.726473506998559e-13,4.674670153356871e-12,-1.852306284858469e-14
16.78,6.857737713016155e-11,-9.372225554866947e-24,-2.728342396683056e-13,4.6746712510942e-12,-1.8688896844969934e-14
16.79,6.862412382706825e-11,-9.384984025376057e-24,-2.730212476006137e-13,4.674669690670088e-12,-1.8700793230809128e-14
16.8,6.867087051134555e-11,-9.397751192010132e-24,-2.7320644026448725e-13,4.674668427729901e-12,-1.8519266387358598e-14
16.81,6.871761722098378e-11,-9.410527025250914e-24,-2.7339174128246985e-13,4.6746709638234725e-12,-1.853010179825741e-14
16.822,6.876436390332204e-11,-9.423311514654975e-24,-2.7357710290420394e-13,3.895556861521964e-12,-1.544680181117619e-14
16.83,6.881111057685907e-11,-9.436104661026976e-24,-2.737622221865693e-13,5.84333419212963e-12,-2.3139910295668848e-14
16.84,6.885785725215438e-11,-9.448906465801797e-24,-2.7394752161656366e-13,4.674667529530869e-12,-1.8529942999431328e-14
16.848,6.890460392955021e-11,-9.461716972535667e-24,-2.741345003588591e-13,5.843334674479325e-12,-2.3372342786927048e-14
16.86,6.895135057497886e-11,-9.474536169688403e-24,-2.743197057210139e-13,3.895553785721167e-12,-1.5433780179564903e-14
16.871,6.899809723824013e-11,-9.487364026488068e-24,-2.745047837606171e-13,4.24969666011471e-12,-1.6825276327566184e-14
16.88,6.90448439258429e-11,-9.50020051234155e-24,-2.746886034824184e-13,5.194076400308905e-12,-2.0424413533480226e-14
16.891,6.909159064025028e-11,-9.513045669521845e-24,-2.7487546077904886e-13,4.249701309761603e-12,-1.6987026966409836e-14
16.9,6.913833734327304e-11,-9.525899480412926e-24,-2.750589756592511e-13,5.194078113638916e-12,-2.0390542244694987e-14
16.91,6.918508402928234e-11,-9.538761946438755e-24,-2.7524596032131416e-13,4.674668600930768e-12,-1.8698466206309893e-14
16.919,6.923183072763706e-11,-9.55163316017261e-24,-2.754330902583289e-13,5.1940775949691e-12,-2.0792215223860184e-14
16.93,6.927857744487025e-11,-9.564513082628034e-24,-2.7561832972381687e-13,4.24970156665307e-12,-1.683995140799458e-14
16.939,6.932532410636551e-11,-9.577401683496599e-24,-2.7580504282526416e-13,5.19407349947381e-12,-2.0745900160812504e-14
16.95,6.937207079679115e-11,-9.590299027108266e-24,-2.7599203603660287e-13,4.2496991296045266e-12,-1.6999382848971924e-14
16.957,6.941881749065406e-11,-9.603205069432424e-24,-2.76177166003958e-13,6.6780991232725475e-12,-2.6447138193585148e-14
16.971,6.946556415792933e-11,-9.61611975785362e-24,-2.763622629630347e-13,3.3390476625199863e-12,-1.32212113626224e-14
16.98,6.951231084997619e-11,-9.629043064261214e-24,-2.7654558320677853e-13,5.194076894094371e-12,-2.0368915971538472e-14
16.989,6.955905755201303e-11,-9.641975025294034e-24,-2.767324222716866e-13,5.194078004093549e-12,-2.0759896100897015e-14
17.001,6.96058042591804e-11,-9.654915646367287e-24,-2.7691603159354787e-13,3.895558930614316e-12,-1.5300776821771902e-14
17.014,6.96525509642596e-11,-9.667864925127687e-24,-2.7710285544713386e-13,3.5959003907079977e-12,-1.4371065660460828e-14
17.02,6.969929768606729e-11,-9.68082290524101e-24,-2.77288109833041e-13,7.791120301280468e-12,-3.0875730984525164e-14
17.031,6.974604436683176e-11,-9.693789539426674e-24,-2.7747359617951633e-13,4.249698251316183e-12,-1.6862395134120236e-14
17.04,6.979279104721988e-11,-9.706764835967442e-24,-2.7765872265206643e-13,5.194075598679901e-12,-2.056960806112248e-14
17.05,6.983953774753201e-11,-9.719748791274728e-24,-2.778438142368514e-13,4.6746700312129e-12,-1.850915847850162e-14
17.059,6.988628443292539e-11,-9.732741395726069e-24,-2.780289430295439e-13,5.19407615482008e-12,-2.0569865854718096e-14
17.07,6.993303110339593e-11,-9.745742726737261e-24,-2.7821734704082773e-13,4.2496973155041964e-12,-1.7127637389440726e-14
17.08,6.997977776410936e-11,-9.75875279499059e-24,-2.7840287159186386e-13,4.67466607134297e-12,-1.8552455103614974e-14
17.089,7.002652443353532e-11,-9.771771529451124e-24,-2.785880165464082e-13,5.194074380661963e-12,-2.0571661616036304e-14
17.1,7.007327111210574e-11,-9.784798917134534e-24,-2.787729802904957e-13,4.249698051855866e-12,-1.6814885826137225e-14
17.11,7.012001778535666e-11,-9.797834999815698e-24,-2.789600849564149e-13,4.674667325091526e-12,-1.871046659191304e-14
17.12,7.016676450044918e-11,-9.810879796322984e-24,-2.7914529128101086e-13,4.674671509251479e-12,-1.852063245959813e-14
17.129,7.02135111862292e-11,-9.823933237908536e-24,-2.793303040575858e-13,5.194076197780166e-12,-2.0556975174992458e-14
17.139,7.026025786691779e-11,-9.836995327779682e-24,-2.795153585108287e-13,4.674668068859246e-12,-1.8505445324288975e-14
17.15,7.030700454551031e-11,-9.85006607606632e-24,-2.79700768930925e-13,4.249698053865914e-12,-1.6855492736025347e-14
17.16,7.035375122865518e-11,-9.863145487674175e-24,-2.7988595371732606e-13,4.674668314486393e-12,-1.8518478640102832e-14
17.166,7.040049789652484e-11,-9.876233628575435e-24,-2.800744241112437e-13,7.791111311609783e-12,-3.1411732319610453e-14
17.182,7.044724456738487e-11,-9.88933050682908e-24,-2.802597349932558e-13,2.9216669287520265e-12,-1.1581930125755995e-14
17.189,7.049399123131218e-11,-9.902435998390704e-24,-2.804430172715933e-13,6.678094846759415e-12,-2.6183182619642712e-14
17.199,7.054073792480932e-11,-9.915550149042243e-24,-2.8062984887003827e-13,4.674669349712857e-12,-1.8683159844497177e-14
17.21,7.058748459730748e-11,-9.928672947145737e-24,-2.808132401118191e-13,4.249697499832372e-12,-1.6671931070981858e-14
17.22,7.063423124597209e-11,-9.941804427474614e-24,-2.810015938493814e-13,4.674664866461765e-12,-1.8835373756231263e-14
17.23,7.068097792018466e-11,-9.954944647562795e-24,-2.811868531160512e-13,4.674667421257063e-12,-1.852592666697956e-14
17.24,7.072772462351348e-11,-9.96809353799398e-24,-2.8137219361258507e-13,4.674670332882361e-12,-1.8534049653387128e-14
17.25,7.077447129263684e-11,-9.981251082157803e-24,-2.8155750429183866e-13,4.6746669123350184e-12,-1.8531067925361346e-14
17.26,7.082121797277705e-11,-9.994417292199773e-24,-2.8174282002986417e-13,4.67466801402048e-12,-1.8531573802551074e-14
17.272,7.086796465588382e-11,-1.0007592204608529e-23,-2.819297887267459e-13,3.895556925564355e-12,-1.5580724740142134e-14
17.282,7.09147113242563e-11,-1.0020775812491612e-23,-2.821150231103008e-13,4.674666837248526e-12,-1.852343835549607e-14
17.291,7.096145800740682e-11,-1.0033968083939722e-23,-2.8230027051103165e-13,5.19407590561262e-12,-2.058304452564883e-14
17.299,7.100820467221686e-11,-1.0047169010214575e-23,-2.824855309356881e-13,5.843333101256247e-12,-2.315755308206123e-14
17.31,7.105495133090391e-11,-1.0060378582549767e-23,-2.826702558608214e-13,4.2496962442767275e-12,-1.6793175012115423e-14
17.32,7.110169801868905e-11,-1.0073596810828889e-23,-2.8285551314669146e-13,4.674668778514037e-12,-1.8525728587002668e-14
17.33,7.114844471793956e-11,-1.0086823699336668e-23,-2.8304063438226185e-13,4.6746699250508864e-12,-1.8512123557038658e-14
17.34,7.119519139940599e-11,-1.0100059239712322e-23,-2.832258880941822e-13,4.674668146642348e-12,-1.8525371192037274e-14
17.35,7.124193808822928e-11,-1.0113303487309753e-23,-2.834130731163303e-13,4.67466888232934e-12,-1.871850221481273e-14
17.36,7.12886847964616e-11,-1.0126556449784586e-23,-2.835985080615377e-13,4.67467082323172e-12,-1.854349452073547e-14
17.37,7.133543147553388e-11,-1.0139818066228923e-23,-2.8378367640683064e-13,4.6746679072281545e-12,-1.851683452929594e-14
17.38,7.13821781484892e-11,-1.0153088376723053e-23,-2.839705467359895e-13,4.6746672955322274e-12,-1.8687032915883186e-14
17.389,7.142892481802015e-11,-1.0166367423594504e-23,-2.841574933871182e-13,5.194074392327967e-12,-2.0771850125413745e-14
17.4,7.147567147925641e-11,-1.0179655169656233e-23,-2.843428319974156e-13,4.24969647602416e-12,-1.6848964572488257e-14
17.41,7.152241815227092e-11,-1.0192951576844186e-23,-2.8452790598317206e-13,4.674667301451532e-12,-1.8507398575646686e-14
17.42,7.156916484494623e-11,-1.0206256643216512e-23,-2.847130653403205e-13,4.674669267530808e-12,-1.8515935714844863e-14
17.43,7.16159115277551e-11,-1.0219570363212192e-23,-2.848982608842384e-13,4.674668280887143e-12,-1.8519554391796362e-14
17.44,7.166265823253037e-11,-1.0232892749817779e-23,-2.8508358787430254e-13,4.674670477526472e-12,-1.8532699006412566e-14
17.45,7.170940490094297e-11,-1.0246223822407892e-23,-2.8527032365796866e-13,4.674666841259524e-12,-1.8673578366614697e-14
17.461,7.175615157725453e-11,-1.0259563595422182e-23,-2.8545572862350363e-13,4.249697846506023e-12,-1.6854996866815246e-14
17.469,7.180289829451043e-11,-1.0272912048448324e-23,-2.8564118725492857e-13,5.843339656987269e-12,-2.318232892811719e-14
17.48,7.184964496842929e-11,-1.0286269193761705e-23,-2.858281470794711e-13,4.249697628988354e-12,-1.6996347685680055e-14
17.49,7.189639164507627e-11,-1.0299635076556099e-23,-2.8601497645763093e-13,4.674667664697972e-12,-1.8682937815985575e-14
17.5,7.194313833473206e-11,-1.0313009545728624e-23,-2.8619534564229235e-13,4.674668965580106e-12,-1.803691846613905e-14
17.511,7.198988503182954e-11,-1.0326392682681589e-23,-2.863857257030916e-13,4.249699736133958e-12,-1.7307278254476694e-14
17.52,7.203663172674409e-11,-1.033978455278828e-23,-2.8656900964962083e-13,5.1940772127280195e-12,-2.0364882947687218e-14
17.53,7.208337840465428e-11,-1.0353185065036947e-23,-2.8675567769645926e-13,4.674667791020033e-12,-1.8666804683841183e-14
17.541,7.213012510938302e-11,-1.0366594273137059e-23,-2.869407219930492e-13,4.249700429885074e-12,-1.682220878090192e-14
17.551,7.217687178304702e-11,-1.0380012163705211e-23,-2.8712752785049377e-13,4.6746673664009264e-12,-1.868058574445588e-14
17.56,7.222361845248428e-11,-1.0393438748801569e-23,-2.873127588261308e-13,5.19407438191744e-12,-2.0581219515225063e-14
17.571,7.227036510219375e-11,-1.0406873984355664e-23,-2.8749786985402774e-13,4.249695428133713e-12,-1.682827526335671e-14
17.579,7.231711178954394e-11,-1.042031788726616e-23,-2.876831182568382e-13,5.843335918772998e-12,-2.315605035131219e-14
17.59,7.236385847587075e-11,-1.0433770451299752e-23,-2.8786843804149747e-13,4.249698756982972e-12,-1.684725315084145e-14
17.6,7.241060514619556e-11,-1.044723167474481e-23,-2.880537977681277e-13,4.674667032480521e-12,-1.8535972663023664e-14
17.61,7.245735182237032e-11,-1.0460701566137756e-23,-2.882392136361017e-13,4.674667617475885e-12,-1.8541586797398167e-14
17.62,7.250409853346476e-11,-1.0474180126840558e-23,-2.8842427293821117e-13,4.6746711094444834e-12,-1.850593021094772e-14
17.63,7.255084525690313e-11,-1.0487667346163313e-23,-2.88609509570043e-13,4.6746723438370125e-12,-1.8523663183186562e-14
17.64,7.259759196172681e-11,-1.0501163224106943e-23,-2.8879495110946807e-13,4.67467048236796e-12,-1.8544153942503462e-14
17.65,7.264433861306914e-11,-1.0514667743415421e-23,-2.889798806997313e-13,4.674665134232537e-12,-1.8492959026323628e-14
17.659,7.269108528138453e-11,-1.052818091185764e-23,-2.8916478411561767e-13,5.194074257265917e-12,-2.054482398737735e-14
17.669,7.27378319293382e-11,-1.054170280167311e-23,-2.8935326615696623e-13,4.6746647953672455e-12,-1.884820413485852e-14
17.678,7.27845785739286e-11,-1.055523342454587e-23,-2.895384592841272e-13,5.194071621156191e-12,-2.0577014128990844e-14
17.691,7.283132525131967e-11,-1.0568772715548262e-23,-2.8972371539956973e-13,3.595898260850905e-12,-1.4250470418658018e-14
17.699,7.287807196831364e-11,-1.058232068531442e-23,-2.8990927863102714e-13,5.843339624246426e-12,-2.319540393217668e-14
17.71,7.292481866998799e-11,-1.0595877360618624e-23,-2.9009636106709595e-13,4.249700152213326e-12,-1.700749418807347e-14
17.72,7.297156532508282e-11,-1.0609442727136055e-23,-2.9028169977652267e-13,4.674665509483022e-12,-1.8533870942671763e-14
17.73,7.3018312034309e-11,-1.0623016771736287e-23,-2.9046697002001157e-13,4.67467092261747e-12,-1.8527024348890134e-14
17.74,7.306505874652399e-11,-1.0636599480358243e-23,-2.906523420499939e-13,4.674671221499332e-12,-1.8537202998231583e-14
17.75,7.311180543354035e-11,-1.0650190845696718e-23,-2.908376503304899e-13,4.674668701635044e-12,-1.853082804960004e-14
17.759,7.315855208896435e-11,-1.0663790866304901e-23,-2.9102304044316985e-13,5.194072824888719e-12,-2.0598901408879328e-14
17.77,7.320529875001607e-11,-1.067739962005775e-23,-2.912112174342713e-13,4.249696459247433e-12,-1.7106999191044403e-14
17.78,7.325204541597327e-11,-1.069101710170132e-23,-2.9139639167458273e-13,4.674666595720886e-12,-1.8517424031141215e-14
17.791,7.329879209990394e-11,-1.0704643246557238e-23,-2.9158163843037734e-13,4.2496985391509725e-12,-1.6840614163149118e-14
17.801,7.334553877045539e-11,-1.0718278046642432e-23,-2.91766862087385e-13,4.67466705514527e-12,-1.8522365700766955e-14
17.81,7.339228544050719e-11,-1.0731921546043574e-23,-2.919538344252511e-13,5.19407445020028e-12,-2.0774704207342608e-14
17.821,7.343903212189847e-11,-1.0745573749743964e-23,-2.921391233664629e-13,4.2496983082984e-12,-1.68444492010722e-14
17.83,7.348577880295549e-11,-1.0759234618236509e-23,-2.9232455121538703e-13,5.194075673002079e-12,-2.0603094324904137e-14
17.84,7.353252546765162e-11,-1.077290414490416e-23,-2.925097575640705e-13,4.674666469612238e-12,-1.852063486834767e-14
17.851,7.357927215201422e-11,-1.0786582339922038e-23,-2.9269516998885553e-13,4.24969857841874e-12,-1.6855674980457078e-14
17.86,7.362601882169489e-11,-1.0800269193861943e-23,-2.9288040291935195e-13,5.194074408963488e-12,-2.0581436721824735e-14
17.87,7.367276550574203e-11,-1.081396475200558e-23,-2.9306738879247363e-13,4.674668404714428e-12,-1.869858731217043e-14
17.879,7.371951216465892e-11,-1.0827669005533841e-23,-2.9325273956689206e-13,5.194073212988076e-12,-2.0594530490936498e-14
17.89,7.376625883156396e-11,-1.0841381918319473e-23,-2.934377645276389e-13,4.24969699136821e-12,-1.682045097698314e-14
17.9,7.381300551637179e-11,-1.0855103492428834e-23,-2.9362307907108326e-13,4.674668480781956e-12,-1.8531454344435428e-14
17.91,7.385975219813693e-11,-1.0868833729612108e-23,-2.9380844183366486e-13,4.674668176514321e-12,-1.8536276258159998e-14
17.92,7.390649884212611e-11,-1.0882572611324543e-23,-2.939933997536068e-13,4.674664398918603e-12,-1.8495791994193602e-14
17.93,7.39532455357325e-11,-1.0896320163724248e-23,-2.9417878266696985e-13,4.674669360638257e-12,-1.853829133630814e-14
17.94,7.399999222097435e-11,-1.0910076379387932e-23,-2.9436415219628594e-13,4.67466852418495e-12,-1.8536952931606645e-14
17.951,7.404673891475061e-11,-1.092384134067446e-23,-2.94552845972975e-13,4.249699434206267e-12,-1.715397969900643e-14
17.959,7.40934856113604e-11,-1.0937615040692253e-23,-2.947379923836219e-13,5.843337076224083e-12,-2.3143301330863582e-14
17.97,7.41402323035251e-11,-1.09513973971387e-23,-2.9492325671137976e-13,4.249699287699796e-12,-1.6842211614348998e-14
17.98,7.41869789779009e-11,-1.0965188407552924e-23,-2.9510846633086775e-13,4.674667437579818e-12,-1.8520961948797068e-14
17.989,7.423372567774962e-11,-1.0978988125801544e-23,-2.9529548916883813e-13,5.194077760968624e-12,-2.078031533004195e-14
18.0,7.428047239410589e-11,-1.0992796548211048e-23,-2.9548065451854613e-13,4.249701486933915e-12,-1.6833213609820465e-14
18.011,7.432721903320394e-11,-1.1006613598780116e-23,-2.956656112092315e-13,4.249694463459139e-12,-1.6814244607759746e-14
18.02,7.437396570015342e-11,-1.1020439308707447e-23,-2.9585078255944003e-13,5.1940741054975755e-12,-2.057459446761561e-14
18.03,7.442071236968933e-11,-1.1034273674210395e-23,-2.960358968679353e-13,4.6746669535906515e-12,-1.8511430849525845e-14
18.04,7.4467459032074e-11,-1.1048116684697321e-23,-2.9622073839794024e-13,4.674666238466542e-12,-1.848415300049065e-14
18.05,7.451420572932347e-11,-1.1061968400146181e-23,-2.9640788624857685e-13,4.674669724946797e-12,-1.871478506366276e-14
18.06,7.456095240595173e-11,-1.1075828809395512e-23,-2.965929535566035e-13,4.674667662826062e-12,-1.8506730802663936e-14
18.069,7.46076990768362e-11,-1.1089697875251293e-23,-2.967783215895829e-13,5.194074542719513e-12,-2.0596448108823044e-14
18.079,7.465444578889104e-11,-1.1103575654845782e-23,-2.9696523745298306e-13,4.6746712054842884e-12,-1.869158634001359e-14
18.086,7.470119247479379e-11,-1.1117462163035232e-23,-2.9715209605550014e-13,6.678097986107181e-12,-2.6694086073869406e-14
18.1,7.474793915581538e-11,-1.1131357369675217e-23,-2.973374521357197e-13,3.3390486443999166e-12,-1.3239720015684374e-14
18.109,7.479468582855605e-11,-1.1145261232965217e-23,-2.975225656942599e-13,5.194074748962293e-12,-2.056817317113228e-14
18.119,7.484143250581811e-11,-1.1159173754141393e-23,-2.977078117797074e-13,4.674667726206295e-12,-1.8524608544747693e-14
18.13,7.488817919287966e-11,-1.1173094937097121e-23,-2.9789302459171547e-13,4.249698823777806e-12,-1.6837528364370852e-14
18.14,7.493492589234042e-11,-1.1187024778353403e-23,-2.9807808853358023e-13,4.674669946076163e-12,-1.8506394186479063e-14
18.15,7.498167252901228e-11,-1.1200963298514947e-23,-2.9826514186341324e-13,4.674663667185534e-12,-1.8705332983300992e-14
18.161,7.502841922188082e-11,-1.1214910542000543e-23,-2.9845058837300264e-13,4.249699351685977e-12,-1.6858773599033996e-14
18.169,7.507516592950355e-11,-1.1228866455204217e-23,-2.9863587668052795e-13,5.84333845284184e-12,-2.3161038440660202e-14
18.177,7.512191263014713e-11,-1.124283098542432e-23,-2.9881934594886625e-13,5.843337580448569e-12,-2.2933658542287492e-14
18.46,7.601009963928242e-11,-1.1509806051843139e-23,-3.023492450638347e-13,3.1384699969444393e-12,-1.2473141749005204e-14
18.469,7.605684632879382e-11,-1.1523944205698452e-23,-3.025343949579046e-13,5.194076612378712e-12,-2.05722104522099e-14
18.471,7.610359299006773e-11,-1.1538091004750225e-23,-3.027194848380358e-13,2.3373330636959515e-11,-9.254494006560997e-14
18.473,7.615033966412345e-11,-1.1552246462651579e-23,-3.0290468788851855e-13,2.3373337027856186e-11,-9.260152524138245e-14
18.476,7.619708634525855e-11,-1.1566410583888073e-23,-3.0309004339765266e-13,1.5582227045034852e-11,-6.178516971136379e-14
18.481,7.624383304290925e-11,-1.1580583406413197e-23,-3.0327674772952966e-13,9.34933953014004e-12,-3.734086637539975e-14
18.481,7.629057975260743e-11,-1.1594764932761126e-23,-3.034622693902644e-13,0.0,0.0
18.481,7.633732643545355e-11,-1.1608955118706925e-23,-3.0364758661840615e-13,0.0,0.0
18.481,7.63840731379724e-11,-1.162315397173494e-23,-3.0383282431723485e-13,0.0,0.0
18.484,7.643081978390907e-11,-1.1637361463104883e-23,-3.0401790316343846e-13,1.5582215312222326e-11,-6.169294873453604e-14
18.485,7.647756642498619e-11,-1.1651577648990496e-23,-3.042048721225695e-13,4.67466410771215e-11,-1.8696895913105408e-13
18.487,7.652431305029424e-11,-1.1665802525429433e-23,-3.043899235530297e-13,2.3373312654024043e-11,-9.252571523011381e-14
18.49,7.657105972428074e-11,-1.1680036072007937e-23,-3.0457517983007026e-13,1.558222466216739e-11,-6.175209234684885e-14
18.5,7.661780640001019e-11,-1.1694278312357918e-23,-3.0476185334894003e-13,4.674667572944617e-12,-1.8667351886977343e-14
18.509,7.666455306009477e-11,-1.1708529198236483e-23,-3.0494527237002663e-13,5.194073342731355e-12,-2.037989123184105e-14
18.519,7.671129974201845e-11,-1.1722788747196935e-23,-3.051322079411703e-13,4.674668192367238e-12,-1.869355711436762e-14
18.531,7.675804642973323e-11,-1.173705703538382e-23,-3.053190939325639e-13,3.895557309565033e-12,-1.557383261613381e-14
18.541,7.680479310962615e-11,-1.1751334017757729e-23,-3.0550428033110686e-13,4.674667989291916e-12,-1.8518639854292265e-14
18.551,7.685153979819273e-11,-1.176561966003953e-23,-3.056894841834254e-13,4.674668856658617e-12,-1.8520385231855137e-14
18.56,7.68982864557308e-11,-1.1779913950376362e-23,-3.0587468273867783e-13,5.194073059785955e-12,-2.0577617250272123e-14
18.57,7.694503315292379e-11,-1.1794216956343093e-23,-3.0606185291346337e-13,4.674669719299636e-12,-1.8717017478551445e-14
18.58,7.699177984308582e-11,-1.1808528673450216e-23,-3.062474702714511e-13,4.674669016202732e-12,-1.856173579877268e-14
18.59,7.703852653118289e-11,-1.1822849056951876e-23,-3.064326610748962e-13,4.674668809707018e-12,-1.851908034451307e-14
18.597,7.708527324246514e-11,-1.1837178106087267e-23,-3.0661791477741984e-13,6.678101611749704e-12,-2.6464814646230442e-14
18.61,7.71320199259509e-11,-1.1851515798082228e-23,-3.0680279984207274e-13,3.5958987296733335e-12,-1.4221928050222853e-14
18.621,7.717876660345214e-11,-1.1865862142649527e-23,-3.0698818313924765e-13,4.249697954658384e-12,-1.6853027015898696e-14
18.63,7.722551328132781e-11,-1.1880217149194021e-23,-3.0717338712987083e-13,5.194075319519312e-12,-2.05782211803511e-14
18.636,7.727225999038847e-11,-1.1894580827270008e-23,-3.0735877415452005e-13,7.7911181767746e-12,-3.0897837441540176e-14
18.65,7.731900667558382e-11,-1.1908953196338277e-23,-3.0754553438435115e-13,3.3390489425258535e-12,-1.3340016416507369e-14
18.661,7.73657533548335e-11,-1.1923334257939477e-23,-3.0773075184729804e-13,4.249698113606402e-12,-1.6837951176987782e-14
18.669,7.741250002691835e-11,-1.1937723976652384e-23,-3.079160127731598e-13,5.8433340106069125e-12,-2.3157615732722212e-14
18.681,7.745924669896188e-11,-1.1952122396328252e-23,-3.081030126008185e-13,3.895556003628136e-12,-1.558331897155317e-14
18.69,7.750599336556572e-11,-1.1966529513458033e-23,-3.082881945787097e-13,5.194074067093418e-12,-2.057577532124599e-14
18.698,7.755274007587362e-11,-1.19809453379899e-23,-3.0847497172392114e-13,5.843338788487951e-12,-2.33471431514295e-14
18.71,7.759948676691501e-11,-1.1995369849833287e-23,-3.086601247737843e-13,3.895557586782207e-12,-1.5429420821931968e-14
18.72,7.764623343423436e-11,-1.2009803010763317e-23,-3.088453256759798e-13,4.674666731935199e-12,-1.8520090219545647e-14
18.73,7.76929801025601e-11,-1.2024244831198033e-23,-3.0903059797617055e-13,4.674666832574956e-12,-1.8527230019077135e-14
18.741,7.773972679113909e-11,-1.2038695322110473e-23,-3.092160137820729e-13,4.249698961726717e-12,-1.6855982354760608e-14
18.75,7.778647348548007e-11,-1.2053154517948118e-23,-3.0940295132289905e-13,5.19407714899651e-12,-2.0770837869573433e-14
18.758,7.783322017513268e-11,-1.2067622414737935e-23,-3.095883354325638e-13,5.843336206578086e-12,-2.3173013708095304e-14
18.769,7.787996686139824e-11,-1.2082098975823362e-23,-3.097736875004942e-13,4.2496987514145415e-12,-1.685018799367193e-14
18.779,7.792671355994334e-11,-1.2096584248090961e-23,-3.0996086995183115e-13,4.674669854508924e-12,-1.8718245133697208e-14
18.787,7.797346023618225e-11,-1.211107826133228e-23,-3.101479552079241e-13,5.843334529864372e-12,-2.338565701162032e-14
18.799,7.802020690256978e-11,-1.2125580861923376e-23,-3.1032840008424377e-13,3.8955555322937295e-12,-1.5037073026637963e-14
18.81,7.806695360273217e-11,-1.2140092142833126e-23,-3.105188836529986e-13,4.24970001476298e-12,-1.7316688068617793e-14
18.82,7.811370027875123e-11,-1.2154612156658797e-23,-3.1070234798068635e-13,4.674667601905865e-12,-1.8346432768778404e-14
18.83,7.816044692845205e-11,-1.2169140810687318e-23,-3.1088889423669393e-13,4.674664970083507e-12,-1.8654625600757863e-14
18.84,7.820719360915232e-11,-1.218367816247591e-23,-3.110740588895188e-13,4.674668070026398e-12,-1.8516465282489353e-14
18.851,7.825394027390856e-11,-1.2198224203355725e-23,-3.112608587208534e-13,4.249696796021236e-12,-1.6981802848596723e-14
18.86,7.830068694820715e-11,-1.2212778941426157e-23,-3.1144603064909573e-13,5.194074922065461e-12,-2.0574658693593605e-14
18.871,7.834743364496997e-11,-1.2227342348421897e-23,-3.1163144879850005e-13,4.249699705711007e-12,-1.685619540039088e-14
18.88,7.83941803713746e-11,-1.2241914395302912e-23,-3.1181528220385393e-13,5.194080711625727e-12,-2.0425933928211923e-14
18.888,7.844092706300531e-11,-1.2256495100221181e-23,-3.1200233609749323e-13,5.843336453838914e-12,-2.3381736704911906e-14
18.898,7.848767374721966e-11,-1.2271084467658149e-23,-3.1218599649405154e-13,4.674668421434229e-12,-1.8366039655830976e-14
18.912,7.853442044819708e-11,-1.2285682498820208e-23,-3.123727790701338e-13,3.3390500698152736e-12,-1.3341612577305874e-14
18.92,7.858116715316399e-11,-1.2300289229605032e-23,-3.125581458009324e-13,5.843338120864274e-12,-2.3170841349825995e-14
18.933,7.862791382014219e-11,-1.2314904606857965e-23,-3.1274321567368216e-13,3.5958974598613756e-12,-1.4236144057675588e-14
18.94,7.867466048631519e-11,-1.2329528636911965e-23,-3.12928356278977e-13,6.6780951675695986e-12,-2.644865789926132e-14
18.95,7.87214071455634e-11,-1.2344161319058192e-23,-3.1311347779228155e-13,4.6746659248211605e-12,-1.8512151330455713e-14
18.958,7.87681538070525e-11,-1.2358802654083915e-23,-3.132985293684579e-13,5.843332686136689e-12,-2.313144702204592e-14
18.969,7.881490047309938e-11,-1.2373452684247383e-23,-3.1348542774936266e-13,4.249696913353799e-12,-1.6990761900435938e-14
18.98,7.886164716923212e-11,-1.2388111462883449e-23,-3.136724186336768e-13,4.249699648431006e-12,-1.699917130128926e-14
18.989,7.890839387961046e-11,-1.240277895638317e-23,-3.1385809125725563e-13,5.194078930926449e-12,-2.063029150875416e-14
19.0,7.895514054003813e-11,-1.2417455108606605e-23,-3.140435423212353e-13,4.249696402514875e-12,-1.685918763451485e-14
19.009,7.900188722047807e-11,-1.243213997290559e-23,-3.142305580332763e-13,5.194075604438917e-12,-2.0779523560112222e-14
19.016,7.904863390220591e-11,-1.2446833541526389e-23,-3.1441592884875896e-13,6.678097389691052e-12,-2.648154506895162e-14
19.029,7.909538061580398e-11,-1.2461535786394689e-23,-3.1460133190297736e-13,3.5959010460049328e-12,-1.4261773401413096e-14
19.04,7.914212731644662e-11,-1.2476246686006234e-23,-3.1478638570314465e-13,4.249700058422324e-12,-1.682307274247833e-14
19.048,7.918887400196385e-11,-1.2490966236087246e-23,-3.1497163534778485e-13,5.843335689654309e-12,-2.3156205580025816e-14
19.059,7.923562070741898e-11,-1.250569445439789e-23,-3.1515697659394287e-13,4.2497004959204065e-12,-1.6849204196183775e-14
19.069,7.928236738859566e-11,-1.2520431406240708e-23,-3.153456161834858e-13,4.6746681176678654e-12,-1.886395895429631e-14
19.08,7.932911409209648e-11,-1.25351771044869e-23,-3.155308795648167e-13,4.24970031825705e-12,-1.68421255755333e-14
19.09,7.937586075052787e-11,-1.2549931442905472e-23,-3.157158838900542e-13,4.6746658431387294e-12,-1.8500432523749413e-14
19.1,7.942260741750394e-11,-1.2564694438715764e-23,-3.1590116028770067e-13,4.674666697606376e-12,-1.8527639764647015e-14
19.111,7.946935414421705e-11,-1.2579466076534399e-23,-3.160848142292723e-13,4.24970242846548e-12,-1.669581287015242e-14
19.119,7.951610080740332e-11,-1.2594246394407663e-23,-3.1627338487350977e-13,5.843332898282666e-12,-2.357133052967776e-14
19.126,7.956284751234166e-11,-1.260903546404715e-23,-3.1645868293720025e-13,6.678100705477624e-12,-2.6471151955779516e-14
19.138,7.960959422015757e-11,-1.2623833195762652e-23,-3.166439421194976e-13,3.895558984658161e-12,-1.543826519144776e-14
19.15,7.965634090075811e-11,-1.2638639578164265e-23,-3.1682916062912576e-13,3.895556716712279e-12,-1.5434875802344886e-14
19.16,7.970308759922258e-11,-1.2653454626097045e-23,-3.170144441354962e-13,4.674669846446394e-12,-1.8528350637046585e-14
19.17,7.974983425115016e-11,-1.266827831923033e-23,-3.1719966626764604e-13,4.6746651927572194e-12,-1.8522213214983913e-14
19.179,7.979658092227892e-11,-1.268311071594256e-23,-3.173865557703883e-13,5.1940745698629856e-12,-2.076550030469019e-14
19.19,7.984332759584197e-11,-1.2697951772888782e-23,-3.175701508797646e-13,4.2496975966410794e-12,-1.6690464488757263e-14
19.2,7.989007427141803e-11,-1.2712801490755866e-23,-3.177570754562221e-13,4.6746675576062066e-12,-1.869245764574894e-14
19.21,7.993682091304718e-11,-1.2727659894647375e-23,-3.1794223357154083e-13,4.674664162914875e-12,-1.8515811531873962e-14
19.219,7.998356762078558e-11,-1.2742526982652378e-23,-3.181277154910117e-13,5.194078637599932e-12,-2.0609102163430312e-14
19.23,8.003031432843198e-11,-1.2757402741351562e-23,-3.183131997369115e-13,4.249700695127305e-12,-1.6862204172707802e-14
19.24,8.007706102658499e-11,-1.2772287165308322e-23,-3.1849857713079615e-13,4.67466981530139e-12,-1.8537739388462675e-14
19.251,8.012380773336312e-11,-1.278718025434697e-23,-3.186838070459214e-13,4.249700616193219e-12,-1.6839083193208335e-14
19.26,8.017055448073932e-11,-1.2802082054845867e-23,-3.1887073248052916e-13,5.194083041799945e-12,-2.076949273419682e-14
19.272,8.021730116532268e-11,-1.2816992536894047e-23,-3.19056092964923e-13,3.895557048612986e-12,-1.544670703282009e-14
19.28,8.026404784896799e-11,-1.2831911723402521e-23,-3.192431550276657e-13,5.843335455663525e-12,-2.338275784283411e-14
19.289,8.031079453195884e-11,-1.2846839609582942e-23,-3.194283067887815e-13,5.194075887873272e-12,-2.0572417901754365e-14
19.298000000000002,8.035754118809457e-11,-1.2861776185027486e-23,-3.1961528174834694e-13,5.1940729039699434e-12,-2.077499550726735e-14
19.311,8.040428784361556e-11,-1.2876721455983038e-23,-3.1980034227819094e-13,3.5958965785373382e-12,-1.423542537261704e-14
19.32,8.045103452055246e-11,-1.2891675388627584e-23,-3.199855686960628e-13,5.1940752152109165e-12,-2.0580713096872268e-14
19.33,8.049778118016925e-11,-1.290663797154918e-23,-3.2017067109726e-13,4.674665961680329e-12,-1.851024011972212e-14
19.342,8.054452786372926e-11,-1.2921609225058298e-23,-3.2035620135557766e-13,3.895556963334112e-12,-1.5460854859806043e-14
19.349,8.059127453962491e-11,-1.2936589145569987e-23,-3.205415833395206e-13,6.6780965565204705e-12,-2.6483140563277156e-14
19.357,8.063802124236005e-11,-1.2951577774792186e-23,-3.2072842482012693e-13,5.843337841892443e-12,-2.335518507579112e-14
19.371,8.068476791713756e-11,-1.2966575093927166e-23,-3.209137542808141e-13,3.339048198392993e-12,-1.3237818620512082e-14
19.379,8.073151460554878e-11,-1.2981581121998006e-23,-3.2110083887416994e-13,5.843336051404172e-12,-2.338557416948071e-14
19.39,8.077826127916419e-11,-1.299659584983157e-23,-3.2128616633155804e-13,4.249697601400376e-12,-1.68479506716457e-14
19.4,8.082500797809009e-11,-1.301161928768888e-23,-3.2147313871045224e-13,4.674669892589838e-12,-1.8697237889422165e-14
19.41,8.08717546388956e-11,-1.3026651412283272e-23,-3.21658342142563e-13,4.674666080551146e-12,-1.852034321108002e-14
19.42,8.091850134302654e-11,-1.3041692206433587e-23,-3.2184345889071165e-13,4.674670413094065e-12,-1.8511674814865777e-14
19.43,8.096524801734519e-11,-1.3056741645290746e-23,-3.220286058714514e-13,4.6746674318656545e-12,-1.8514698073977168e-14
19.441,8.101199468762021e-11,-1.3071799743685702e-23,-3.222140024840504e-13,4.249697297728837e-12,-1.6854237508998075e-14
19.45,8.105874136003762e-11,-1.3086866501910323e-23,-3.223990767138583e-13,5.194074713045192e-12,-2.0563803311985236e-14
19.46,8.110548810630774e-11,-1.310194198112989e-23,-3.2258610075521106e-13,4.67467462701184e-12,-1.8702404135274784e-14
19.469,8.115223484643574e-11,-1.3117026159363611e-23,-3.227713377491495e-13,5.194082236445872e-12,-2.0581888215384296e-14
19.48,8.119898154572587e-11,-1.313211894084352e-23,-3.22954743839484e-13,4.2496999354664386e-12,-1.6673280939502742e-14
19.49,8.124572823819647e-11,-1.3147220375966946e-23,-3.231416674916168e-13,4.674669247059742e-12,-1.869236521327837e-14
19.496,8.129247495505183e-11,-1.3162330486820656e-23,-3.2332558711632206e-13,7.791119475893459e-12,-3.065327078420822e-14
19.51,8.133922165726143e-11,-1.3177449221979705e-23,-3.235108502974091e-13,3.3390501578284725e-12,-1.3233084363356765e-14
19.519,8.138596834584349e-11,-1.3192576657807792e-23,-3.236980231836926e-13,5.194076509119e-12,-2.0796987364840268e-14
19.53,8.143271499491791e-11,-1.3207712780757586e-23,-3.238830654927991e-13,4.24969537040177e-12,-1.682202810059261e-14
19.54,8.147946166974055e-11,-1.322285756391015e-23,-3.2406818280554814e-13,4.674667482264115e-12,-1.851173127490294e-14
19.551,8.152620833084046e-11,-1.3238011037340526e-23,-3.242550588476795e-13,4.249696463627731e-12,-1.6988731102851025e-14
19.56,8.15729550219643e-11,-1.325317321648899e-23,-3.244402299075807e-13,5.194076791537762e-12,-2.0574562211248863e-14
19.571,8.161970170416368e-11,-1.326834405120474e-23,-3.2462550062024645e-13,4.249698381762566e-12,-1.6842792060520878e-14
19.579,8.166644841175805e-11,-1.3283523595079676e-23,-3.2481248789653115e-13,5.8433384492973706e-12,-2.3373409535587725e-14
19.589,8.171319508299369e-11,-1.3298711824040058e-23,-3.2499758665714107e-13,4.67466712356386e-12,-1.850987606099244e-14
19.6,8.175994177755917e-11,-1.3313908718926406e-23,-3.2518292461138496e-13,4.249699505952153e-12,-1.684890493126479e-14
19.611,8.180668847152343e-11,-1.33291142840416e-23,-3.2536854013270083e-13,4.249699451295818e-12,-1.6874138301443137e-14
19.62,8.185343516798454e-11,-1.3344328557364784e-23,-3.25555459848248e-13,5.194077384568358e-12,-2.0768857283019946e-14
19.63,8.190018188536528e-11,-1.3359551537095822e-23,-3.257407416392444e-13,4.674671738072798e-12,-1.8528179099639068e-14
19.639,8.19469285663023e-11,-1.337478316516492e-23,-3.259259762446161e-13,5.1940756596697655e-12,-2.058162281908245e-14
19.651,8.199367521149809e-11,-1.339002344067072e-23,-3.261112102517708e-13,3.8955537663148205e-12,-1.5436167262890643e-14
19.66,8.204042188284254e-11,-1.3405272385361406e-23,-3.2629651214305757e-13,5.194074593827326e-12,-2.058909903186508e-14
19.671,8.208716855914972e-11,-1.3420530033645945e-23,-3.264835137255964e-13,4.249697846107472e-12,-1.7000143867167467e-14
19.681,8.213391525968513e-11,-1.3435796427438683e-23,-3.26670339611135e-13,4.67467005354016e-12,-1.868258855386057e-14
19.69,8.218066194235986e-11,-1.3451071510426255e-23,-3.268555199181214e-13,5.194075852748426e-12,-2.057558966515295e-14
19.7,8.222740867373454e-11,-1.346635527382751e-23,-3.2704103934103483e-13,4.67467313746718e-12,-1.8551942291338245e-14
19.71,8.227415536995996e-11,-1.3481647691288414e-23,-3.2722626490479304e-13,4.6746696225418374e-12,-1.8522556375823912e-14
19.72,8.232090204320137e-11,-1.3496948797633412e-23,-3.2741310444576004e-13,4.674667324141096e-12,-1.8683954096702492e-14
19.731,8.236764870522349e-11,-1.3512258600614768e-23,-3.275984972000578e-13,4.249696547466246e-12,-1.6853886754339516e-14
19.74,8.241439535587938e-11,-1.352757706322069e-23,-3.2778375547457406e-13,5.194072295097919e-12,-2.0584252724031073e-14
19.75,8.246114203555227e-11,-1.3542904199274877e-23,-3.279691733510749e-13,4.674667967288912e-12,-1.8541787650083563e-14
19.76,8.250788868336256e-11,-1.355823998708888e-23,-3.2815435774089244e-13,4.674664781029724e-12,-1.8518438981752817e-14
19.77,8.25546353617022e-11,-1.3573584444292573e-23,-3.2833965418476477e-13,4.67466783396394e-12,-1.8529644387230196e-14
19.779,8.26013820523965e-11,-1.3588937606050702e-23,-3.285265979539962e-13,5.194076743811278e-12,-2.0771529914604925e-14
19.79,8.264812873494462e-11,-1.3604299426245724e-23,-3.2871020935141903e-13,4.249698413465391e-12,-1.6691945220258247e-14
19.8,8.2694875413756e-11,-1.3619669900915474e-23,-3.288969217035069e-13,4.674667881138051e-12,-1.8671235208786613e-14
19.81,8.274162208338095e-11,-1.363504906576863e-23,-3.2908213761969226e-13,4.6746669624944236e-12,-1.852159161853087e-14
19.819,8.278836875376043e-11,-1.3650436891376797e-23,-3.292674510570969e-13,5.194074486608175e-12,-2.0590381933849215e-14
19.83,8.283511544754392e-11,-1.3665833428890154e-23,-3.2945453619903894e-13,4.2496994348627475e-12,-1.700774017654891e-14
19.839,8.28818621264724e-11,-1.3681238664433355e-23,-3.296397950482141e-13,5.194075436498275e-12,-2.058431657502176e-14
19.85,8.292860883790908e-11,-1.369665257077197e-23,-3.2982504707202427e-13,4.249701039698413e-12,-1.6841093073653522e-14
19.86,8.297535550610103e-11,-1.3712075162542536e-23,-3.300120008748904e-13,4.6746668191944814e-12,-1.869538028661365e-14
19.87,8.302210217328798e-11,-1.3727506455065495e-23,-3.3019731249686517e-13,4.674666718695346e-12,-1.8531162197480792e-14
19.88,8.306884883133555e-11,-1.374294640638079e-23,-3.303825860525837e-13,4.674665804757549e-12,-1.8527355571856403e-14
19.892,8.311559547360794e-11,-1.3758395005593936e-23,-3.305675255353315e-13,3.8955535226984115e-12,-1.541162356231805e-14
19.9,8.316234214985247e-11,-1.3773852305250657e-23,-3.307543436756141e-13,5.843334530567476e-12,-2.335226753532111e-14
19.91,8.320908882297678e-11,-1.378931829285693e-23,-3.3093927311499956e-13,4.6746673124307e-12,-1.849294393854976e-14
19.919,8.325583550601179e-11,-1.3804792932673188e-23,-3.3112437767579994e-13,5.194075892778453e-12,-2.0567173422264402e-14
19.929,8.330258222259946e-11,-1.3820276243892718e-23,-3.313097930961038e-13,4.6746716587668564e-12,-1.854154203038493e-14
19.943,8.334932890145471e-11,-1.3835768206637493e-23,-3.3149505739361993e-13,3.339048489661012e-12,-1.3233164108294128e-14
19.95,8.339607558202896e-11,-1.3851268833639128e-23,-3.316804584387159e-13,6.678097224891858e-12,-2.6485863585131426e-14
19.964,8.344282227753184e-11,-1.3866778163178937e-23,-3.3186717302352964e-13,3.3390496787768645e-12,-1.3336756058127544e-14
19.97,8.348956897202342e-11,-1.3882296193712925e-23,-3.320527341597055e-13,7.791115748598319e-12,-3.092685602930459e-14
19.981,8.353631564225181e-11,-1.3897822923678412e-23,-3.3223971232383475e-13,4.249697293489913e-12,-1.6998014920842047e-14
19.989,8.358306234262105e-11,-1.391335836470731e-23,-3.3242499796340476e-13,5.8433375461536605e-12,-2.3160704946251e-14
20.0,8.362980900983554e-11,-1.3928902490129083e-23,-3.326117350491194e-13,4.249697019499118e-12,-1.6976098701329066e-14
20.01,8.367655570585913e-11,-1.3944455319874503e-23,-3.3279699191511255e-13,4.6746696023586305e-12,-1.852568659931427e-14
20.021,8.372330239145669e-11,-1.3960016801690836e-23,-3.329820517714992e-13,4.249698690687453e-12,-1.682362330787736e-14
20.03,8.377004907880667e-11,-1.3975586937042998e-23,-3.33167197932139e-13,5.194076372220608e-12,-2.0571795626647017e-14
20.04,8.381679576430189e-11,-1.399116573220162e-23,-3.333525774737154e-13,4.67466854952232e-12,-1.8537954157636413e-14
20.049,8.386354250553696e-11,-1.4006753209805557e-23,-3.3353787059212314e-13,5.194082359452224e-12,-2.0588124267524916e-14
20.062,8.391028918273078e-11,-1.4022349366654736e-23,-3.337248220915229e-13,3.5958982456778677e-12,-1.4380884569210777e-14
20.07,8.395703584227066e-11,-1.403795421285077e-23,-3.3390988591242076e-13,5.84333244248547e-12,-2.3132977612235086e-14
20.08,8.400378251522085e-11,-1.4053567675431797e-23,-3.3409327220157343e-13,4.6746672950193755e-12,-1.8338628915267492e-14
20.088,8.405052920565808e-11,-1.4069189801128243e-23,-3.342802768275414e-13,5.843336304652754e-12,-2.337557824599066e-14
20.099,8.409727590759369e-11,-1.408482059112425e-23,-3.344637991730156e-13,4.2497001759654414e-12,-1.668384958856492e-14
20.113,8.414402258616787e-11,-1.4100460072742588e-23,-3.3465247155934346e-13,3.339048469584157e-12,-1.3476599023415184e-14
20.12,8.419076925112504e-11,-1.4116108282743593e-23,-3.3483742746731744e-13,6.678094993881759e-12,-2.6422272567708172e-14
20.13,8.423751593269124e-11,-1.4131765152437423e-23,-3.3502272813126674e-13,4.674668156620628e-12,-1.8530066394927194e-14
20.14,8.428426262112842e-11,-1.4147430725529427e-23,-3.352096932757717e-13,4.674668843717376e-12,-1.869651445049362e-14
20.15,8.433100928518634e-11,-1.4163104950617214e-23,-3.353932429409039e-13,4.674666405791945e-12,-1.8354966513224115e-14
20.161,8.437775598810377e-11,-1.4178787893728095e-23,-3.355821256784013e-13,4.249700265221238e-12,-1.7171157954303198e-14
20.169,8.442450270498123e-11,-1.4194479589610303e-23,-3.357675189753957e-13,5.8433396096828775e-12,-2.317416212429748e-14
20.178,8.44712494003007e-11,-1.4210179900728567e-23,-3.359510275856351e-13,5.1940772577192915e-12,-2.0389845582155592e-14
20.19,8.45179960943494e-11,-1.4225888874544703e-23,-3.3613816014474625e-13,3.895557837391739e-12,-1.5594379925926674e-14
20.2,8.456474277760991e-11,-1.4241606511559402e-23,-3.363218271064055e-13,4.6746683260512045e-12,-1.8366696165922203e-14
20.21,8.461148950053956e-11,-1.425733282569706e-23,-3.36508829336726e-13,4.6746722929637505e-12,-1.870022303205194e-14
20.221,8.465823619670439e-11,-1.4273067834620225e-23,-3.366942080579378e-13,4.249699651348698e-12,-1.6852611019248817e-14
20.231,8.470498289540595e-11,-1.42888115102771e-23,-3.368795883458296e-13,4.674669870155872e-12,-1.8538028789181717e-14
20.241,8.47517295607131e-11,-1.4304563832897065e-23,-3.370646391819109e-13,4.67466653071607e-12,-1.850508360813287e-14
20.25,8.47984762279877e-11,-1.4320324808366026e-23,-3.3724976173064707e-13,5.194074141620553e-12,-2.056917208179653e-14
20.26,8.48452229073093e-11,-1.4336094437128532e-23,-3.374346860784381e-13,4.6746679321610325e-12,-1.8492434779105443e-14
20.269,8.489196960801507e-11,-1.4351872765522955e-23,-3.376216561320284e-13,5.1940778561964136e-12,-2.0774450398918014e-14
20.28,8.493871633201772e-11,-1.4367659845454373e-23,-3.37808773197054e-13,4.2497021820589025e-12,-1.701064227505638e-14
20.29,8.498546302398961e-11,-1.438345562373215e-23,-3.3799426703838125e-13,4.674669197189023e-12,-1.8549384132724337e-14
20.3,8.503220968803272e-11,-1.4399260059558557e-23,-3.381795797984242e-13,4.674666404310465e-12,-1.8531276004295362e-14
20.31,8.507895639981493e-11,-1.4415073209902354e-23,-3.383664163123072e-13,4.6746711782204155e-12,-1.8683651388303876e-14
20.32,8.512570309905303e-11,-1.4430895055711484e-23,-3.3855178612762924e-13,4.6746699238109435e-12,-1.8536981532204312e-14
20.331,8.517244978297213e-11,-1.4446725561661713e-23,-3.3873715174140315e-13,4.24969853809895e-12,-1.6851419433992167e-14
20.339,8.521919647324152e-11,-1.4462564733634307e-23,-3.3892245929484046e-13,5.84333628367442e-12,-2.3163444179667032e-14
20.35,8.526594317182568e-11,-1.4478412566803988e-23,-3.3910758987119903e-13,4.249699871286246e-12,-1.68300523962334e-14
20.36,8.531268984646595e-11,-1.4494269037876918e-23,-3.392923688402769e-13,4.674667464027264e-12,-1.8477896907787367e-14
20.37,8.535943650271845e-11,-1.4510134190456006e-23,-3.394792846183782e-13,4.674665625250257e-12,-1.8691577810127517e-14
20.38,8.540618318168766e-11,-1.4526008086639498e-23,-3.3966612350567403e-13,4.674667896920657e-12,-1.8683888729585098e-14
20.39,8.545292986102346e-11,-1.454189060265429e-23,-3.398480683239509e-13,4.674667933579647e-12,-1.8194481827686812e-14
20.4,8.549967657102376e-11,-1.455778179774575e-23,-3.400370012930166e-13,4.674671000029995e-12,-1.8893296906570307e-14
20.41,8.554642324837345e-11,-1.4573681736761813e-23,-3.402226414244777e-13,4.674667734968618e-12,-1.8564013146110724e-14
20.42,8.55931699515621e-11,-1.4589590357214846e-23,-3.4040804984948054e-13,4.674670318864958e-12,-1.8540842500282992e-14
20.43,8.563991665133303e-11,-1.4605507682751234e-23,-3.405951274609026e-13,4.6746699770921275e-12,-1.8707761142209327e-14
20.44,8.568666335707034e-11,-1.4621433715815184e-23,-3.407805037308804e-13,4.674670573731713e-12,-1.8537626997778385e-14
20.45,8.573341004756983e-11,-1.4637368405016225e-23,-3.409656918086e-13,4.674669049948392e-12,-1.8518807771959137e-14
20.459,8.578015673243183e-11,-1.4653311754542363e-23,-3.4115110741267025e-13,5.194076095778685e-12,-2.0601733785585775e-14
20.467,8.58269034170382e-11,-1.4669263770606966e-23,-3.4133648283793124e-13,5.843335575796e-12,-2.3171928157619682e-14
20.48,8.587365010467045e-11,-1.4685224492760212e-23,-3.4152354261679514e-13,3.5958990486354508e-12,-1.4389213758764046e-14
20.49,8.592039679074184e-11,-1.4701193874575984e-23,-3.417069987473878e-13,4.674668607139585e-12,-1.834561305926175e-14
20.5,8.596714347295873e-11,-1.47171719126213e-23,-3.418939452161397e-13,4.674668221689137e-12,-1.8694646875193316e-14
20.51,8.601389018842445e-11,-1.4733158670440417e-23,-3.420795771949087e-13,4.674671546572214e-12,-1.8563197876901516e-14
20.52,8.606063687553939e-11,-1.4749154094935877e-23,-3.4226515320829184e-13,4.67466871149421e-12,-1.855760133831058e-14
20.525,8.610738356208145e-11,-1.4765158189840495e-23,-3.424505384683332e-13,9.349337308412324e-12,-3.707705200827194e-14
20.541,8.615413025724803e-11,-1.4781170948580962e-23,-3.426356984690943e-13,2.9216684479110975e-12,-1.1572500047570533e-14
20.552,8.620087695754364e-11,-1.479719236809724e-23,-3.4282100392751476e-13,4.249700026873656e-12,-1.6845950765495838e-14
20.56,8.62476236417275e-11,-1.4813222487383636e-23,-3.4300814379757905e-13,5.843335522982586e-12,-2.3392483758033284e-14
20.57,8.629437035198563e-11,-1.4829261321165284e-23,-3.4319346025465615e-13,4.6746710258132156e-12,-1.853164570770726e-14
20.58,8.634111702096403e-11,-1.4845308840886627e-23,-3.433803672305631e-13,4.6746668978403325e-12,-1.8690697590693077e-14
20.589,8.638786370928384e-11,-1.4861365065638877e-23,-3.435656103071245e-13,5.194076479978346e-12,-2.0582564062382112e-14
20.598,8.643461038448498e-11,-1.4877429986159364e-23,-3.4375259794465556e-13,5.194075022348243e-12,-2.077640417011613e-14
20.61,8.648135704055646e-11,-1.4893503595280235e-23,-3.439376229899072e-13,3.895554672622841e-12,-1.5418753770965743e-14
20.621,8.65281036940272e-11,-1.4909585860248156e-23,-3.441229663306189e-13,4.2496957700676185e-12,-1.6849394610155427e-14
20.633,8.657485040380426e-11,-1.4925676809009874e-23,-3.443083195699032e-13,3.895559148087681e-12,-1.544610327369183e-14
20.64,8.662159710502941e-11,-1.4941776422225827e-23,-3.4449379026916536e-13,6.67810017502206e-12,-2.649581418030738e-14
20.65,8.666834379134568e-11,-1.4957884694030433e-23,-3.446789864116974e-13,4.674668631626613e-12,-1.8519614253202325e-14
20.66,8.671509045944083e-11,-1.4974001659285468e-23,-3.4486599772393165e-13,4.674666809515641e-12,-1.870113122342375e-14
20.67,8.676183716817702e-11,-1.4990127342099955e-23,-3.450513569068726e-13,4.674670873619427e-12,-1.8535918294096464e-14
20.682,8.680858388880645e-11,-1.5006261731588317e-23,-3.452383263529814e-13,3.895560052451827e-12,-1.5580787175735442e-14
20.691,8.685533055068141e-11,-1.5022404804010945e-23,-3.4542371346517945e-13,5.194073541662778e-12,-2.0598568022003786e-14
20.7,8.690207720331322e-11,-1.5038556572592915e-23,-3.456105177634217e-13,5.194072514646359e-12,-2.0756033138024852e-14
20.711,8.69488238763299e-11,-1.5054717040295656e-23,-3.4579559351107287e-13,4.249697546970388e-12,-1.682506796828833e-14
20.722,8.699557051466244e-11,-1.5070886149605473e-23,-3.459807517649609e-13,4.249694393868434e-12,-1.683256853527516e-14
20.73,8.704231718865284e-11,-1.5087063933205306e-23,-3.4616618485582786e-13,5.8433342487997746e-12,-2.3179136358370232e-14
20.74,8.708906386374872e-11,-1.5103250379945732e-23,-3.463513773976096e-13,4.674667509588372e-12,-1.8519254178172252e-14
20.75,8.71358105708325e-11,-1.5119445500366587e-23,-3.4653680365986893e-13,4.674670708378519e-12,-1.8542626225937043e-14
20.759,8.718255725043045e-11,-1.5135649313754358e-23,-3.4672370284591826e-13,5.19407551088387e-12,-2.0766576227703275e-14
20.77,8.722930398594154e-11,-1.5151861843214884e-23,-3.4690888061782766e-13,4.2497032282807015e-12,-1.683434290085533e-14
20.781,8.727605065043086e-11,-1.5168082962454026e-23,-3.470922600560058e-13,4.249696771756269e-12,-1.667085801619665e-14
20.79,8.732279732607033e-11,-1.5184312741628264e-23,-3.4727921993593624e-13,5.194075071051718e-12,-2.077331999227357e-14
20.8,8.73695439980126e-11,-1.5200551219578298e-23,-3.4746448160877523e-13,4.674667194226591e-12,-1.8526167283896512e-14
20.81,8.741629064994858e-11,-1.521679835115303e-23,-3.4764975232534525e-13,4.674665193598462e-12,-1.852707165699979e-14
20.82,8.746303730716683e-11,-1.523305413909738e-23,-3.4783475551688206e-13,4.674665721824421e-12,-1.850031915368358e-14
20.83,8.750978396547411e-11,-1.524931858085568e-23,-3.480199792274248e-13,4.674665830728539e-12,-1.8522371054277457e-14
20.84,8.755653060901615e-11,-1.5265591670002452e-23,-3.482049436222719e-13,4.674664354204528e-12,-1.8496439484706723e-14
20.85,8.760327727440235e-11,-1.528187342041481e-23,-3.483902157477621e-13,4.67466653861978e-12,-1.8527212549021588e-14
20.86,8.765002397295962e-11,-1.5298163848242905e-23,-3.485757018832071e-13,4.674669855727361e-12,-1.854861354449835e-14
20.871,8.769677068968296e-11,-1.5314462990985104e-23,-3.4876280163858504e-13,4.24970152030238e-12,-1.7009068670723503e-14
20.879,8.774351737024377e-11,-1.5330770865392236e-23,-3.4894981502155017e-13,5.843335070102234e-12,-2.337667287063861e-14
20.891,8.779026404066645e-11,-1.5347087433033532e-23,-3.4913488250957134e-13,3.895555868555745e-12,-1.5422290668428808e-14
20.9,8.783701073683718e-11,-1.536341266501327e-23,-3.4932012359878173e-13,5.194077352304638e-12,-2.058234324560153e-14
20.91,8.788375743293832e-11,-1.5379746597054785e-23,-3.495071050110177e-13,4.674669610114277e-12,-1.8698141223591843e-14
20.92,8.793050412087211e-11,-1.5396089227736886e-23,-3.496924064175104e-13,4.674668793378472e-12,-1.8530140649275816e-14
20.931,8.797725084094149e-11,-1.541244053727632e-23,-3.4987793841806894e-13,4.249701824489027e-12,-1.6866545505323437e-14
20.941,8.802399752006617e-11,-1.5428800498029675e-23,-3.5006315086102214e-13,4.6746679124683445e-12,-1.8521244295317422e-14
20.95,8.807074421273655e-11,-1.54451691251893e-23,-3.502485171770393e-13,5.194076963375342e-12,-2.0596257335239954e-14
20.96,8.811749091011165e-11,-1.5461546416009054e-23,-3.5043374443129e-13,4.674669737510016e-12,-1.852272542506821e-14
20.971,8.816423755615697e-11,-1.5477932382218965e-23,-3.506204528697548e-13,4.249695095029584e-12,-1.697349440588896e-14
20.98,8.821098423680043e-11,-1.549432709190981e-23,-3.508073047881231e-13,5.194075627050358e-12,-2.0761324263147633e-14
20.99,8.82577309434238e-11,-1.551073050400626e-23,-3.5099238470072793e-13,4.6746706623359915e-12,-1.8507991260481344e-14
21.0,8.830447763142523e-11,-1.5527142561251115e-23,-3.511774564802283e-13,4.674668800143983e-12,-1.850717795003522e-14
21.012,8.835122432450275e-11,-1.554356331720084e-23,-3.5136447188667573e-13,3.8955577564596985e-12,-1.5584617203952307e-14
21.02,8.839797102280548e-11,-1.5559992777148597e-23,-3.515497678039979e-13,5.843337287840664e-12,-2.3161989665276657e-14
21.03,8.844471770628391e-11,-1.5576430893469063e-23,-3.517350471734727e-13,4.6746683478424514e-12,-1.852793694748015e-14
21.039,8.849146436645593e-11,-1.5592877664258136e-23,-3.5192038953811123e-13,5.194073352446132e-12,-2.0593596070951292e-14
21.05,8.853821103301153e-11,-1.5609333096658285e-23,-3.52105527714142e-13,4.249696959600715e-12,-1.683074327552647e-14
21.06,8.858495770102575e-11,-1.5625797185286546e-23,-3.522907138854419e-13,4.674666801422507e-12,-1.85186171299889e-14
21.07,8.863170438306479e-11,-1.5642269930894512e-23,-3.5247569474250664e-13,4.674668203904753e-12,-1.8498085706472582e-14
21.08,8.867845102448641e-11,-1.5658751345446383e-23,-3.526622168016946e-13,4.674664142161741e-12,-1.865220591879483e-14
21.09,8.872519772395051e-11,-1.5675241468506262e-23,-3.5284740201286937e-13,4.674669946410344e-12,-1.8518521117478214e-14
21.1,8.877194442181056e-11,-1.569174025740892e-23,-3.530329984402759e-13,4.674669786005134e-12,-1.8559642740656253e-14
21.109,8.881869111976833e-11,-1.5708247720979663e-23,-3.5321853554645793e-13,5.1940775508629095e-12,-2.0615234020222485e-14
21.121,8.886543780284024e-11,-1.5724763845194118e-23,-3.534037584481504e-13,3.895556922658883e-12,-1.5435241807707285e-14
21.128,8.891218446453761e-11,-1.5741288620319255e-23,-3.5358897750868085e-13,6.678094528196799e-12,-2.645986579006094e-14
21.14,8.895893115236109e-11,-1.5757822065819633e-23,-3.537743147446011e-13,3.8955573186233496e-12,-1.544476966002071e-14
21.151,8.900567782469228e-11,-1.577436416766835e-23,-3.5395956335989775e-13,4.249697484653609e-12,-1.684078320878703e-14
21.16,8.90524244945312e-11,-1.57909149721393e-23,-3.541466836936765e-13,5.19407442654751e-12,-2.0791148197635816e-14
21.17,8.909917119232033e-11,-1.5807474489593254e-23,-3.5433191424506913e-13,4.674669778912888e-12,-1.8523055139262896e-14
21.178,8.914591787575064e-11,-1.5824042699090262e-23,-3.5451877980291784e-13,5.843335428788427e-12,-2.335819473108834e-14
21.191,8.919266459214468e-11,-1.5840619617683842e-23,-3.5470402223732247e-13,3.5959012610795273e-12,-1.4249418031123466e-14
21.2,8.923941127920414e-11,-1.5857205217113392e-23,-3.5489062383700695e-13,5.194076339939424e-12,-2.073351107605659e-14
21.211,8.928615798403283e-11,-1.5873799512451596e-23,-3.550757962139121e-13,4.2497004389727816e-12,-1.683385244591833e-14
21.221,8.933290468661559e-11,-1.5890402470251403e-23,-3.5526127068035326e-13,4.674670258275633e-12,-1.854744664411765e-14
21.231,8.937965138684459e-11,-1.5907014090096105e-23,-3.554464269036121e-13,4.674670022900563e-12,-1.8515622325888057e-14
21.241,8.942639806985115e-11,-1.5923634359824416e-23,-3.556316072737951e-13,4.674668300655933e-12,-1.851803701829703e-14
21.248,8.94731447231956e-11,-1.5940263283420677e-23,-3.558171235573926e-13,6.6780933349225914e-12,-2.6502326228219547e-14
21.254,8.951989139381931e-11,-1.5956900919169744e-23,-3.560040832616299e-13,7.791111770616441e-12,-3.115995070621751e-14
21.268,8.956663807145378e-11,-1.59735472595743e-23,-3.56189434948197e-13,3.3390484024619947e-12,-1.323940618335961e-14
21.28,8.961338478575404e-11,-1.5990202315682346e-23,-3.563764151804763e-13,3.895559525022168e-12,-1.558168602327576e-14
21.29,8.966013147933539e-11,-1.6006866066588153e-23,-3.565617470365462e-13,4.674669358135209e-12,-1.853318560698964e-14
21.299,8.970687814958659e-11,-1.6023538507701395e-23,-3.567485710524581e-13,5.1940744723558534e-12,-2.0758223990211785e-14
21.312,8.975362479935583e-11,-1.6040219636303956e-23,-3.5693374350513295e-13,3.5958961360949726e-12,-1.424403482114237e-14
21.32,8.980037146685385e-11,-1.6056909425373825e-23,-3.571188280743676e-13,5.843333437252875e-12,-2.3135571154328947e-14
21.331,8.984711817275071e-11,-1.607360788796754e-23,-3.5730424295693784e-13,4.249700536077769e-12,-1.6855898415478414e-14
21.339,8.989386490785518e-11,-1.6090315028299474e-23,-3.574896477649776e-13,5.843341888058816e-12,-2.3175601004973016e-14
21.349,8.994061157712403e-11,-1.6107030808169962e-23,-3.5767488189832696e-13,4.674666926884298e-12,-1.8523413334938517e-14
21.36,8.998735826431563e-11,-1.6123755294621845e-23,-3.5786187403618375e-13,4.249698835600473e-12,-1.6999285259706486e-14
21.369,9.003410494253484e-11,-1.614048847891118e-23,-3.5804714567502704e-13,5.19407535769002e-12,-2.0585737649256874e-14
21.38,9.008085165026622e-11,-1.6157230334282568e-23,-3.5823240357559155e-13,4.249700702851669e-12,-1.6841627324043585e-14
21.39,9.012759837556284e-11,-1.6173980861375958e-23,-3.5841788527794407e-13,4.67467252966231e-12,-1.8548170235249652e-14
21.4,9.017434507612303e-11,-1.6190740046768444e-23,-3.5860321745859966e-13,4.674670056020047e-12,-1.8533218065556372e-14
21.41,9.022109175253231e-11,-1.6207507877233285e-23,-3.587881246781934e-13,4.6746676409272825e-12,-1.8490721959371986e-14
21.42,9.026783838861795e-11,-1.6224284339646173e-23,-3.589731440536182e-13,4.6746636085648985e-12,-1.850193754248033e-14
21.43,9.031458505863194e-11,-1.6241069459238636e-23,-3.5915799073894353e-13,4.674667001399209e-12,-1.8484668532535113e-14
21.44,9.036133173400684e-11,-1.6257863224933623e-23,-3.5934297474379445e-13,4.674667537490001e-12,-1.8498400485091808e-14
21.445,9.04080784470755e-11,-1.6274665662971602e-23,-3.595284467955962e-13,9.349342613730397e-12,-3.7094410360347216e-14
21.46,9.045482514680713e-11,-1.6291476809730236e-23,-3.597157717328965e-13,3.116446648775898e-12,-1.2488329153352875e-14
21.47,9.050157183808588e-11,-1.6308296662764741e-23,-3.599010642141766e-13,4.6746691278754234e-12,-1.8529248128011205e-14
21.48,9.054831851642589e-11,-1.6325125212930465e-23,-3.6008806713423336e-13,4.6746678340011644e-12,-1.8700292005679833e-14
21.49,9.059506518237892e-11,-1.634196246582089e-23,-3.602735906294562e-13,4.674666595303159e-12,-1.855234952227957e-14
21.501,9.064181190066447e-11,-1.6358808400616887e-23,-3.6045870519040695e-13,4.249701662323276e-12,-1.682859645006966e-14
21.51,9.068855857588369e-11,-1.6375663015345244e-23,-3.60645615034116e-13,5.1940750243582916e-12,-2.076776041211616e-14
21.52,9.073530525033251e-11,-1.6392526331924546e-23,-3.608310152560018e-13,4.6746674448821686e-12,-1.8540022188578952e-14
21.531,9.078205191659546e-11,-1.640939830371708e-23,-3.6101604428118324e-13,4.249696932994826e-12,-1.6820820471041107e-14
21.54,9.082879857589567e-11,-1.6426278926697547e-23,-3.6120125351798433e-13,5.194073255578687e-12,-2.0578804089013332e-14
21.55,9.087554523358953e-11,-1.6443168206585136e-23,-3.613864445456285e-13,4.674665769386479e-12,-1.85191027644171e-14
21.561,9.092229190362754e-11,-1.6460066155059598e-23,-3.6157193776160723e-13,4.249697276182286e-12,-1.68630196344273e-14
21.571,9.096903862414565e-11,-1.6476972833318077e-23,-3.61759156745012e-13,4.6746720518108235e-12,-1.87218983404764e-14
21.58,9.101578532220188e-11,-1.649388824900266e-23,-3.619461053564264e-13,5.194077561803753e-12,-2.0772067934935948e-14
21.59,9.106253200208353e-11,-1.651081235943588e-23,-3.621314323882466e-13,4.674667988165296e-12,-1.8532703182021207e-14
21.6,9.110927865815688e-11,-1.652774512474151e-23,-3.6231676253972887e-13,4.674665607335179e-12,-1.8533015148228874e-14
21.61,9.115602531755067e-11,-1.6544686592799745e-23,-3.625037178084252e-13,4.674665939377885e-12,-1.8695526869634528e-14
21.62,9.12027720105276e-11,-1.6561636771124066e-23,-3.6268889988915155e-13,4.674669297692294e-12,-1.851820807263137e-14
21.631,9.124951869760994e-11,-1.657859560458823e-23,-3.628741088557624e-13,4.24969882566829e-12,-1.6837178782805256e-14
21.639,9.129626537377545e-11,-1.6595563091473852e-23,-3.6305929550212865e-13,5.843334520687837e-12,-2.3148330795779902e-14
21.65,9.134301206077981e-11,-1.6612539236904024e-23,-3.632443858084233e-13,4.2496988185786e-12,-1.6826391481334695e-14
21.659,9.138975872213936e-11,-1.6629524024740223e-23,-3.634294489522243e-13,5.194073484394307e-12,-2.0562571533438416e-14
21.671,9.143650539849139e-11,-1.664651747032388e-23,-3.63614564003263e-13,3.895556362669327e-12,-1.542625425322662e-14
21.68,9.148325206369308e-11,-1.66635196060541e-23,-3.638014198691357e-13,5.1940739112985445e-12,-2.076176287475026e-14
21.69,9.152999878227564e-11,-1.6680530465337296e-23,-3.6398695967887483e-13,4.67467185825635e-12,-1.8553980973911136e-14
21.7,9.157674546530467e-11,-1.6697549982734348e-23,-3.6417240026909353e-13,4.674668302902556e-12,-1.8544059021872195e-14
21.71,9.162349213579287e-11,-1.6714578161011705e-23,-3.6435770035719274e-13,4.674667048820647e-12,-1.8530008809921367e-14
21.72,9.167023882799448e-11,-1.673161501162205e-23,-3.6454309702385626e-13,4.674669220161483e-12,-1.8539666666351677e-14
21.73,9.171698552406381e-11,-1.6748660568731438e-23,-3.647301369222614e-13,4.674669606932939e-12,-1.870398984050905e-14
21.738,9.176373224427076e-11,-1.676571484023381e-23,-3.6491555487698043e-13,5.843340025869498e-12,-2.3177244339879042e-14
21.75,9.181047893495847e-11,-1.6782777766190754e-23,-3.6510086792964683e-13,3.895557557308383e-12,-1.5442754388866703e-14
21.761,9.185722559747169e-11,-1.6799849380114245e-23,-3.652876991113913e-13,4.249696592110687e-12,-1.698465288586214e-14
21.77,9.190397224734478e-11,-1.6816929683337416e-23,-3.654728268102863e-13,5.194072208121715e-12,-2.056974432166547e-14
21.78,9.19507189344721e-11,-1.6834018659139803e-23,-3.656581624657622e-13,4.674668712731672e-12,-1.8533565547587084e-14
21.791,9.199746562321615e-11,-1.6851116331772208e-23,-3.658448847776341e-13,4.249698976731773e-12,-1.6974755624713543e-14
21.8,9.204421231153468e-11,-1.6868222704923413e-23,-3.660304102012465e-13,5.194076479836806e-12,-2.061393595693479e-14
21.809,9.209095900195849e-11,-1.6885337742572156e-23,-3.662155517515124e-13,5.19407671375613e-12,-2.0571283362884e-14
21.82,9.213770570639398e-11,-1.6902461440643178e-23,-3.6640071618874095e-13,4.249700403227299e-12,-1.683313065713878e-14
21.829,9.218445241407491e-11,-1.6919593797294487e-23,-3.6658594752430077e-13,5.194078631215017e-12,-2.0581259506649964e-14
21.84,9.22311990903016e-11,-1.6936734805041594e-23,-3.667713360603744e-13,4.249697838789932e-12,-1.6853503279421925e-14
21.852,9.227794577199216e-11,-1.6953884480378045e-23,-3.6695669409055647e-13,3.895556807545672e-12,-1.5446502515171494e-14
21.86,9.23246924626881e-11,-1.697104285935615e-23,-3.6714356937876236e-13,5.843336336992415e-12,-2.3359411025735874e-14
21.869,9.237143917120216e-11,-1.6988209937958736e-23,-3.673286169322601e-13,5.194078723785718e-12,-2.056083927753232e-14
21.882,9.2418185847351e-11,-1.7005385694870166e-23,-3.6751536884085283e-13,3.5958981652956372e-12,-1.4365531430206263e-14
21.893,9.246493249179391e-11,-1.7022570129989873e-23,-3.6770040223745224e-13,4.249694949354806e-12,-1.6821217872673198e-14
21.9,9.251167916330111e-11,-1.7039763270757755e-23,-3.67887403847652e-13,6.678095929600284e-12,-2.6714515742823404e-14
21.91,9.255842584513058e-11,-1.7056965112676626e-23,-3.6807250798619324e-13,4.674668182946478e-12,-1.8510413854121143e-14
21.92,9.260517256280334e-11,-1.7074175632876086e-23,-3.682581289553868e-13,4.674671767277236e-12,-1.8562096919357734e-14
21.93,9.265191928206772e-11,-1.70913948306731e-23,-3.6844374308955387e-13,4.674671926438367e-12,-1.8561413416708153e-14
21.94,9.269866597413709e-11,-1.710862268609882e-23,-3.6862896358037883e-13,4.674669206936519e-12,-1.852204908249633e-14
21.949,9.274541265182728e-11,-1.712585919549981e-23,-3.6881421966458704e-13,5.194075298909647e-12,-2.0584009356467358e-14
21.96,9.279215931499637e-11,-1.7143104396712008e-23,-3.69001061388583e-13,4.24969665173537e-12,-1.6985611272358576e-14
21.975,9.283890602176491e-11,-1.7160358310841147e-23,-3.691863028924425e-13,3.1164471179020077e-12,-1.2349433590634016e-14
21.979,9.28856527040318e-11,-1.717762087561926e-23,-3.693715558045785e-13,1.168667056672154e-11,-4.631322803400082e-14
21.989,9.293239938037459e-11,-1.7194892098497162e-23,-3.6955682281445294e-13,4.674667634279232e-12,-1.8526700987444066e-14
22.0,9.297914601627699e-11,-1.7212171972414324e-23,-3.697423196197338e-13,4.2496941729450356e-12,-1.6863345934620398e-14
22.009,9.302589267543874e-11,-1.7229460522831327e-23,-3.699276686538966e-13,5.1940732401949655e-12,-2.0594337129196846e-14
22.02,9.307263936905382e-11,-1.7246757798448978e-23,-3.701150714842805e-13,4.2496994195523864e-12,-1.703662094399235e-14
22.03,9.311938601047468e-11,-1.726406376641227e-23,-3.703003867080644e-13,4.6746641420864675e-12,-1.8531522378389883e-14
22.04,9.316613272118823e-11,-1.728137846720516e-23,-3.704875972420508e-13,4.674671071353643e-12,-1.872105339863911e-14
22.051,9.321287943957998e-11,-1.72987018729836e-23,-3.706726969743663e-13,4.249701671977226e-12,-1.682724839231903e-14
22.059,9.325962613929364e-11,-1.7316033887239104e-23,-3.7085619647344286e-13,5.843337464206945e-12,-2.2937437384570324e-14
22.07,9.330637284945523e-11,-1.7333374607138892e-23,-3.7104499143245263e-13,4.249700923781082e-12,-1.7163178091797353e-14
22.079,9.33531195608291e-11,-1.7350724073604913e-23,-3.712303882092304e-13,5.194079041541635e-12,-2.0599641864196737e-14
22.089,9.33998662648191e-11,-1.7368082163692714e-23,-3.7141405968670017e-13,4.674670398999735e-12,-1.8367147746979552e-14
22.1,9.344661298174389e-11,-1.7385448925776684e-23,-3.716012032637909e-13,4.249701538616912e-12,-1.701305246279236e-14
22.111,9.349335967869858e-11,-1.7402824384741055e-23,-3.717864624450295e-13,4.249699723153239e-12,-1.684174374896438e-14
22.119,9.354010634134622e-11,-1.7420208484361596e-23,-3.719714289611647e-13,5.843332830954301e-12,-2.3120814516898545e-14
22.129,9.358685296468486e-11,-1.743760121839163e-23,-3.7215650105142027e-13,4.674662333864685e-12,-1.8507209025555867e-14
22.14,9.363359964508759e-11,-1.7455002624470742e-23,-3.7234154369530333e-13,4.2496982184289864e-12,-1.6822058534823384e-14
22.15,9.368034633610862e-11,-1.7472412688158922e-23,-3.7252673715677756e-13,4.674669102102957e-12,-1.85193461474237e-14
22.159,9.372709300741211e-11,-1.7489831408003033e-23,-3.7271220107798945e-13,5.194074589276914e-12,-2.0607102356876194e-14
22.17,9.377383971817285e-11,-1.7507258849135976e-23,-3.7289923764497423e-13,4.249700978249422e-12,-1.7003324271343363e-14
22.18,9.382058642548481e-11,-1.7524695036788137e-23,-3.730864650828266e-13,4.674670731195469e-12,-1.8722743785235868e-14
22.19,9.386733310004326e-11,-1.7542139923006315e-23,-3.73271917966008e-13,4.674667455844793e-12,-1.8545288318141466e-14
22.2,9.391407978352677e-11,-1.7559593478239207e-23,-3.734572158364029e-13,4.674668348351995e-12,-1.8529787039489713e-14
22.21,9.396082646290935e-11,-1.7577055734055124e-23,-3.7364422737012305e-13,4.674667938257354e-12,-1.870115337201264e-14
22.221,9.40075731245019e-11,-1.7594526684169528e-23,-3.738294753162637e-13,4.2496965084135456e-12,-1.684072237642146e-14
22.231,9.405431979331614e-11,-1.761200629989057e-23,-3.7401485945325845e-13,4.674666881424933e-12,-1.853841369947917e-14
22.241,9.410106643577e-11,-1.7629494565546865e-23,-3.741999743097443e-13,4.674664245385609e-12,-1.851148564858545e-14
22.25,9.414781310595119e-11,-1.7646991494749345e-23,-3.7438507504949964e-13,5.19407446457576e-12,-2.0566748861706372e-14
22.261,9.419455977860682e-11,-1.766449707736302e-23,-3.745701604442605e-13,4.249697514148613e-12,-1.6825944978262083e-14
22.272,9.424130649815144e-11,-1.7682011337420948e-23,-3.747555774277372e-13,4.249701776782513e-12,-1.6856089406969685e-14
22.28,9.42880532316225e-11,-1.7699534302634472e-23,-3.7494237630715234e-13,5.8433416838827244e-12,-2.3349859926887484e-14
22.291,9.433479991610109e-11,-1.7717065981860828e-23,-3.7512918157557814e-13,4.249698588963038e-12,-1.698229712961812e-14
22.3,9.438154661337919e-11,-1.7734606322220385e-23,-3.753127268743879e-13,5.194077475344997e-12,-2.039392208997211e-14
22.309,9.442829329401577e-11,-1.7752155312379823e-23,-3.754995199188709e-13,5.194075626286594e-12,-2.0754782720339883e-14
22.32,9.447504002762972e-11,-1.7769712981903437e-23,-3.756832116325534e-13,4.249703055812792e-12,-1.6699246698408146e-14
22.33,9.452178671440088e-11,-1.7787279294903652e-23,-3.7587007325408117e-13,4.674668677115756e-12,-1.8686162152778114e-14
22.34,9.456853338227855e-11,-1.7804854338532972e-23,-3.7605704485893287e-13,4.674666787766581e-12,-1.869716048517088e-14
22.35,9.461528006877806e-11,-1.7822438089762304e-23,-3.762423177714358e-13,4.674668649951145e-12,-1.852729125029399e-14
22.36,9.466202678621733e-11,-1.7840030513878896e-23,-3.7642760560647547e-13,4.674671743926755e-12,-1.8528783503970563e-14
22.369,9.470877346973746e-11,-1.785763157970347e-23,-3.7661258887023875e-13,5.194075946682138e-12,-2.055369597369473e-14
22.38,9.475552015384779e-11,-1.7875241336903575e-23,-3.7679944602591763e-13,4.249698555484782e-12,-1.6987014152628328e-14
22.39,9.480226682730318e-11,-1.789285978455044e-23,-3.769845708699807e-13,4.674667345539432e-12,-1.8512484406308573e-14
22.4,9.484901353510998e-11,-1.791048690456667e-23,-3.771699286972719e-13,4.674670780680722e-12,-1.853578272911983e-14
22.41,9.489576022052877e-11,-1.7928122674509452e-23,-3.773550086235087e-13,4.674668541878344e-12,-1.8507992623675902e-14
22.424,9.494250693225584e-11,-1.794576711229584e-23,-3.775403469859828e-13,3.3390508376474495e-12,-1.3238454462434248e-14
22.43,9.498925361734095e-11,-1.7963420204068304e-23,-3.7772568911159924e-13,7.791114180851174e-12,-3.0890354269409814e-14
22.44,9.50360003024922e-11,-1.7981081959994362e-23,-3.7791103117825424e-13,4.674668515125668e-12,-1.8534206665502583e-14
22.449,9.508274696698169e-11,-1.799875237291356e-23,-3.780964021723417e-13,5.194073832164932e-12,-2.0596777120831675e-14
22.46,9.512949368876986e-11,-1.801643151634034e-23,-3.782836283628057e-13,4.2497019807434445e-12,-1.7020562769454087e-14
22.47,9.517624037073853e-11,-1.803411934485903e-23,-3.784686275746773e-13,4.6746681968671e-12,-1.8499921187165118e-14
22.48,9.522298702453611e-11,-1.8051815808814873e-23,-3.7865354131774824e-13,4.67466537975794e-12,-1.8491374307089765e-14
22.49,9.526973368981178e-11,-1.8069520961183722e-23,-3.788401650007728e-13,4.674666527566993e-12,-1.8662368302458027e-14
22.5,9.531648033996346e-11,-1.8087234836651614e-23,-3.790269938400741e-13,4.674665015168159e-12,-1.868288393013155e-14
22.51,9.536322705273167e-11,-1.8104957430499426e-23,-3.7921215489711177e-13,4.6746712768203445e-12,-1.8516105703767647e-14
22.52,9.540997377108798e-11,-1.8122688688425673e-23,-3.7939758498200436e-13,4.674671835632134e-12,-1.8543008489261584e-14
22.53,9.545672044367164e-11,-1.8140428595895127e-23,-3.795829579735676e-13,4.674667258365348e-12,-1.8537299156321816e-14
22.54,9.550346712222141e-11,-1.8158177172947934e-23,-3.797684057350452e-13,4.6746678549768096e-12,-1.85447761477577e-14
22.55,9.55502137909418e-11,-1.8175934415871062e-23,-3.7995387648109266e-13,4.674666872038915e-12,-1.854707460474851e-14
22.561,9.559696046856901e-11,-1.8193700371857117e-23,-3.801410388296246e-13,4.249697966109572e-12,-1.701475895745147e-14
22.569,9.564370715237699e-11,-1.8211475034358052e-23,-3.8032627363027713e-13,5.843335475997693e-12,-2.3154350081566243e-14
22.581,9.569045384924345e-11,-1.8229258361309236e-23,-3.8051152425674766e-13,3.895558072204877e-12,-1.5437552205874944e-14
22.59,9.573720052756981e-11,-1.8247050376994568e-23,-3.8069831234873497e-13,5.194075369595907e-12,-2.0754232443034513e-14
22.6,9.578394720667483e-11,-1.8264851121616288e-23,-3.8088496853969294e-13,4.674667910502135e-12,-1.86656190957975e-14
22.61,9.583069389836003e-11,-1.8282660446486653e-23,-3.810652028347545e-13,4.674669168520597e-12,-1.8023429506157078e-14
22.62,9.587744059365567e-11,-1.8300478437335132e-23,-3.812556729318473e-13,4.674669529562601e-12,-1.9047009709279917e-14
22.63,9.592418731284716e-11,-1.8318305226832478e-23,-3.814412523569865e-13,4.674671919149251e-12,-1.8557942513919634e-14
22.64,9.597093401582049e-11,-1.8336140681192483e-23,-3.8162665299596977e-13,4.67467029733262e-12,-1.8540063898330827e-14
22.65,9.601768065471576e-11,-1.8353984772674066e-23,-3.81811827428915e-13,4.6746638895258926e-12,-1.8517443294523724e-14
22.66,9.606442733779005e-11,-1.8371837545569755e-23,-3.819973552381825e-13,4.674668307429715e-12,-1.855278092674883e-14
22.67,9.611117400756144e-11,-1.8389699019560334e-23,-3.8218431066152854e-13,4.674666977138001e-12,-1.8695542334602553e-14
22.68,9.615792068858611e-11,-1.840756919538854e-23,-3.823694688366028e-13,4.6746681024675945e-12,-1.85158175074259e-14
22.69,9.620466738024954e-11,-1.8425447991016397e-23,-3.8255292424238666e-13,4.674669166342631e-12,-1.8345540578386038e-14
22.7,9.62514140573301e-11,-1.844333543406722e-23,-3.827396769836524e-13,4.674667708055471e-12,-1.867527412657601e-14
22.711,9.62981607351376e-11,-1.8461231528596968e-23,-3.829230553901709e-13,4.249697982500531e-12,-1.6670764228953916e-14
22.72,9.634490741375947e-11,-1.8479136281632415e-23,-3.831101073198187e-13,5.194075402429462e-12,-2.078354773864916e-14
22.73,9.639165407755852e-11,-1.8497049729631527e-23,-3.8329530189256047e-13,4.674666379905328e-12,-1.851945727417359e-14
22.742,9.643840078831839e-11,-1.8514971860192083e-23,-3.8348081001923073e-13,3.895559229988212e-12,-1.54590105558549e-14
22.75,9.648514749709297e-11,-1.8532902656957064e-23,-3.8366610727281357e-13,5.84333859682193e-12,-2.3162156697858002e-14
22.761,9.653189416906681e-11,-1.8550842104836737e-23,-3.838515414578088e-13,4.24969745216797e-12,-1.6857653181388862e-14
22.771,9.657864082025284e-11,-1.856879020305502e-23,-3.8403654305354883e-13,4.674665118603786e-12,-1.850015957400132e-14
22.782,9.662538750292608e-11,-1.8586747008886234e-23,-3.8422356886625926e-13,4.249698424840628e-12,-1.7002346610036438e-14
22.79,9.667213418515318e-11,-1.8604712552858777e-23,-3.844104011453084e-13,5.843335278387346e-12,-2.335403488114621e-14
22.8,9.671888090643627e-11,-1.8622686809738397e-23,-3.845956975187711e-13,4.6746721283084865e-12,-1.8529637346269226e-14
22.81,9.676562759975775e-11,-1.8640669718416135e-23,-3.84781017709543e-13,4.674669332149331e-12,-1.853201907718424e-14
22.819,9.681237433218033e-11,-1.8658661341435636e-23,-3.8496788610098163e-13,5.194081380286365e-12,-2.0763154604290906e-14
22.829,9.685912099146463e-11,-1.8676661625635808e-23,-3.8515278030631114e-13,4.6746659284301496e-12,-1.84894205329533e-14
22.84,9.690586765802155e-11,-1.869467056314248e-23,-3.8533798761803136e-13,4.2496969597202796e-12,-1.6837028338202274e-14
22.851,9.695261434141411e-11,-1.8712688168239008e-23,-3.855233351080795e-13,4.249698490233768e-12,-1.6849771822559297e-14
22.86,9.699936103596157e-11,-1.8730714445939263e-23,-3.8570885038688417e-13,5.194077171940663e-12,-2.0612808756078016e-14
22.869,9.704610772432224e-11,-1.8748749393343094e-23,-3.858943598633808e-13,5.194076484518648e-12,-2.061216405518237e-14
22.88,9.709285442160357e-11,-1.8766793059931256e-23,-3.860817427293967e-13,4.249699752848271e-12,-1.7034806001445058e-14
22.888,9.713960107651993e-11,-1.8784845460661906e-23,-3.8626873937254234e-13,5.843331864544716e-12,-2.3374580393203958e-14
22.9,9.718634777838648e-11,-1.8802906576486894e-23,-3.8645383158234503e-13,3.8955584888785e-12,-1.542435081689101e-14
22.911,9.723309449663297e-11,-1.8820976353894204e-23,-3.866390436021126e-13,4.249701658772416e-12,-1.6837456342506165e-14
22.921,9.727984121733418e-11,-1.8839054831607312e-23,-3.8682602269261796e-13,4.674672070120466e-12,-1.8697909050535997e-14
22.929,9.732658788773332e-11,-1.885714198640913e-23,-3.87011114685567e-13,5.843333799892992e-12,-2.313649911862746e-14
22.94,9.737333453162146e-11,-1.887523778253396e-23,-3.871961703605887e-13,4.249694898922357e-12,-1.6823243183795343e-14
22.951,9.742008119687183e-11,-1.8893342232367608e-23,-3.8738099944106217e-13,4.249696840942408e-12,-1.6802643679406223e-14
22.96,9.746682787738445e-11,-1.891145533469484e-23,-3.875661039084904e-13,5.1940756125140365e-12,-2.0567163047580894e-14
22.969,9.751357456417278e-11,-1.8929577095621004e-23,-3.877513430036661e-13,5.194076309813507e-12,-2.05821216861922e-14
22.98,9.756032127274519e-11,-1.8947707528884815e-23,-3.8793677782870063e-13,4.249700779309477e-12,-1.6857711366777848e-14
22.992,9.760706797857987e-11,-1.8965846671001865e-23,-3.8812398594778285e-13,3.895558819557047e-12,-1.560067659018513e-14
23.0,9.765381468543228e-11,-1.898399452012691e-23,-3.883092794945378e-13,5.843338356550778e-12,-2.31616933443662e-14
23.01,9.770056136546909e-11,-1.900215101749374e-23,-3.8849443587224783e-13,4.67466800368155e-12,-1.851563777100708e-14
23.02,9.774730808295078e-11,-1.902031618804234e-23,-3.8867972852604473e-13,4.674671748169365e-12,-1.8529265379692383e-14
23.029,9.779405477027848e-11,-1.9038490006791314e-23,-3.888649398939278e-13,5.194076369744581e-12,-2.0579040875897975e-14
23.04,9.784080149175984e-11,-1.905667250143705e-23,-3.8905034783307785e-13,4.249701952851667e-12,-1.685526719545795e-14
23.05,9.788754816184344e-11,-1.9074863641288977e-23,-3.892356699473424e-13,4.674667008359934e-12,-1.8532211426456473e-14
23.06,9.79342948268446e-11,-1.909306343491979e-23,-3.894206740019926e-13,4.6746665001161776e-12,-1.850040546501762e-14
23.07,9.798104148824286e-11,-1.9111271919610135e-23,-3.896075665483624e-13,4.674666139826081e-12,-1.8689254636981012e-14
23.08,9.802778816334149e-11,-1.9129489107395256e-23,-3.897927970789101e-13,4.674667509862995e-12,-1.8523053054766743e-14
23.091,9.807453484995593e-11,-1.9147715004247842e-23,-3.8997998138174195e-13,4.249698783130903e-12,-1.7016754802896508e-14
23.1,9.812128151905012e-11,-1.916594964175958e-23,-3.9016704791741413e-13,5.194074343800039e-12,-2.0785170630245165e-14
23.111,9.816802819430097e-11,-1.9184192983285528e-23,-3.903522693624747e-13,4.2496977500770674e-12,-1.6838313187320274e-14
23.12,9.8214774901659e-11,-1.9202444991590657e-23,-3.9053730924833906e-13,5.194078595337436e-12,-2.0559987318264413e-14
23.13,9.826152161056008e-11,-1.9220705654638986e-23,-3.907225260471592e-13,4.674670890106791e-12,-1.852167988201166e-14
23.14,9.830826831016195e-11,-1.9238974976317406e-23,-3.9090791349254555e-13,4.674669960187037e-12,-1.853874453863747e-14
23.152,9.835501498587362e-11,-1.9257252945094795e-23,-3.9109288117890967e-13,3.895556309306527e-12,-1.5413973863678798e-14
23.16,9.84017616453138e-11,-1.9275539557004906e-23,-3.912779718020476e-13,5.843332430021927e-12,-2.313632789224066e-14
23.169,9.844850831109187e-11,-1.929383486755805e-23,-3.914649361091811e-13,5.194073975342545e-12,-2.0773811903719742e-14
23.18,9.849525498459065e-11,-1.9312138882072195e-23,-3.9165023098908645e-13,4.249697590798177e-12,-1.6844989082306653e-14
23.189,9.854200163959263e-11,-1.933045158983066e-23,-3.918371760857774e-13,5.194072777998608e-12,-2.077167741010353e-14
23.2,9.858874828605717e-11,-1.934877299289775e-23,-3.920223925781436e-13,4.249695133140051e-12,-1.6837862942384926e-14
23.21,9.863549496704063e-11,-1.9367103113851812e-23,-3.9220958147573217e-13,4.6746680983457535e-12,-1.8718889758855476e-14
23.22,9.868224168716269e-11,-1.93854419550661e-23,-3.923948214172791e-13,4.674672012206243e-12,-1.8523994154694267e-14
23.23,9.8728988402162e-11,-1.9403789458480913e-23,-3.9258026892166894e-13,4.674671499930808e-12,-1.854475043898527e-14
23.24,9.877573509201436e-11,-1.9422145620939267e-23,-3.9276571028348175e-13,4.674668985237226e-12,-1.8544136181281248e-14
23.252,9.88224817971216e-11,-1.9440510452016588e-23,-3.9295088878787615e-13,3.895558758935737e-12,-1.5431542032866735e-14
23.26,9.886922849557767e-11,-1.9458883943315956e-23,-3.9313633902493986e-13,5.8433373070085075e-12,-2.3181279632966174e-14
23.27,9.891597517465141e-11,-1.947726613625563e-23,-3.933235038520358e-13,4.674667907373738e-12,-1.871648270959486e-14
23.281,9.896272186576693e-11,-1.949565703846395e-23,-3.9350875184138835e-13,4.249699192320608e-12,-1.6840726304776653e-14
23.29,9.900946853344748e-11,-1.9514056590061857e-23,-3.936939520451787e-13,5.194074186727631e-12,-2.057780042114618e-14
23.3,9.905621522214774e-11,-1.9532464807872142e-23,-3.938791711899492e-13,4.674668870026683e-12,-1.8521914477049713e-14
23.311,9.91029618682512e-11,-1.9550881664238335e-23,-3.9406426010697747e-13,4.249695100314516e-12,-1.6826265184389373e-14
23.319,9.914970853621026e-11,-1.9569307185384635e-23,-3.942495150026264e-13,5.843333494882548e-12,-2.315686195611545e-14
23.33,9.919645526231205e-11,-1.9587741396626267e-23,-3.9443507443772183e-13,4.24970237288947e-12,-1.6869039554130216e-14
23.339,9.924320196107678e-11,-1.960618426221497e-23,-3.946202418113092e-13,5.194077640526532e-12,-2.0574152620819385e-14
23.35,9.928994868437045e-11,-1.962463579156924e-23,-3.948053287620299e-13,4.249702117606493e-12,-1.6826086429155403e-14
23.36,9.933669538293903e-11,-1.9643095964077778e-23,-3.9499044607557303e-13,4.674669856858117e-12,-1.8511731354314098e-14
23.367,9.938344207621043e-11,-1.966156479257205e-23,-3.951757540038886e-13,6.6780990387725025e-12,-2.6472561187939244e-14
23.38,9.943018874568302e-11,-1.968004230975982e-23,-3.953625836460845e-13,3.595897651738009e-12,-1.4371510938147492e-14
23.39,9.947693542907282e-11,-1.969852860955776e-23,-3.955512719441248e-13,4.674668338980038e-12,-1.8868829804026424e-14
23.399,9.952368210718069e-11,-1.9717023611127905e-23,-3.9573496779543086e-13,5.194075345319075e-12,-2.041065014511966e-14
23.41,9.957042876724083e-11,-1.97355272260273e-23,-3.9592008844125454e-13,4.249696369104299e-12,-1.682914962033674e-14
23.423000000000002,9.961717543237028e-11,-1.97540395346889e-23,-3.9610683413533856e-13,3.5958973176499398e-12,-1.4365053391076687e-14
23.43,9.966392209073491e-11,-1.9772560534382465e-23,-3.9629203848978884e-13,6.678094052090545e-12,-2.6457764921468212e-14
23.44,9.971066881544268e-11,-1.9791090221192828e-23,-3.964773769590023e-13,4.6746724707769765e-12,-1.8533846921344755e-14
23.45,9.975741552187474e-11,-1.9809628569308076e-23,-3.966629116384349e-13,4.674670643204958e-12,-1.8553467943262562e-14
23.46,9.980416220508112e-11,-1.982817557468417e-23,-3.968481614021892e-13,4.674668320638963e-12,-1.8524976375423998e-14
23.47,9.985090890599864e-11,-1.9846731240691026e-23,-3.9703314541339283e-13,4.67467009175094e-12,-1.8498401120368437e-14
23.48,9.98976555716648e-11,-1.9865295590795643e-23,-3.972202987655746e-13,4.674666566616536e-12,-1.871533521817874e-14
23.49,9.9944402252108e-11,-1.9883868693945744e-23,-3.974073827728895e-13,4.674668044320106e-12,-1.870840073149162e-14
23.5,9.999114894394796e-11,-1.9902450502780634e-23,-3.9759256710626024e-13,4.674669183995492e-12,-1.8518433337073125e-14
23.51,1.0003789562769262e-10,-1.9921040967611502e-23,-3.9777785670445196e-13,4.674668374466087e-12,-1.8528959819174106e-14
23.52,1.0008464230534511e-10,-1.9939640130718923e-23,-3.9796481599152553e-13,4.674667765248393e-12,-1.8695928707357248e-14
23.53,1.001313889900722e-10,-1.995824799543544e-23,-3.981500240296427e-13,4.674668472709501e-12,-1.8520803811718e-14
23.541,1.0017813568725292e-10,-1.9976864522772805e-23,-3.983352234904925e-13,4.249699743701156e-12,-1.6836314622706694e-14
23.55,1.0022488235945024e-10,-1.9995489692384734e-23,-3.985201990007279e-13,5.194074688591895e-12,-2.0552834470603877e-14
23.56,1.002716290793135e-10,-2.0014123535404635e-23,-3.9870549188865e-13,4.674671986326243e-12,-1.8529288792210623e-14
23.569,1.0031837577373608e-10,-2.0032766029645245e-23,-3.9889076474007393e-13,5.194077158065168e-12,-2.0585872380433475e-14
23.58,1.0036512247226704e-10,-2.0051417189510995e-23,-3.990761699044631e-13,4.249699866450248e-12,-1.6855014944471085e-14
23.59,1.0041186914950946e-10,-2.0070077046510612e-23,-3.9926322448069183e-13,4.674667724242568e-12,-1.8705457622872158e-14
23.6,1.0045861583161162e-10,-2.00887456061569e-23,-3.994484190748079e-13,4.674668210215314e-12,-1.851945941160799e-14
23.61,1.005053625093003e-10,-2.0107422823920485e-23,-3.9963372695349265e-13,4.674667768868135e-12,-1.8530787868473797e-14
23.62,1.0055210923026391e-10,-2.0126108727982447e-23,-3.998193117528574e-13,4.674672096361944e-12,-1.855847993647304e-14
23.631,1.0059885591610748e-10,-2.0144803290858042e-23,-4.000047843619142e-13,4.249698713051409e-12,-1.6861146277887736e-14
23.64,1.0064560256070542e-10,-2.0163506498190542e-23,-4.0018986033885984e-13,5.194071621992563e-12,-2.056399743840528e-14
23.649,1.0069234926551723e-10,-2.0182218381506877e-23,-4.003749448881098e-13,5.194078312423285e-12,-2.0564949916663356e-14
23.66,1.0073909596678334e-10,-2.0200938993122845e-23,-4.0056335060365043e-13,4.249700115099988e-12,-1.7127792321873972e-14
23.67,1.0078584263700315e-10,-2.021966828148607e-23,-4.007467010065318e-13,4.6746670219819445e-12,-1.833504028813571e-14
23.68,1.0083258932820113e-10,-2.0238406238806304e-23,-4.0093388172727454e-13,4.6746691197971775e-12,-1.8718072074275345e-14
23.695,1.0087933602956529e-10,-2.0257152912431727e-23,-4.011194430360995e-13,3.1164467576108083e-12,-1.2370753921666084e-14
23.7,1.0092608272680031e-10,-2.027590825203261e-23,-4.013047156843679e-13,9.349339447003424e-12,-3.70545296536726e-14
23.71,1.0097282943628239e-10,-2.0294672289198426e-23,-4.0149134734161207e-13,4.674670948207957e-12,-1.8663165724420055e-14
23.72,1.0101957612231748e-10,-2.031344500827349e-23,-4.016765632554151e-13,4.6746686035082615e-12,-1.852159138030245e-14
23.729,1.010663228207506e-10,-2.033222639218441e-23,-4.018618486727052e-13,5.19407760368023e-12,-2.0587268587784227e-14
23.74,1.0111306949550726e-10,-2.0351016429754553e-23,-4.0204720658986126e-13,4.249697705150632e-12,-1.6850719741464743e-14
23.743,1.0115981617763494e-10,-2.036981513311856e-23,-4.022324773740616e-13,1.558222737589331e-11,-6.17569280667727e-14
23.756,1.0120656284688748e-10,-2.038862256668617e-23,-4.0242093936494917e-13,3.5958976348100756e-12,-1.4497076222122516e-14
23.756,1.0125330952342256e-10,-2.0407438697538205e-23,-4.026044548111415e-13,0.0,0.0
23.756,1.0130005620142552e-10,-2.0426263443464374e-23,-4.0278949959907676e-13,0.0,0.0
23.756,1.013468028957423e-10,-2.0445096889663994e-23,-4.029764042739658e-13,0.0,0.0
23.756,1.0139354958359661e-10,-2.0463939042018714e-23,-4.031620932145755e-13,0.0,0.0
23.756,1.0144029631371199e-10,-2.0482789926510385e-23,-4.0334926897680064e-13,0.0,0.0
23.756,1.0148704296469328e-10,-2.050164948399076e-23,-4.0353452203200577e-13,0.0,0.0
23.756,1.0153378960005232e-10,-2.052051769582723e-23,-4.037198051104923e-13,0.0,0.0
23.756,1.01580536280037e-10,-2.053939458993219e-23,-4.039052117311164e-13,0.0,0.0
23.756,1.0162728295251583e-10,-2.055828014631544e-23,-4.040905399153646e-13,0.0,0.0
23.756,1.0167402964297627e-10,-2.0577174373929975e-23,-4.04275888956211e-13,0.0,0.0
23.756,1.0172077635756067e-10,-2.059607731111937e-23,-4.044627510722605e-13,0.0,0.0
23.756,1.017675230360093e-10,-2.0614988929112332e-23,-4.0464791178446313e-13,0.0,0.0
23.756,1.0181426970346717e-10,-2.0633909196259968e-23,-4.048329849955815e-13,0.0,0.0
23.756,1.0186101639860578e-10,-2.0652838123344434e-23,-4.050179372284913e-13,0.0,0.0
23.756,1.0190776307641853e-10,-2.067177569422699e-23,-4.0520309958671716e-13,0.0,0.0
23.756,1.0195450977436567e-10,-2.069072193230988e-23,-4.0538840376671347e-13,0.0,0.0
23.756,1.020012564513323e-10,-2.0709676862738382e-23,-4.0557535487800006e-13,0.0,0.0
23.756,1.0204800312489542e-10,-2.0728640456115627e-23,-4.0575909661559554e-13,0.0,0.0
23.756,1.0209474982311506e-10,-2.0747612767857275e-23,-4.059479314404095e-13,0.0,0.0
23.756,1.0214149650688524e-10,-2.0766593742768913e-23,-4.0612999070501367e-13,0.0,0.0
23.756,1.0218824321163748e-10,-2.0785583436288896e-23,-4.063205818274313e-13,0.0,0.0
23.756,1.0223498987840276e-10,-2.0804581821095835e-23,-4.065024971882845e-13,0.0,0.0
23.756,1.0228173655117638e-10,-2.0823588826449688e-23,-4.0668929705541944e-13,0.0,0.0
23.756,1.0232848322207896e-10,-2.0842604521892142e-23,-4.0687432470840756e-13,0.0,0.0
23.929,1.023752298598554e-10,-2.0861628859061494e-23,-4.070595997091114e-13,2.702117790545621e-13,-1.0709537612939988e-15
24.019,1.0242197653198623e-10,-2.0880661907754733e-23,-4.0724643858912804e-13,5.194074681202414e-13,-2.075987555740516e-15
24.03,1.0246872323143803e-10,-2.089970370839139e-23,-4.074335649173192e-13,4.249699950163934e-12,-1.7011484381015935e-14
24.039,1.025154699323293e-10,-2.091875418044052e-23,-4.0761740920122316e-13,5.194077876807915e-12,-2.0427142655990657e-14
24.05,1.0256221662773428e-10,-2.0937813358227635e-23,-4.0780612489045606e-13,4.249699582270845e-12,-1.7155971748443613e-14
24.06,1.0260896331431051e-10,-2.0956881201908955e-23,-4.0798832292473264e-13,4.674668657622418e-12,-1.8219803427657515e-14
24.07,1.0265570997886011e-10,-2.097595762712946e-23,-4.081736601517193e-13,4.674666454960388e-12,-1.85337226986708e-14
24.079,1.0270245665537467e-10,-2.0995042759431382e-23,-4.0836063597003056e-13,5.194075168284041e-12,-2.077509092346763e-14
24.09,1.0274920333914407e-10,-2.1014136631779463e-23,-4.0854746567290843e-13,4.2496985244903246e-12,-1.6984518443443183e-14
24.1,1.0279595001200378e-10,-2.1033239233362095e-23,-4.0873429638799067e-13,4.674667285970847e-12,-1.868307150822409e-14
24.11,1.028426967008818e-10,-2.1052350493101963e-23,-4.0891761430609967e-13,4.674668887801967e-12,-1.8331791810901952e-14
24.12,1.0288944338016429e-10,-2.1071470406719787e-23,-4.0910470990142093e-13,4.674667928249296e-12,-1.87095595321237e-14
24.13,1.0293619005481667e-10,-2.1090599062286534e-23,-4.0929170905211496e-13,4.674667465238256e-12,-1.8699915069400456e-14
24.14,1.0298293675597182e-10,-2.1109736389063105e-23,-4.0947523294256407e-13,4.674670115515013e-12,-1.835238904490831e-14
24.15,1.0302968346215154e-10,-2.112888233871991e-23,-4.096605403115732e-13,4.674670617972641e-12,-1.8530736900915395e-14
24.16,1.0307643017364743e-10,-2.1148036956403872e-23,-4.098459905659085e-13,4.674671149588386e-12,-1.8545025433526462e-14
24.172,1.0312317683248089e-10,-2.1167200222823034e-23,-4.10031489338291e-13,3.895554902788604e-12,-1.5458231031873695e-14
24.179,1.0316992353511784e-10,-2.118637217201859e-23,-4.1021670418463397e-13,6.678100376707601e-12,-2.645926376328625e-14
24.19,1.0321667020902469e-10,-2.120555280553063e-23,-4.10403541450722e-13,4.249697627895723e-12,-1.698520600800125e-14
24.2,1.032634169032655e-10,-2.1224742145647235e-23,-4.105888486315972e-13,4.674669424080529e-12,-1.8530718087516817e-14
24.209,1.0331016360442354e-10,-2.1243940155770156e-23,-4.107743555020779e-13,5.194077906448555e-12,-2.0611874497853475e-14
24.469,1.0405811054949741e-10,-2.155228917025452e-23,-4.137467325649695e-13,2.8767190195148645e-12,-1.1432219472660029e-14
24.47,1.0410485723946112e-10,-2.1571634754695543e-23,-4.1393045510502643e-13,4.674668996371077e-11,-1.837225400569314e-13
24.471,1.0415160393262559e-10,-2.1590989052078175e-23,-4.141194484267116e-13,4.6746693164469605e-11,-1.8899332168520424e-13
24.472,1.0419835067220427e-10,-2.1610352076704896e-23,-4.143030170215744e-13,4.67467395786822e-11,-1.8356859486278652e-13
24.472,1.04245097361724e-10,-2.1629723739355055e-23,-4.1448990282708394e-13,0.0,0.0
24.472,1.0429184409021079e-10,-2.1649104113453908e-23,-4.1467503453641525e-13,0.0,0.0
24.472,1.0433859080543075e-10,-2.1668493143686882e-23,-4.148604800656963e-13,0.0,0.0
24.472,1.0438533753825333e-10,-2.1687890849850271e-23,-4.150459109117274e-13,0.0,0.0
24.472,1.0443208425660166e-10,-2.1707297217735277e-23,-4.1523131797962464e-13,0.0,0.0
24.472,1.0447883089878888e-10,-2.1726712218829618e-23,-4.154166253136275e-13,0.0,0.0
24.472,1.0452557755064867e-10,-2.1746135924118595e-23,-4.156035447399923e-13,0.0,0.0
24.481,1.0457232423667089e-10,-2.1765568341403765e-23,-4.1578875014628543e-13,5.194076224691108e-12,-2.0578378477016608e-14
24.492,1.0461907090636457e-10,-2.178500940896467e-23,-4.1597392678012664e-13,4.249697244880268e-12,-1.6834239440112516e-14
24.5,1.046658176206315e-10,-2.1804459159882428e-23,-4.161594636737563e-13,5.843339283365296e-12,-2.31921117037099e-14
24.509,1.0471256433310859e-10,-2.182391758180513e-23,-4.1634493681174544e-13,5.1940791641206115e-12,-2.0608126443234752e-14
24.52,1.0475931104796593e-10,-2.184338467866701e-23,-4.1653056775739893e-13,4.249701350667941e-12,-1.6875540513954468e-14
24.529,1.048060577276829e-10,-2.1862860465340625e-23,-4.1671734595690166e-13,5.194075524106811e-12,-2.0753133278083946e-14
24.54,1.0485280440690675e-10,-2.188234490853141e-23,-4.1690093513989287e-13,4.249698111259466e-12,-1.6689925726470654e-14
24.552,1.0489955109137405e-10,-2.1901838052026392e-23,-4.170894843781519e-13,3.895557038941866e-12,-1.57124365215867e-14
24.56,1.0494629779866764e-10,-2.1921339941501517e-23,-4.172747138379308e-13,5.843338411697876e-12,-2.3153682472362376e-14
24.57,1.0499304449083713e-10,-2.1940850521708345e-23,-4.1746157663961376e-13,4.674669216948713e-12,-1.8686280168293094e-14
24.58,1.0503979115523635e-10,-2.196036979009946e-23,-4.1764692327038673e-13,4.6746664399222444e-12,-1.853466307729673e-14
24.589,1.0508653783008912e-10,-2.197989768157172e-23,-4.178303179993625e-13,5.1940749836407856e-12,-2.037719210841641e-14
24.6,1.0513328449628965e-10,-2.199943422357256e-23,-4.1801718038818303e-13,4.24969692732187e-12,-1.6987489892774766e-14
24.61,1.0518003118560132e-10,-2.2018979433186993e-23,-4.1820073802416e-13,4.674668931166083e-12,-1.8355763597697564e-14
24.62,1.0522677789376651e-10,-2.203853330976001e-23,-4.1838764821760097e-13,4.674670816519149e-12,-1.8691019344099833e-14
24.627,1.0527352459663958e-10,-2.205809591393223e-23,-4.1857423229568107e-13,6.678100410438844e-12,-2.6654868297156512e-14
24.64,1.0532027128351318e-10,-2.207766719866169e-23,-4.1875932173257583e-13,3.595898990277222e-12,-1.4237648991904888e-14
24.65,1.0536701799549479e-10,-2.2097247184649536e-23,-4.1894605508843384e-13,4.6746711981604305e-12,-1.8673335585798008e-14
24.661,1.0541376467772e-10,-2.2116835856607495e-23,-4.19131473647855e-13,4.249698384109503e-12,-1.68562326746504e-14
24.67,1.0546051136858724e-10,-2.2136433120039953e-23,-4.1931347588285576e-13,5.1940767630276025e-12,-2.0222470555640642e-14
24.678,1.0550725803150851e-10,-2.2156039080408855e-23,-4.1950406289736214e-13,5.843332865158219e-12,-2.3823376813294456e-14
24.69,1.0555400470177827e-10,-2.2175653794038444e-23,-4.1968784174089024e-13,3.895555855813718e-12,-1.5314903627339708e-14
24.7,1.056007513586642e-10,-2.2195277167518427e-23,-4.198748045407021e-13,4.67466568859244e-12,-1.869627998118611e-14
24.711,1.0564749802125585e-10,-2.2214909206278055e-23,-4.200584728836868e-13,4.249696599240984e-12,-1.6697122089516513e-14
24.719,1.0569424468512587e-10,-2.2234549907895165e-23,-4.2024541154835357e-13,5.843332983753173e-12,-2.33673330833519e-14
24.73,1.0574099139887845e-10,-2.2254199369622453e-23,-4.2043236662838655e-13,4.249701250233927e-12,-1.6995916366634276e-14
24.74,1.0578773808778187e-10,-2.227385752951678e-23,-4.206179988826398e-13,4.674668890342239e-12,-1.856322542532282e-14
24.753,1.0583448480508264e-10,-2.2293524327362717e-23,-4.2080141970016415e-13,3.5959013308286696e-12,-1.4109293655718817e-14
24.76,1.058812315033131e-10,-2.231319977301756e-23,-4.2098832800975093e-13,6.678099747207793e-12,-2.6701187083829614e-14
24.769,1.0592797818258775e-10,-2.233288387820359e-23,-4.2117224858994907e-13,5.194075474961253e-12,-2.043562002201272e-14
24.784,1.0597472486653347e-10,-2.2352576615016558e-23,-4.213575375158084e-13,3.116445596381026e-12,-1.2352595057288269e-14
24.789,1.0602147157904128e-10,-2.2372278066297584e-23,-4.215445714927914e-13,9.349342501561398e-12,-3.740679539660429e-14
24.8,1.060682182643815e-10,-2.2391988206369967e-23,-4.21729766738395e-13,4.249698667291777e-12,-1.6835931418505514e-14
24.809,1.0611496492741014e-10,-2.241170699797096e-23,-4.2191511926795834e-13,5.1940736698500385e-12,-2.0594725507037376e-14
24.82,1.0616171155615727e-10,-2.2431434434608093e-23,-4.2210025321378745e-13,4.2496935224659934e-12,-1.683035871173987e-14
24.83,1.0620845821445414e-10,-2.245117053483546e-23,-4.2228524711582133e-13,4.674665829686291e-12,-1.8499390203385298e-14
