1756124366.9655323,1.952,1.957,1.970,1.994,2.045,3.463,3.468,3.474,3.488,3.496
1756124366.9669852,1.952,1.957,1.970,1.994,2.045,3.463,3.468,3.474,3.488,3.496
1756124367.0875344,1.952,1.957,1.970,1.994,2.045,3.463,3.468,3.474,3.488,3.496
1756124367.233826,1.952,1.957,1.970,1.994,2.045,3.463,3.468,3.474,3.488,3.496
1756124367.4381027,1.952,1.957,1.970,1.994,2.045,3.463,3.468,3.474,3.488,3.496
1756124367.545573,1.952,1.957,1.970,1.994,2.045,3.463,3.468,3.474,3.488,3.496
1756124367.700135,1.952,1.957,1.970,1.994,2.045,3.463,3.468,3.474,3.488,3.496
1756124367.8514483,1.952,1.957,1.970,1.994,2.045,3.463,3.468,3.474,3.488,3.496
1756124368.014947,1.952,1.957,1.970,1.994,2.045,3.463,3.468,3.474,3.488,3.496
1756124368.1638649,1.952,1.957,1.970,1.994,2.045,3.463,3.468,3.474,3.488,3.496
1756124368.3152826,1.952,1.957,1.970,1.994,2.045,3.463,3.468,3.474,3.488,3.496
1756124368.4454315,1.952,1.957,1.970,1.994,2.045,3.463,3.468,3.474,3.488,3.496
1756124368.5736566,1.952,1.957,1.970,1.994,2.045,3.463,3.468,3.474,3.488,3.496
1756124368.7106266,1.952,1.957,1.970,1.994,2.045,3.463,3.468,3.474,3.488,3.496
1756124368.83967,1.957,1.961,1.975,1.999,2.050,3.468,3.473,3.479,3.493,3.501
1756124368.9675865,1.973,1.977,1.991,2.016,2.069,2.161,2.164,2.167,2.176,2.181
1756124369.1201055,1.991,1.995,2.009,2.034,2.092,3.502,3.507,3.513,3.528,3.536
1756124369.2664793,2.011,2.016,2.030,2.056,2.118,3.522,3.527,3.533,3.547,3.556
1756124369.4096494,2.022,2.027,2.041,2.067,2.132,3.533,3.538,3.544,3.558,3.567
1756124369.5374906,2.024,2.029,2.043,2.069,2.135,3.535,3.540,3.546,3.560,3.569
1756124369.665111,2.024,2.029,2.043,2.069,2.135,3.535,3.540,3.546,3.560,3.569
1756124369.8028514,2.025,2.030,2.044,2.070,2.136,3.536,3.541,3.547,3.561,3.570
1756124369.939711,2.037,2.042,2.057,2.084,2.152,2.928,2.932,2.937,2.949,2.956
1756124370.0740876,2.054,2.059,2.074,2.094,2.096,2.099,2.102,2.106,2.114,2.119
1756124370.205557,2.036,2.036,2.037,2.039,2.041,2.043,2.046,2.049,2.058,2.063
1756124370.344863,2.091,2.096,2.112,2.141,2.392,2.394,2.398,2.402,2.412,2.418
1756124370.4901702,2.110,2.115,2.131,2.161,3.163,3.167,3.171,3.177,3.190,3.197
1756124370.6339593,2.131,2.137,2.153,2.184,3.638,3.642,3.648,3.654,3.669,3.678
1756124370.800728,2.139,2.144,2.160,2.192,3.646,3.650,3.655,3.661,3.676,3.685
1756124370.9583192,2.139,2.144,2.161,2.192,3.646,3.650,3.655,3.662,3.676,3.685
1756124371.0891862,2.139,2.144,2.161,2.192,3.646,3.650,3.655,3.662,3.676,3.685
1756124371.2909517,2.139,2.144,2.161,2.192,3.646,3.650,3.655,3.662,3.676,3.685
1756124371.4396117,2.146,2.151,2.167,2.200,3.653,3.658,3.663,3.669,3.684,3.693
1756124371.5985456,2.161,2.167,2.183,2.216,2.339,2.342,2.345,2.349,2.359,2.364
1756124371.7498715,1.994,1.995,1.996,1.997,1.999,2.001,2.004,2.008,2.016,2.021
1756124371.8984978,2.197,2.203,2.220,2.255,2.260,2.263,2.266,2.270,2.279,2.285
1756124372.0640566,2.216,2.222,2.239,2.275,2.631,2.634,2.638,2.642,2.653,2.659
1756124372.2071912,2.235,2.242,2.259,2.296,3.742,3.747,3.752,3.759,3.774,3.783
1756124372.365914,2.252,2.259,2.276,2.314,3.759,3.764,3.769,3.776,3.791,3.800
1756124372.5190597,2.254,2.260,2.278,2.316,3.761,3.765,3.771,3.777,3.793,3.802
1756124372.6827502,2.254,2.260,2.278,2.316,3.761,3.765,3.771,3.777,3.793,3.802
1756124372.8164454,2.254,2.260,2.278,2.316,3.761,3.765,3.771,3.777,3.793,3.802
1756124372.9608572,2.255,2.262,2.280,2.317,3.762,3.767,3.772,3.779,3.794,3.803
1756124373.113073,2.269,2.275,2.293,2.331,2.836,2.840,2.844,2.849,2.860,2.867
1756124373.2582238,2.074,2.075,2.076,2.077,2.079,2.082,2.085,2.088,2.097,2.102
1756124373.4202394,2.050,2.050,2.051,2.053,2.055,2.057,2.060,2.064,2.072,2.077
1756124373.5529342,2.323,2.329,2.349,2.389,2.418,2.421,2.424,2.428,2.438,2.444
1756124373.7215147,2.341,2.348,2.368,2.409,3.351,3.355,3.360,3.366,3.380,3.388
1756124373.8778503,2.362,2.369,2.390,2.433,3.869,3.874,3.880,3.886,3.902,3.911
1756124374.0196261,2.369,2.376,2.397,2.441,3.876,3.881,3.887,3.893,3.909,3.918
1756124374.1593554,2.369,2.376,2.397,2.441,3.876,3.881,3.887,3.893,3.909,3.919
1756124374.3093958,2.369,2.376,2.397,2.441,3.876,3.881,3.887,3.893,3.909,3.919
1756124374.467658,2.369,2.376,2.397,2.441,3.876,3.881,3.887,3.893,3.909,3.919
1756124374.6038425,2.377,2.384,2.405,2.449,3.885,3.890,3.895,3.902,3.918,3.927
1756124374.7386777,2.294,2.294,2.295,2.297,2.299,2.302,2.306,2.309,2.319,2.324
1756124374.8828,1.993,1.994,1.995,1.996,1.998,2.001,2.004,2.007,2.015,2.020
1756124375.0195384,2.252,2.252,2.253,2.255,2.257,2.260,2.263,2.267,2.276,2.282
1756124375.177586,2.448,2.455,2.478,2.528,2.543,2.546,2.550,2.554,2.564,2.571
1756124375.3372056,2.467,2.474,2.497,2.549,3.974,3.979,3.985,3.991,4.008,4.017
1756124375.4857223,2.486,2.494,2.517,2.571,3.993,3.998,4.004,4.011,4.027,4.037
1756124375.6421525,2.495,2.503,2.527,2.581,4.002,4.007,4.013,4.020,4.036,4.046
1756124375.7935743,2.496,2.504,2.528,2.582,4.003,4.008,4.014,4.021,4.037,4.047
1756124375.9466605,2.496,2.504,2.528,2.582,4.003,4.008,4.014,4.021,4.037,4.047
1756124376.1265974,2.498,2.506,2.530,2.584,4.006,4.010,4.016,4.023,4.040,4.049
1756124376.2887087,2.512,2.520,2.544,2.600,2.756,2.759,2.763,2.768,2.779,2.786
1756124376.4128227,2.057,2.058,2.059,2.060,2.062,2.065,2.068,2.071,2.080,2.085
1756124376.5656252,2.070,2.070,2.071,2.073,2.075,2.078,2.081,2.084,2.093,2.098
1756124376.7082174,2.353,2.354,2.355,2.357,2.359,2.362,2.365,2.369,2.379,2.385
1756124376.8644814,2.584,2.593,2.619,2.683,3.177,3.181,3.186,3.191,3.204,3.212
1756124376.997274,2.605,2.614,2.641,2.708,4.113,4.118,4.124,4.131,4.147,4.157
1756124377.1356194,2.618,2.627,2.654,2.724,4.126,4.131,4.137,4.144,4.161,4.171
1756124377.286578,2.622,2.631,2.658,2.729,4.130,4.135,4.141,4.148,4.165,4.175
1756124377.418485,2.622,2.631,2.658,2.729,4.130,4.135,4.141,4.148,4.165,4.175
1756124377.5509102,2.622,2.631,2.658,2.729,4.130,4.135,4.141,4.148,4.165,4.175
1756124377.7124085,2.631,2.640,2.667,2.740,3.767,3.772,3.777,3.783,3.799,3.808
1756124377.843701,2.258,2.259,2.260,2.262,2.264,2.267,2.270,2.274,2.283,2.289
1756124377.98436,1.993,1.994,1.995,1.996,1.998,2.001,2.003,2.007,2.015,2.020
1756124378.1232622,2.273,2.274,2.275,2.277,2.279,2.281,2.285,2.289,2.298,2.304
1756124378.276049,2.626,2.626,2.628,2.630,2.632,2.635,2.639,2.644,2.654,2.661
1756124378.4076328,2.721,2.730,2.760,4.225,4.229,4.234,4.240,4.247,4.265,4.275
1756124378.5530128,2.736,2.746,2.776,4.240,4.244,4.249,4.255,4.262,4.280,4.290
1756124378.6796331,2.738,2.747,2.777,4.241,4.245,4.250,4.257,4.264,4.281,4.291
1756124378.8269398,2.738,2.747,2.777,4.241,4.245,4.250,4.257,4.264,4.281,4.291
1756124378.9654675,2.738,2.747,2.777,4.241,4.245,4.250,4.257,4.264,4.281,4.291
1756124379.1072073,2.740,2.750,2.780,4.244,4.248,4.253,4.259,4.267,4.284,4.294
1756124379.248039,2.679,2.679,2.681,2.683,2.685,2.688,2.692,2.697,2.708,2.714
1756124379.398894,2.043,2.044,2.045,2.046,2.048,2.051,2.054,2.057,2.066,2.071
1756124379.5378006,2.089,2.090,2.091,2.092,2.094,2.097,2.100,2.103,2.112,2.117
1756124379.6912603,2.430,2.430,2.431,2.433,2.436,2.438,2.442,2.446,2.456,2.462
1756124379.8479033,2.827,2.838,2.870,3.622,3.625,3.630,3.635,3.641,3.656,3.665
1756124380.0235596,2.848,2.859,2.891,4.351,4.356,4.361,4.367,4.375,4.392,4.403
1756124380.2009075,2.853,2.864,2.896,4.356,4.361,4.366,4.372,4.380,4.397,4.408
1756124380.3769116,2.853,2.864,2.896,4.356,4.361,4.366,4.372,4.380,4.397,4.408
1756124380.5218103,2.853,2.864,2.896,4.356,4.361,4.366,4.372,4.380,4.397,4.408
1756124380.6973312,2.853,2.864,2.896,4.356,4.361,4.366,4.372,4.380,4.397,4.408
1756124380.8561738,2.862,2.873,2.906,3.597,3.600,3.605,3.610,3.616,3.631,3.639
1756124381.09013,2.225,2.226,2.227,2.228,2.230,2.233,2.236,2.240,2.249,2.255
1756124381.2361865,1.996,1.997,1.998,1.999,2.001,2.003,2.006,2.010,2.018,2.023
1756124381.3709257,2.312,2.312,2.313,2.315,2.317,2.320,2.323,2.327,2.337,2.342
1756124381.5148387,2.744,2.745,2.746,2.748,2.751,2.754,2.758,2.763,2.774,2.781
1756124381.6788814,2.953,2.965,3.002,4.457,4.461,4.466,4.473,4.481,4.499,4.510
1756124381.844258,2.967,2.979,3.016,4.471,4.475,4.480,4.487,4.494,4.513,4.524
1756124381.9956224,2.968,2.980,3.018,4.472,4.476,4.482,4.488,4.496,4.514,4.525
1756124382.151002,2.968,2.980,3.018,4.472,4.476,4.482,4.488,4.496,4.514,4.525
1756124382.2998395,2.968,2.980,3.018,4.472,4.476,4.482,4.488,4.496,4.514,4.525
1756124382.458155,2.972,2.984,3.021,4.475,4.480,4.485,4.492,4.499,4.518,4.528
1756124382.6474771,2.608,2.609,2.610,2.612,2.615,2.618,2.622,2.626,2.637,2.643
1756124382.787281,2.031,2.031,2.032,2.034,2.036,2.038,2.041,2.045,2.053,2.058
1756124382.9494984,2.112,2.113,2.114,2.115,2.117,2.120,2.123,2.127,2.135,2.140
1756124383.1031244,2.463,2.464,2.465,2.467,2.469,2.472,2.476,2.480,2.490,2.496
1756124383.2624173,3.059,3.072,3.113,3.946,3.950,3.955,3.961,3.967,3.984,3.993
1756124383.4286506,3.080,3.093,3.134,4.583,4.588,4.593,4.600,4.608,4.626,4.637
1756124383.5613728,3.084,3.097,3.138,4.587,4.591,4.597,4.604,4.611,4.630,4.641
1756124383.7134368,3.084,3.097,3.138,4.587,4.591,4.597,4.604,4.611,4.630,4.641
1756124383.8429687,3.084,3.097,3.138,4.587,4.591,4.597,4.604,4.611,4.630,4.641
1756124384.0011923,3.084,3.097,3.138,4.587,4.591,4.597,4.604,4.611,4.630,4.641
1756124384.1549063,3.094,3.108,3.149,3.434,3.438,3.442,3.447,3.453,3.467,3.475
1756124384.291471,2.196,2.197,2.198,2.199,2.201,2.204,2.207,2.211,2.220,2.225
1756124384.4345987,1.998,1.998,1.999,2.000,2.002,2.005,2.008,2.011,2.019,2.024
1756124384.5707214,2.282,2.283,2.284,2.285,2.288,2.290,2.294,2.298,2.307,2.313
1756124384.7183402,2.621,2.622,2.623,2.625,2.628,2.631,2.635,2.639,2.650,2.656
1756124384.8692853,3.185,3.199,3.244,4.688,4.693,4.698,4.705,4.713,4.732,4.744
1756124385.0113966,3.202,3.217,3.263,4.706,4.710,4.716,4.723,4.731,4.750,4.761
1756124385.1652415,3.210,3.224,3.270,4.713,4.717,4.723,4.730,4.738,4.757,4.769
1756124385.3225443,3.210,3.224,3.271,4.713,4.718,4.723,4.730,4.738,4.758,4.769
1756124385.459684,3.210,3.224,3.271,4.713,4.718,4.723,4.730,4.738,4.758,4.769
1756124385.6137307,3.214,3.229,3.275,4.718,4.722,4.728,4.735,4.743,4.762,4.773
1756124385.755981,2.549,2.549,2.551,2.552,2.555,2.558,2.562,2.566,2.577,2.583
1756124385.8927402,2.021,2.021,2.022,2.024,2.026,2.028,2.031,2.035,2.043,2.048
1756124386.0409956,2.139,2.140,2.141,2.142,2.144,2.147,2.150,2.154,2.162,2.168
1756124386.1945262,2.497,2.497,2.498,2.500,2.503,2.506,2.509,2.514,2.524,2.530
1756124386.3487911,3.302,3.317,3.367,4.327,4.332,4.337,4.343,4.351,4.368,4.379
1756124386.4964092,3.321,3.337,3.388,4.825,4.829,4.835,4.842,4.850,4.870,4.882
1756124386.6269298,3.325,3.341,3.392,4.829,4.833,4.839,4.846,4.854,4.874,4.886
1756124386.7828636,3.325,3.341,3.392,4.829,4.833,4.839,4.846,4.854,4.874,4.886
1756124386.9512072,3.325,3.341,3.392,4.829,4.833,4.839,4.846,4.854,4.874,4.886
1756124387.1217287,3.325,3.341,3.392,4.829,4.833,4.839,4.846,4.854,4.874,4.886
1756124387.2773848,3.301,3.301,3.303,3.305,3.309,3.313,3.318,3.323,3.337,3.345
1756124387.4270246,2.170,2.171,2.172,2.173,2.176,2.178,2.181,2.185,2.194,2.199
1756124387.5905483,2.005,2.006,2.007,2.008,2.010,2.013,2.016,2.019,2.027,2.032
1756124387.743612,2.349,2.350,2.351,2.353,2.355,2.358,2.361,2.365,2.375,2.381
1756124387.8933601,2.903,2.904,2.905,2.908,2.910,2.914,2.918,2.923,2.935,2.942
1756124388.1000705,3.429,3.446,3.504,4.932,4.937,4.943,4.950,4.958,4.979,4.990
1756124388.2660913,3.440,3.457,3.516,4.943,4.948,4.954,4.961,4.970,4.990,5.002
1756124388.4131966,3.441,3.458,3.517,4.944,4.949,4.955,4.962,4.970,4.991,5.003
1756124388.574215,3.441,3.458,3.517,4.944,4.949,4.955,4.962,4.970,4.991,5.003
1756124388.730611,3.441,3.458,3.517,4.944,4.949,4.955,4.962,4.970,4.991,5.003
1756124388.8884916,3.446,3.463,3.522,4.949,4.954,4.960,4.967,4.976,4.996,5.008
1756124389.034973,2.493,2.494,2.495,2.497,2.499,2.502,2.506,2.510,2.520,2.526
1756124389.1978264,2.012,2.012,2.013,2.015,2.017,2.019,2.022,2.025,2.034,2.039
1756124389.3722582,2.162,2.163,2.164,2.165,2.167,2.170,2.173,2.177,2.186,2.191
1756124389.5358832,2.471,2.472,2.473,2.475,2.477,2.480,2.484,2.488,2.498,2.504
1756124389.669561,3.534,3.552,3.617,4.387,4.391,4.397,4.403,4.410,4.428,4.439
1756124389.8331678,3.553,3.571,3.637,5.056,5.061,5.067,5.074,5.083,5.103,5.116
1756124390.0138953,3.556,3.574,3.641,5.059,5.064,5.070,5.077,5.086,5.107,5.119
1756124390.1695466,3.556,3.574,3.641,5.059,5.064,5.070,5.077,5.086,5.107,5.119
1756124390.3148174,3.556,3.574,3.641,5.059,5.064,5.070,5.077,5.086,5.107,5.119
1756124390.5066273,3.556,3.574,3.641,5.059,5.064,5.070,5.077,5.086,5.107,5.119
1756124390.6594005,3.169,3.170,3.172,3.174,3.177,3.181,3.185,3.191,3.204,3.211
1756124390.8142853,2.143,2.143,2.144,2.146,2.148,2.151,2.154,2.157,2.166,2.171
1756124390.9539037,2.013,2.014,2.015,2.016,2.018,2.021,2.024,2.027,2.035,2.040
1756124391.1046376,2.360,2.361,2.362,2.363,2.366,2.369,2.372,2.376,2.386,2.391
1756124391.2498386,2.959,2.959,2.961,2.963,2.966,2.969,2.974,2.979,2.991,2.998
1756124391.397992,3.656,3.675,3.750,5.159,5.164,5.170,5.177,5.186,5.207,5.220
1756124391.5460255,3.656,3.675,3.750,5.159,5.164,5.170,5.178,5.186,5.207,5.220
1756124391.699344,3.656,3.675,3.750,5.159,5.164,5.170,5.177,5.186,5.207,5.220
1756124391.8687508,3.656,3.675,3.750,5.159,5.164,5.170,5.177,5.186,5.207,5.220
1756124392.0076897,3.656,3.675,3.750,5.158,5.163,5.170,5.177,5.186,5.207,5.220
1756124392.15213,3.658,3.677,3.752,5.161,5.166,5.172,5.180,5.188,5.209,5.222
1756124392.305743,2.595,2.596,2.597,2.599,2.602,2.605,2.609,2.613,2.624,2.630
1756124392.4561381,2.004,2.005,2.006,2.007,2.009,2.012,2.015,2.018,2.026,2.031
1756124392.6228008,2.142,2.143,2.144,2.146,2.148,2.150,2.154,2.157,2.166,2.171
1756124392.7683709,2.041,2.042,2.043,2.044,2.046,2.049,2.052,2.055,2.064,2.069
1756124392.9089653,2.875,2.876,2.877,2.879,2.882,2.885,2.890,2.895,2.906,2.913
1756124393.0511382,3.678,3.696,3.772,5.180,5.185,5.191,5.199,5.208,5.229,5.241
1756124393.1981523,3.677,3.696,3.771,5.180,5.185,5.191,5.199,5.208,5.229,5.241
1756124393.3344655,3.677,3.696,3.771,5.180,5.185,5.191,5.199,5.207,5.229,5.241
1756124393.499807,3.677,3.696,3.771,5.180,5.185,5.191,5.199,5.207,5.229,5.241
1756124393.6520505,3.677,3.696,3.771,5.180,5.185,5.191,5.199,5.207,5.229,5.241
1756124393.8051553,3.672,3.691,3.765,5.175,5.180,5.186,5.194,5.202,5.224,5.236
1756124393.9436917,3.674,3.693,3.767,5.176,5.181,5.188,5.195,5.204,5.225,5.237
1756124394.1009285,3.674,3.693,3.768,5.177,5.182,5.188,5.196,5.204,5.226,5.238
1756124394.2557147,3.675,3.694,3.769,5.177,5.182,5.189,5.196,5.205,5.226,5.239
1756124394.4381273,3.677,3.696,3.772,5.180,5.185,5.191,5.199,5.207,5.229,5.241
1756124394.6154556,3.680,3.699,3.775,5.183,5.188,5.194,5.201,5.210,5.231,5.244
1756124394.7699034,3.680,3.699,3.775,5.183,5.188,5.194,5.202,5.210,5.232,5.244
1756124394.9346821,3.680,3.699,3.775,5.183,5.188,5.194,5.201,5.210,5.232,5.244
1756124395.1031988,3.680,3.699,3.775,5.183,5.188,5.194,5.201,5.210,5.231,5.244
1756124395.2666867,3.680,3.699,3.775,5.182,5.187,5.194,5.201,5.210,5.231,5.244
1756124395.4106145,3.677,3.696,3.771,4.747,4.752,4.758,4.765,4.773,4.792,4.803
1756124395.5929694,3.676,3.695,3.771,5.179,5.184,5.190,5.197,5.206,5.227,5.240
1756124395.7643683,3.676,3.695,3.771,5.179,5.184,5.190,5.198,5.206,5.228,5.240
1756124395.9116259,3.677,3.696,3.772,5.180,5.185,5.191,5.199,5.207,5.229,5.241
1756124396.0674937,3.678,3.697,3.773,5.181,5.186,5.192,5.199,5.208,5.229,5.242
1756124396.250883,3.681,3.700,3.777,5.183,5.188,5.195,5.202,5.211,5.232,5.245
1756124396.413291,3.682,3.701,3.778,5.185,5.190,5.196,5.203,5.212,5.234,5.246
1756124396.5491438,3.682,3.701,3.778,5.185,5.190,5.196,5.203,5.212,5.233,5.246
1756124396.6950233,3.682,3.701,3.778,5.184,5.189,5.196,5.203,5.212,5.233,5.246
1756124396.8541422,3.682,3.701,3.777,5.184,5.189,5.196,5.203,5.212,5.233,5.246
1756124397.002462,3.681,3.701,3.777,5.184,5.189,5.195,5.203,5.212,5.233,5.245
1756124397.1379926,3.676,3.695,3.771,4.713,4.717,4.723,4.730,4.738,4.757,4.768
1756124397.2979536,3.678,3.697,3.774,5.181,5.186,5.192,5.199,5.208,5.229,5.242
1756124397.4459271,3.679,3.698,3.774,5.181,5.186,5.193,5.200,5.209,5.230,5.243
1756124397.6231616,3.679,3.698,3.775,5.182,5.187,5.193,5.200,5.209,5.230,5.243
1756124397.7740679,3.681,3.700,3.777,5.184,5.189,5.195,5.202,5.211,5.232,5.245
1756124397.9201417,3.683,3.703,3.780,5.186,5.191,5.197,5.205,5.214,5.235,5.247
1756124398.0937376,3.683,3.703,3.780,5.186,5.191,5.197,5.205,5.214,5.235,5.247
1756124398.2648163,3.683,3.703,3.780,5.186,5.191,5.197,5.205,5.214,5.235,5.247
1756124398.433056,3.683,3.702,3.780,5.186,5.191,5.197,5.205,5.213,5.235,5.247
1756124398.6007507,3.683,3.702,3.779,5.186,5.191,5.197,5.205,5.213,5.235,5.247
1756124398.757062,3.680,3.699,3.776,4.430,4.435,4.440,4.447,4.454,4.472,4.483
1756124398.9170425,3.679,3.699,3.776,5.182,5.187,5.193,5.201,5.210,5.231,5.244
1756124399.0795374,3.679,3.699,3.776,5.182,5.187,5.194,5.201,5.210,5.231,5.244
1756124399.246269,3.680,3.699,3.777,5.183,5.188,5.194,5.202,5.210,5.232,5.244
1756124399.3994687,3.681,3.700,3.778,5.184,5.189,5.195,5.203,5.211,5.233,5.245
1756124399.5553906,3.684,3.703,3.780,5.186,5.191,5.198,5.205,5.214,5.235,5.248
1756124399.6946387,3.684,3.704,3.781,5.187,5.192,5.199,5.206,5.215,5.236,5.249
1756124399.8448122,3.684,3.704,3.781,5.187,5.192,5.198,5.206,5.215,5.236,5.249
1756124399.992399,3.684,3.704,3.781,5.187,5.192,5.198,5.206,5.215,5.236,5.248
1756124400.1405797,3.684,3.704,3.781,5.187,5.192,5.198,5.206,5.215,5.236,5.248
1756124400.299558,3.684,3.703,3.780,5.187,5.192,5.198,5.205,5.214,5.235,5.248
1756124400.4357445,3.678,3.698,3.774,4.274,4.278,4.283,4.289,4.296,4.314,4.324
1756124400.573916,3.681,3.700,3.777,5.183,5.188,5.195,5.202,5.211,5.232,5.245
1756124400.7106283,3.681,3.701,3.778,5.184,5.189,5.195,5.203,5.212,5.233,5.245
1756124400.8317695,3.681,3.701,3.778,5.184,5.189,5.195,5.203,5.212,5.233,5.245
1756124400.9724345,3.683,3.703,3.780,5.186,5.191,5.197,5.205,5.214,5.235,5.247
1756124401.1124446,3.685,3.705,3.782,5.188,5.193,5.199,5.207,5.216,5.237,5.249
1756124401.2442575,3.685,3.705,3.782,5.188,5.193,5.199,5.207,5.216,5.237,5.249
1756124401.3878813,3.685,3.705,3.782,5.188,5.193,5.199,5.207,5.216,5.237,5.249
1756124401.5206158,3.685,3.705,3.782,5.188,5.193,5.199,5.207,5.216,5.237,5.249
1756124401.6618688,3.685,3.704,3.782,5.188,5.193,5.199,5.207,5.215,5.237,5.249
1756124401.7906947,3.682,3.701,3.778,4.192,4.196,4.201,4.207,4.214,4.231,4.241
1756124401.9556708,3.681,3.701,3.778,5.184,5.189,5.195,5.203,5.212,5.233,5.245
1756124402.1000504,3.681,3.701,3.778,5.184,5.189,5.196,5.203,5.212,5.233,5.246
1756124402.2598822,3.682,3.701,3.779,5.185,5.190,5.196,5.204,5.212,5.234,5.246
1756124402.405082,3.683,3.702,3.780,5.186,5.191,5.197,5.205,5.213,5.235,5.247
1756124402.5603712,3.685,3.705,3.783,5.188,5.193,5.199,5.207,5.216,5.237,5.249
1756124402.700989,3.686,3.705,3.783,5.189,5.194,5.200,5.208,5.216,5.238,5.250
1756124402.8657403,3.686,3.705,3.783,5.189,5.194,5.200,5.208,5.216,5.238,5.250
1756124403.0175898,3.686,3.705,3.783,5.189,5.194,5.200,5.207,5.216,5.238,5.250
1756124403.169263,3.686,3.705,3.783,5.189,5.194,5.200,5.207,5.216,5.237,5.250
1756124403.3374264,3.685,3.704,3.782,5.188,5.193,5.199,5.207,5.216,5.237,5.249
1756124403.4845867,3.680,3.699,3.776,3.985,3.989,3.994,4.000,4.006,4.023,4.032
1756124403.611496,3.682,3.702,3.779,5.185,5.190,5.196,5.204,5.213,5.234,5.246
1756124403.7508392,3.683,3.702,3.780,5.186,5.191,5.197,5.204,5.213,5.235,5.247
1756124403.883682,3.683,3.702,3.780,5.186,5.191,5.197,5.205,5.213,5.235,5.247
1756124404.0363147,3.685,3.704,3.782,5.188,5.193,5.199,5.207,5.215,5.237,5.249
1756124404.1963212,3.687,3.706,3.784,5.190,5.195,5.201,5.208,5.217,5.238,5.251
1756124404.3430085,3.687,3.706,3.784,5.189,5.194,5.201,5.208,5.217,5.238,5.251
1756124404.4894257,3.687,3.706,3.784,5.189,5.194,5.201,5.208,5.217,5.238,5.251
1756124404.6282663,3.687,3.706,3.784,5.189,5.194,5.201,5.208,5.217,5.238,5.251
1756124404.7768362,3.686,3.706,3.784,5.189,5.194,5.200,5.208,5.217,5.238,5.251
1756124404.9149475,3.683,3.702,3.780,3.929,3.933,3.938,3.943,3.950,3.966,3.976
1756124405.058836,3.682,3.702,3.779,5.185,5.190,5.196,5.204,5.213,5.234,5.246
1756124405.2373416,3.683,3.702,3.780,5.186,5.191,5.197,5.205,5.213,5.235,5.247
1756124405.4063492,3.683,3.703,3.780,5.186,5.191,5.197,5.205,5.214,5.235,5.247
1756124405.56926,3.684,3.704,3.781,5.187,5.192,5.198,5.206,5.215,5.236,5.248
1756124405.7240384,3.687,3.706,3.784,5.189,5.194,5.201,5.208,5.217,5.238,5.251
1756124405.8699784,3.687,3.707,3.784,5.190,5.195,5.201,5.209,5.218,5.239,5.251
1756124406.0541205,3.687,3.706,3.784,5.190,5.195,5.201,5.209,5.217,5.239,5.251
1756124406.2248285,3.687,3.706,3.784,5.190,5.195,5.201,5.209,5.217,5.239,5.251
1756124406.4044387,3.687,3.706,3.784,5.190,5.195,5.201,5.209,5.217,5.239,5.251
1756124406.5533314,3.686,3.705,3.783,5.189,5.194,5.200,5.208,5.217,5.238,5.250
1756124406.697662,3.681,3.700,3.777,3.877,3.881,3.886,3.891,3.898,3.914,3.923
1756124406.8292885,3.683,3.703,3.780,5.186,5.191,5.197,5.205,5.214,5.235,5.247
1756124406.9819157,3.684,3.703,3.781,5.187,5.192,5.198,5.205,5.214,5.235,5.248
1756124407.1258163,3.684,3.703,3.781,5.187,5.192,5.198,5.206,5.214,5.236,5.248
1756124407.269511,3.686,3.705,3.783,5.189,5.194,5.200,5.208,5.216,5.238,5.250
1756124407.4249027,3.688,3.707,3.785,5.190,5.195,5.202,5.209,5.218,5.239,5.252
1756124407.5754135,3.688,3.707,3.785,5.190,5.195,5.202,5.209,5.218,5.239,5.252
1756124407.7253864,3.687,3.707,3.785,5.190,5.195,5.202,5.209,5.218,5.239,5.252
1756124407.8664458,3.687,3.707,3.784,5.190,5.195,5.201,5.209,5.218,5.239,5.251
1756124408.002825,3.687,3.707,3.784,5.190,5.195,5.201,5.209,5.218,5.239,5.251
1756124408.1400096,3.684,3.703,3.780,3.829,3.833,3.838,3.843,3.850,3.865,3.875
1756124408.2860146,3.683,3.703,3.780,5.186,5.191,5.198,5.205,5.214,5.235,5.248
1756124408.4113584,3.684,3.703,3.781,5.187,5.192,5.198,5.205,5.214,5.235,5.248
1756124408.546381,3.684,3.704,3.781,5.187,5.192,5.198,5.206,5.215,5.236,5.248
1756124408.6688974,3.685,3.705,3.782,5.188,5.193,5.199,5.207,5.216,5.237,5.249
1756124408.8033893,3.688,3.707,3.785,5.190,5.195,5.202,5.209,5.218,5.239,5.252
1756124408.929133,3.688,3.707,3.785,5.191,5.196,5.202,5.210,5.218,5.240,5.252
1756124409.08092,3.688,3.707,3.785,5.191,5.196,5.202,5.210,5.218,5.240,5.252
1756124409.2192106,3.688,3.707,3.785,5.191,5.196,5.202,5.209,5.218,5.239,5.252
1756124409.3638427,3.688,3.707,3.785,5.190,5.195,5.202,5.209,5.218,5.239,5.252
1756124409.502751,3.687,3.706,3.784,5.190,5.195,5.201,5.208,5.217,5.239,5.251
1756124409.6604767,3.681,3.701,3.778,3.852,3.856,3.861,3.866,3.873,3.889,3.898
1756124409.8188019,3.684,3.704,3.781,5.187,5.192,5.198,5.206,5.215,5.236,5.248
1756124409.9524379,3.685,3.704,3.782,5.187,5.193,5.199,5.206,5.215,5.236,5.249
1756124410.090073,3.685,3.704,3.782,5.188,5.193,5.199,5.207,5.215,5.237,5.249
1756124410.2363698,3.687,3.706,3.784,5.190,5.195,5.201,5.209,5.217,5.239,5.251
1756124410.3923562,3.688,3.708,3.786,5.191,5.196,5.202,5.210,5.219,5.240,5.253
1756124410.5427256,3.688,3.708,3.786,5.191,5.196,5.202,5.210,5.219,5.240,5.252
1756124410.6941006,3.688,3.708,3.786,5.191,5.196,5.202,5.210,5.219,5.240,5.252
1756124410.8293033,3.688,3.708,3.785,5.191,5.196,5.202,5.210,5.218,5.240,5.252
1756124410.991659,3.688,3.707,3.785,5.191,5.196,5.202,5.210,5.218,5.240,5.252
1756124411.1582696,3.681,3.682,3.684,3.686,3.690,3.694,3.700,3.706,3.721,3.730
1756124411.3054342,3.684,3.704,3.781,5.187,5.192,5.198,5.206,5.215,5.236,5.248
1756124411.4760668,3.685,3.704,3.782,5.188,5.193,5.199,5.206,5.215,5.236,5.249
1756124411.629009,3.685,3.705,3.782,5.188,5.193,5.199,5.207,5.215,5.237,5.249
1756124411.7830377,3.686,3.706,3.784,5.189,5.194,5.200,5.208,5.217,5.238,5.250
1756124411.9345152,3.688,3.708,3.786,5.191,5.196,5.202,5.210,5.219,5.240,5.252
1756124412.1008384,3.689,3.708,3.786,5.191,5.197,5.203,5.210,5.219,5.240,5.253
1756124412.24566,3.689,3.708,3.786,5.191,5.196,5.203,5.210,5.219,5.240,5.253
1756124412.3982818,3.689,3.708,3.786,5.191,5.196,5.203,5.210,5.219,5.240,5.253
1756124412.5247266,3.688,3.708,3.786,5.191,5.196,5.202,5.210,5.219,5.240,5.253
1756124412.6765542,3.687,3.707,3.784,5.190,5.195,5.202,5.209,5.218,5.239,5.252
1756124412.8372505,3.682,3.702,3.779,3.997,4.001,4.006,4.012,4.019,4.035,4.045
1756124412.9695978,3.685,3.704,3.782,5.188,5.193,5.199,5.206,5.215,5.237,5.249
1756124413.1106975,3.685,3.705,3.783,5.188,5.193,5.199,5.207,5.216,5.237,5.250
1756125755.4419985,1.952,1.957,1.970,1.994,2.045,3.463,3.468,3.474,3.488,3.496
1756125755.549364,1.952,1.957,1.970,1.994,2.045,3.463,3.468,3.474,3.488,3.496
1756125755.6910062,1.952,1.957,1.970,1.994,2.045,3.463,3.468,3.474,3.488,3.496
1756125755.8331265,1.952,1.957,1.970,1.994,2.045,3.463,3.468,3.474,3.488,3.496
1756125755.9825163,1.952,1.957,1.970,1.994,2.045,3.463,3.468,3.474,3.488,3.496
1756125756.1336555,1.952,1.957,1.970,1.994,2.045,3.463,3.468,3.474,3.488,3.496
1756125756.2874417,1.952,1.957,1.970,1.994,2.045,3.463,3.468,3.474,3.488,3.496
1756125756.4458396,1.952,1.957,1.970,1.994,2.045,3.463,3.468,3.474,3.488,3.496
1756125756.5922513,1.952,1.957,1.970,1.994,2.045,3.463,3.468,3.474,3.488,3.496
1756125756.746898,1.952,1.957,1.970,1.994,2.045,3.463,3.468,3.474,3.488,3.496
1756125756.895868,1.952,1.957,1.970,1.994,2.045,3.463,3.468,3.474,3.488,3.496
1756125757.0391781,1.952,1.957,1.970,1.994,2.045,3.463,3.468,3.474,3.488,3.496
1756125757.1786194,1.952,1.957,1.970,1.994,2.045,3.463,3.468,3.474,3.488,3.496
1756125757.3228347,1.952,1.957,1.970,1.994,2.045,3.463,3.468,3.474,3.488,3.496
1756125757.460044,1.952,1.957,1.970,1.994,2.045,3.463,3.468,3.474,3.488,3.496
1756125757.5926468,1.952,1.957,1.970,1.994,2.045,3.463,3.468,3.474,3.488,3.496
1756125757.7409773,1.952,1.957,1.970,1.994,2.045,3.463,3.468,3.474,3.488,3.496
1756125757.878704,1.952,1.957,1.970,1.994,2.045,3.463,3.468,3.474,3.488,3.496
1756125758.0284607,1.952,1.957,1.970,1.994,2.045,3.463,3.468,3.474,3.488,3.496
1756125758.1983752,1.952,1.957,1.970,1.994,2.045,3.463,3.468,3.474,3.488,3.496
1756125758.3458357,1.952,1.957,1.970,1.994,2.045,3.463,3.468,3.474,3.488,3.496
1756125758.493435,1.952,1.957,1.970,1.994,2.045,3.463,3.468,3.474,3.488,3.496
1756125758.6603868,1.952,1.957,1.970,1.994,2.045,3.463,3.468,3.474,3.488,3.496
1756125758.7862153,1.952,1.957,1.970,1.994,2.045,3.463,3.468,3.474,3.488,3.496
1756125758.9364517,1.952,1.957,1.970,1.994,2.045,3.463,3.468,3.474,3.488,3.496
1756125759.0772152,1.952,1.957,1.970,1.994,2.045,3.463,3.468,3.474,3.488,3.496
1756125759.2307444,1.952,1.957,1.970,1.994,2.045,3.463,3.468,3.474,3.488,3.496
1756125759.3819222,1.952,1.957,1.970,1.994,2.045,3.463,3.468,3.474,3.488,3.496
1756125759.5291772,1.952,1.957,1.970,1.994,2.045,3.463,3.468,3.474,3.488,3.496
1756125759.662105,1.952,1.957,1.970,1.994,2.045,3.463,3.468,3.474,3.488,3.496
1756125759.805541,1.952,1.957,1.970,1.994,2.045,3.463,3.468,3.474,3.488,3.496
1756125759.9620008,1.960,1.964,1.978,2.002,2.053,3.471,3.476,3.482,3.496,3.505
1756125760.125324,1.976,1.980,1.994,2.019,2.072,2.138,2.141,2.145,2.153,2.159
1756125760.2762537,1.995,1.999,2.013,2.039,2.097,3.506,3.511,3.517,3.531,3.540
1756125760.4311578,2.014,2.019,2.033,2.059,2.122,3.525,3.530,3.536,3.550,3.559
1756125760.5726645,2.023,2.028,2.042,2.068,2.134,3.534,3.539,3.545,3.559,3.568
1756125760.726375,2.024,2.029,2.043,2.069,2.135,3.535,3.540,3.546,3.560,3.569
1756125760.8713923,2.024,2.029,2.043,2.069,2.135,3.535,3.540,3.546,3.560,3.569
1756125761.0216596,2.027,2.032,2.046,2.072,2.139,3.538,3.543,3.549,3.563,3.572
1756125761.1773353,2.040,2.045,2.060,2.087,2.157,2.647,2.651,2.655,2.666,2.673
1756125761.351715,2.037,2.037,2.038,2.040,2.042,2.044,2.047,2.050,2.059,2.064
1756125761.5101254,2.076,2.081,2.097,2.105,2.107,2.110,2.113,2.117,2.125,2.130
1756125761.6651359,2.095,2.100,2.115,2.145,2.451,2.454,2.457,2.461,2.471,2.477
1756125761.8254962,2.113,2.119,2.135,2.165,3.621,3.625,3.631,3.637,3.652,3.660
1756125761.9690661,2.135,2.140,2.156,2.188,3.641,3.646,3.651,3.657,3.672,3.681
1756125762.1180847,2.147,2.153,2.169,2.201,3.654,3.658,3.663,3.670,3.685,3.693
1756125762.2649226,2.150,2.155,2.172,2.204,3.656,3.661,3.666,3.672,3.687,3.696
1756125762.4167657,2.150,2.155,2.172,2.204,3.656,3.661,3.666,3.672,3.687,3.696
1756125762.5722637,2.150,2.155,2.172,2.204,3.656,3.661,3.666,3.672,3.687,3.696
1756125762.7167823,2.159,2.165,2.181,2.214,3.512,3.516,3.522,3.528,3.542,3.550
1756125762.8719018,2.175,2.181,2.198,2.212,2.214,2.217,2.220,2.224,2.233,2.238
1756125763.03983,1.999,1.999,2.000,2.002,2.004,2.006,2.009,2.012,2.021,2.025
1756125763.1788082,2.212,2.218,2.235,2.271,2.319,2.322,2.325,2.329,2.339,2.344
1756125763.3351762,2.230,2.237,2.254,2.291,2.746,2.749,2.753,2.758,2.769,2.775
1756125763.488671,2.251,2.257,2.275,2.312,3.758,3.762,3.768,3.774,3.789,3.798
1756125763.650271,2.264,2.270,2.288,2.327,3.771,3.775,3.781,3.787,3.803,3.812
1756125763.7943342,2.265,2.271,2.289,2.328,3.772,3.776,3.782,3.788,3.804,3.813
1756125763.9789155,2.265,2.271,2.289,2.328,3.772,3.776,3.782,3.788,3.804,3.813
1756125764.1325479,2.265,2.271,2.289,2.328,3.772,3.776,3.782,3.788,3.804,3.813
1756125764.2806618,2.268,2.275,2.293,2.331,3.776,3.780,3.786,3.792,3.808,3.817
1756125764.4308586,2.283,2.289,2.307,2.347,2.581,2.584,2.588,2.592,2.603,2.609
1756125764.5851912,2.026,2.026,2.027,2.029,2.030,2.033,2.036,2.039,2.048,2.053
1756125764.7397227,2.128,2.129,2.130,2.131,2.133,2.136,2.139,2.143,2.151,2.157
1756125764.8808563,2.337,2.344,2.364,2.405,2.481,2.484,2.487,2.492,2.502,2.508
1756125765.0236042,2.356,2.363,2.383,2.426,3.864,3.868,3.874,3.880,3.896,3.906
1756125765.172063,2.376,2.383,2.404,2.448,3.883,3.888,3.893,3.900,3.916,3.925
1756125765.3137553,2.380,2.387,2.408,2.453,3.887,3.892,3.898,3.904,3.920,3.930
1756125765.4631474,2.380,2.387,2.408,2.453,3.887,3.892,3.898,3.904,3.920,3.930
1756125765.6077783,2.380,2.387,2.408,2.453,3.887,3.892,3.898,3.904,3.920,3.930
1756125765.7787561,2.380,2.387,2.408,2.453,3.887,3.892,3.898,3.904,3.920,3.930
1756125765.9086494,2.391,2.398,2.419,2.465,3.358,3.362,3.367,3.373,3.386,3.395
1756125766.0556076,2.180,2.181,2.182,2.183,2.185,2.188,2.191,2.195,2.204,2.209
1756125766.2045355,2.003,2.004,2.005,2.006,2.008,2.010,2.013,2.017,2.025,2.030
1756125766.355847,2.337,2.338,2.339,2.341,2.343,2.346,2.349,2.353,2.363,2.368
1756125766.5062745,2.462,2.470,2.493,2.545,2.854,2.857,2.861,2.866,2.878,2.885
1756125766.660648,2.483,2.491,2.514,2.568,3.990,3.995,4.001,4.008,4.024,4.034
1756125766.7997642,2.495,2.503,2.527,2.581,4.002,4.007,4.013,4.020,4.036,4.046
1756125766.9330506,2.496,2.504,2.528,2.582,4.003,4.008,4.014,4.021,4.037,4.047
1756125767.0871656,2.496,2.504,2.528,2.582,4.003,4.008,4.014,4.021,4.037,4.047
1756125767.2223704,2.496,2.504,2.528,2.582,4.003,4.008,4.014,4.021,4.037,4.047
1756125767.3622217,2.500,2.508,2.532,2.587,4.008,4.013,4.018,4.025,4.042,4.051
1756125767.5057008,2.515,2.518,2.519,2.521,2.523,2.526,2.530,2.534,2.545,2.551
1756125767.6442523,2.015,2.016,2.017,2.018,2.020,2.023,2.026,2.029,2.037,2.042
1756125767.7973812,2.157,2.157,2.158,2.160,2.162,2.165,2.168,2.172,2.180,2.186
1756125767.95232,2.480,2.480,2.481,2.483,2.486,2.489,2.492,2.496,2.507,2.513
1756125768.0992002,2.588,2.596,2.623,2.687,4.096,4.101,4.107,4.114,4.131,4.140
1756125768.2286983,2.608,2.616,2.643,2.711,4.115,4.120,4.126,4.133,4.150,4.160
1756125768.3799953,2.611,2.619,2.646,2.715,4.118,4.123,4.129,4.136,4.153,4.163
1756125768.5261662,2.611,2.619,2.646,2.715,4.118,4.123,4.129,4.136,4.153,4.163
1756125768.6727078,2.611,2.619,2.646,2.715,4.118,4.123,4.129,4.136,4.153,4.163
1756125768.8172085,2.611,2.619,2.646,2.715,4.118,4.123,4.129,4.136,4.153,4.163
1756125768.9668925,2.622,2.631,2.658,2.729,3.228,3.232,3.237,3.242,3.255,3.263
1756125769.0987375,2.154,2.154,2.155,2.157,2.159,2.162,2.165,2.168,2.177,2.182
1756125769.233907,2.008,2.008,2.009,2.011,2.013,2.015,2.018,2.021,2.030,2.034
1756125769.3721209,2.345,2.346,2.347,2.349,2.351,2.354,2.357,2.361,2.371,2.377
1756125769.5235047,2.694,2.703,2.733,2.819,2.888,2.892,2.896,2.901,2.913,2.920
1756125769.6716635,2.715,2.724,2.754,2.865,4.223,4.228,4.234,4.241,4.258,4.268
1756125769.8223839,2.726,2.735,2.765,4.229,4.233,4.238,4.245,4.252,4.269,4.279
1756125769.9708333,2.726,2.735,2.765,4.230,4.234,4.239,4.245,4.252,4.269,4.280
1756125770.1382074,2.726,2.735,2.765,4.230,4.234,4.239,4.245,4.252,4.269,4.280
1756125770.2614021,2.726,2.735,2.765,4.230,4.234,4.239,4.245,4.252,4.269,4.280
1756125770.4028962,2.731,2.740,2.770,4.235,4.239,4.244,4.250,4.258,4.275,4.285
1756125770.549011,2.464,2.464,2.465,2.467,2.470,2.473,2.476,2.480,2.491,2.496
1756125770.6933825,2.008,2.008,2.009,2.011,2.013,2.015,2.018,2.021,2.030,2.035
1756125770.8528626,2.184,2.185,2.186,2.188,2.190,2.192,2.196,2.199,2.208,2.214
1756125770.9883296,2.532,2.533,2.534,2.536,2.538,2.541,2.545,2.549,2.560,2.566
1756125771.151453,2.819,2.830,2.862,4.323,4.328,4.333,4.339,4.346,4.364,4.375
1756125771.3107142,2.838,2.849,2.881,4.342,4.346,4.351,4.358,4.365,4.383,4.393
1756125771.4570956,2.841,2.852,2.884,4.345,4.349,4.354,4.360,4.368,4.386,4.396
1756125771.594486,2.841,2.852,2.884,4.345,4.349,4.354,4.360,4.368,4.386,4.396
1756125771.7400029,2.841,2.852,2.884,4.345,4.349,4.354,4.360,4.368,4.386,4.396
1756125771.898,2.841,2.852,2.884,4.345,4.349,4.354,4.360,4.368,4.386,4.396
1756125772.0561638,2.854,2.864,2.897,3.111,3.114,3.117,3.122,3.127,3.140,3.147
1756125772.2107732,2.130,2.131,2.132,2.134,2.136,2.138,2.141,2.145,2.154,2.159
1756125772.3840835,2.017,2.018,2.019,2.020,2.022,2.025,2.028,2.031,2.039,2.044
1756125772.539221,2.370,2.371,2.372,2.374,2.376,2.379,2.382,2.386,2.396,2.402
1756125772.6862564,2.926,2.937,2.973,3.021,3.023,3.027,3.032,3.037,3.049,3.056
1756125772.8345277,2.947,2.959,2.995,4.450,4.455,4.460,4.466,4.474,4.492,4.503
1756125772.9933572,2.956,2.968,3.005,4.460,4.464,4.469,4.476,4.483,4.502,4.512
1756125773.1342719,2.956,2.968,3.005,4.460,4.464,4.470,4.476,4.484,4.502,4.513
1756125773.290579,2.956,2.968,3.005,4.460,4.464,4.470,4.476,4.484,4.502,4.513
1756125773.4337313,2.956,2.968,3.005,4.460,4.464,4.470,4.476,4.484,4.502,4.513
1756125773.5681627,2.962,2.974,3.011,4.466,4.471,4.476,4.483,4.490,4.508,4.519
1756125773.719083,2.414,2.415,2.416,2.418,2.420,2.423,2.426,2.431,2.441,2.446
1756125773.8743489,2.001,2.002,2.003,2.004,2.006,2.008,2.011,2.015,2.023,2.028
1756125774.0087488,2.210,2.211,2.212,2.214,2.216,2.218,2.222,2.225,2.234,2.240
1756125774.1508386,2.550,2.551,2.552,2.554,2.557,2.560,2.564,2.568,2.578,2.584
1756125774.3007128,3.051,3.064,3.104,4.555,4.559,4.565,4.571,4.579,4.598,4.609
1756125774.4429705,3.071,3.084,3.125,4.574,4.579,4.584,4.591,4.599,4.618,4.629
1756125774.5795186,3.081,3.094,3.136,4.585,4.589,4.595,4.601,4.609,4.628,4.639
1756125774.7254276,3.082,3.096,3.137,4.586,4.590,4.596,4.603,4.610,4.629,4.640
1756125774.8659825,3.082,3.096,3.137,4.586,4.590,4.596,4.603,4.610,4.629,4.640
1756125775.0069258,3.083,3.096,3.138,4.586,4.591,4.596,4.603,4.611,4.630,4.641
1756125775.1513677,2.999,2.999,3.001,3.003,3.006,3.010,3.014,3.019,3.031,3.039
1756125775.297913,2.108,2.109,2.110,2.111,2.113,2.116,2.119,2.123,2.131,2.136
1756125775.4430158,2.028,2.029,2.030,2.031,2.033,2.035,2.038,2.042,2.050,2.055
1756125775.5919282,2.317,2.318,2.319,2.321,2.323,2.326,2.329,2.333,2.343,2.348
1756125775.763506,2.845,2.846,2.847,2.849,2.852,2.856,2.860,2.865,2.876,2.883
1756125775.9136412,3.189,3.203,3.249,4.692,4.697,4.702,4.709,4.717,4.736,4.748
1756125776.051351,3.204,3.218,3.264,4.707,4.712,4.717,4.724,4.732,4.751,4.763
1756125776.1940582,3.209,3.224,3.270,4.713,4.717,4.723,4.730,4.738,4.757,4.768
1756125776.3524964,3.209,3.224,3.270,4.713,4.717,4.723,4.730,4.738,4.757,4.768
1756125776.5067954,3.209,3.224,3.270,4.713,4.717,4.723,4.730,4.738,4.757,4.768
1756125776.67021,3.216,3.231,3.277,4.413,4.417,4.422,4.429,4.436,4.454,4.465
1756125776.821892,2.368,2.368,2.369,2.371,2.373,2.376,2.380,2.384,2.394,2.399
1756125776.9663632,1.997,1.997,1.998,2.000,2.001,2.004,2.007,2.010,2.018,2.023
1756125777.1121075,2.236,2.236,2.237,2.239,2.241,2.244,2.247,2.251,2.260,2.265
1756125777.2580943,2.610,2.611,2.612,2.614,2.617,2.620,2.624,2.628,2.639,2.645
1756125777.3954518,3.305,3.321,3.371,4.809,4.813,4.819,4.826,4.834,4.854,4.866
1756125777.535878,3.323,3.338,3.389,4.826,4.831,4.836,4.843,4.852,4.871,4.883
1756125777.6729412,3.325,3.340,3.392,4.828,4.833,4.838,4.845,4.854,4.873,4.885
1756125777.819069,3.325,3.340,3.392,4.828,4.833,4.838,4.845,4.854,4.873,4.885
1756125777.9736996,3.325,3.340,3.392,4.828,4.833,4.838,4.845,4.854,4.873,4.885
1756125778.1339254,3.326,3.341,3.393,4.829,4.834,4.839,4.846,4.855,4.874,4.886
1756125778.2879584,2.908,2.909,2.911,2.913,2.916,2.919,2.923,2.928,2.940,2.947
1756125778.4351618,2.089,2.089,2.090,2.092,2.094,2.096,2.099,2.103,2.112,2.117
1756125778.5974991,2.038,2.038,2.039,2.041,2.043,2.045,2.048,2.052,2.060,2.065
1756125778.7458143,2.387,2.388,2.389,2.391,2.393,2.396,2.399,2.403,2.413,2.419
1756125778.8846605,3.170,3.171,3.172,3.175,3.178,3.182,3.186,3.192,3.205,3.212
1756125779.0556457,3.432,3.449,3.508,4.935,4.940,4.946,4.953,4.962,4.982,4.994
1756125779.2016716,3.440,3.457,3.516,4.943,4.948,4.954,4.961,4.969,4.990,5.002
1756125779.3570557,3.440,3.457,3.516,4.943,4.948,4.954,4.961,4.969,4.990,5.002
1756125779.5129921,3.440,3.457,3.516,4.943,4.948,4.954,4.961,4.969,4.990,5.002
1756125779.6693192,3.440,3.457,3.516,4.943,4.948,4.954,4.961,4.969,4.990,5.002
1756125779.804411,3.448,3.465,3.524,4.169,4.173,4.178,4.184,4.191,4.208,4.218
1756125779.9462094,2.327,2.327,2.329,2.330,2.333,2.335,2.339,2.343,2.352,2.358
1756125780.079701,1.994,1.994,1.995,1.997,1.999,2.001,2.004,2.008,2.016,2.021
1756125780.2232068,2.257,2.258,2.259,2.261,2.263,2.266,2.269,2.273,2.282,2.287
1756125780.361638,2.615,2.615,2.617,2.619,2.621,2.624,2.628,2.632,2.643,2.650
1756125780.5299144,3.537,3.555,3.620,5.040,5.045,5.051,5.058,5.067,5.088,5.100
1756125780.6659725,3.553,3.572,3.638,5.056,5.061,5.067,5.075,5.083,5.104,5.116
1756125780.8019333,3.555,3.574,3.640,5.058,5.063,5.069,5.077,5.085,5.106,5.118
1756125780.9435198,3.555,3.574,3.640,5.058,5.063,5.069,5.077,5.085,5.106,5.118
1756125781.105812,3.555,3.574,3.640,5.058,5.063,5.069,5.077,5.085,5.106,5.118
1756125781.2559695,3.557,3.575,3.642,5.060,5.065,5.071,5.079,5.087,5.108,5.120
1756125781.4160597,2.818,2.819,2.820,2.822,2.825,2.829,2.833,2.838,2.849,2.856
1756125781.5754688,2.073,2.073,2.074,2.076,2.078,2.081,2.084,2.087,2.096,2.101
1756125781.7269676,2.055,2.055,2.056,2.058,2.060,2.062,2.065,2.069,2.077,2.082
1756125781.8795984,2.339,2.339,2.341,2.342,2.345,2.347,2.351,2.355,2.364,2.370
1756125782.0251758,3.052,3.053,3.055,3.057,3.060,3.063,3.068,3.073,3.086,3.093
1756125782.1626303,3.656,3.675,3.750,5.159,5.164,5.170,5.178,5.187,5.208,5.220
1756125782.3247757,3.656,3.675,3.750,5.159,5.164,5.170,5.178,5.186,5.208,5.220
1756125782.4612029,3.656,3.675,3.750,5.159,5.164,5.170,5.178,5.186,5.207,5.220
1756125782.6177223,3.656,3.675,3.750,5.159,5.164,5.170,5.177,5.186,5.207,5.220
1756125782.7669787,3.656,3.675,3.750,5.159,5.164,5.170,5.177,5.186,5.207,5.220
1756125782.9099042,3.660,3.679,3.754,3.896,3.900,3.905,3.910,3.917,3.933,3.942
1756125783.0565717,2.331,2.331,2.333,2.334,2.337,2.339,2.343,2.347,2.356,2.362
1756125783.194061,1.992,1.993,1.994,1.995,1.997,2.000,2.003,2.006,2.014,2.019
1756125783.3397202,2.065,2.066,2.067,2.068,2.070,2.073,2.076,2.079,2.088,2.093
1756125783.4839253,2.105,2.106,2.107,2.108,2.110,2.113,2.116,2.120,2.128,2.133
1756125783.6467416,3.655,3.673,3.743,5.157,5.162,5.169,5.176,5.185,5.206,5.218
1756125783.794614,3.652,3.670,3.740,5.156,5.161,5.168,5.175,5.184,5.205,5.217
1756125784.4027505,3.635,3.652,3.721,5.139,5.144,5.150,5.158,5.166,5.187,5.200
1756125784.5399568,3.610,3.627,3.694,5.113,5.118,5.124,5.131,5.140,5.161,5.173
1756125784.6889322,3.586,3.602,3.668,5.088,5.093,5.099,5.106,5.115,5.135,5.148
1756125784.8357315,3.573,3.590,3.655,5.076,5.081,5.087,5.094,5.103,5.123,5.135
1756125784.983941,3.571,3.588,3.652,5.073,5.078,5.084,5.091,5.100,5.121,5.133
1756125785.1199098,3.571,3.588,3.652,5.073,5.078,5.084,5.091,5.100,5.121,5.133
1756125785.2523792,3.571,3.588,3.652,5.073,5.078,5.084,5.091,5.100,5.121,5.133
1756125785.3916235,3.563,3.579,3.643,5.065,5.070,5.076,5.084,5.092,5.113,5.125
1756125785.5321922,3.552,3.569,3.632,5.056,5.061,5.067,5.075,5.083,5.104,5.116
1756125785.6877387,3.535,3.552,3.614,5.040,5.045,5.051,5.058,5.067,5.087,5.099
1756125785.850862,3.515,3.531,3.591,5.019,5.023,5.029,5.037,5.045,5.066,5.078
1756125785.992896,3.496,3.512,3.571,5.000,5.005,5.011,5.018,5.026,5.047,5.059
1756125786.1365154,3.469,3.484,3.542,4.971,4.976,4.982,4.989,4.997,5.018,5.030
1756125786.302942,3.452,3.467,3.523,4.954,4.959,4.965,4.972,4.980,5.000,5.012
1756125786.4423423,3.445,3.460,3.516,4.947,4.952,4.958,4.965,4.973,4.994,5.005
1756125786.592888,3.445,3.460,3.516,4.947,4.952,4.958,4.965,4.973,4.993,5.005
1756125786.7350063,3.445,3.460,3.516,4.947,4.952,4.958,4.965,4.973,4.993,5.005
1756125786.885229,3.440,3.456,3.511,4.943,4.947,4.953,4.961,4.969,4.989,5.001
1756125787.0446804,3.431,3.446,3.502,4.935,4.940,4.946,4.953,4.961,4.981,4.993
1756125787.2072117,3.418,3.433,3.487,4.923,4.927,4.933,4.940,4.949,4.969,4.981
1756125787.3443916,3.397,3.412,3.465,4.902,4.906,4.912,4.919,4.928,4.948,4.959
1756125787.5048244,3.378,3.393,3.445,4.882,4.887,4.893,4.900,4.908,4.928,4.940
1756125787.6431963,3.356,3.370,3.420,4.859,4.864,4.870,4.877,4.885,4.905,4.916
1756125787.8093967,3.332,3.346,3.395,4.835,4.839,4.845,4.852,4.860,4.880,4.891
1756125787.944334,3.321,3.335,3.383,4.823,4.828,4.833,4.840,4.849,4.868,4.880
1756125788.0819519,3.318,3.332,3.381,4.821,4.825,4.831,4.838,4.846,4.866,4.878
1756125788.2382882,3.318,3.332,3.381,4.821,4.825,4.831,4.838,4.846,4.866,4.878
1756125788.4133127,3.318,3.332,3.381,4.821,4.825,4.831,4.838,4.846,4.866,4.877
1756125788.5629444,3.309,3.323,3.372,4.813,4.817,4.823,4.830,4.838,4.858,4.869
1756125788.7071583,3.298,3.312,3.360,4.803,4.808,4.813,4.820,4.828,4.848,4.860
1756125788.8552542,3.281,3.295,3.342,4.786,4.791,4.796,4.803,4.811,4.831,4.842
1756125788.9870996,3.261,3.274,3.321,4.765,4.770,4.775,4.782,4.790,4.810,4.821
1756125789.1230788,3.242,3.255,3.301,4.746,4.750,4.756,4.763,4.771,4.790,4.802
1756125789.2797124,3.215,3.228,3.273,4.718,4.722,4.728,4.735,4.743,4.762,4.773
1756125789.410984,3.198,3.211,3.255,4.700,4.705,4.711,4.717,4.725,4.745,4.756
1756125789.5528371,3.191,3.203,3.247,4.693,4.698,4.703,4.710,4.718,4.737,4.749
1756125789.69552,3.190,3.203,3.247,4.693,4.697,4.703,4.710,4.718,4.737,4.748
1756125789.8375375,3.190,3.203,3.247,4.693,4.697,4.703,4.710,4.718,4.737,4.748
1756125789.9859457,3.186,3.198,3.242,4.688,4.693,4.698,4.705,4.713,4.732,4.743
1756125790.1380725,3.176,3.189,3.232,4.680,4.685,4.690,4.697,4.705,4.724,4.735
1756125790.3082995,3.162,3.174,3.217,4.667,4.672,4.677,4.684,4.692,4.711,4.722
1756125790.4663959,3.142,3.154,3.196,4.646,4.650,4.656,4.663,4.671,4.690,4.701
1756125790.6279595,3.123,3.135,3.176,4.628,4.632,4.638,4.644,4.652,4.671,4.682
1756125790.7735033,3.100,3.111,3.152,4.603,4.607,4.613,4.620,4.627,4.646,4.657
1756125790.9180229,3.077,3.088,3.128,4.579,4.584,4.589,4.596,4.604,4.622,4.633
1756125791.0551658,3.066,3.077,3.116,4.568,4.573,4.578,4.585,4.593,4.611,4.622
1756125791.2007282,3.064,3.075,3.114,4.567,4.571,4.576,4.583,4.591,4.609,4.620
1756125791.3513002,3.064,3.075,3.114,4.567,4.571,4.576,4.583,4.591,4.609,4.620
1756125791.4927714,3.063,3.074,3.114,4.566,4.570,4.576,4.582,4.590,4.609,4.620
1756125791.643883,3.054,3.066,3.104,4.558,4.562,4.568,4.574,4.582,4.601,4.611
1756125791.785302,3.043,3.054,3.092,4.548,4.552,4.558,4.564,4.572,4.590,4.601
1756125791.9214988,3.025,3.036,3.074,4.530,4.535,4.540,4.547,4.554,4.573,4.584
1756125792.0599058,3.005,3.015,3.052,4.509,4.514,4.519,4.526,4.533,4.552,4.562
1756125792.2010694,2.986,2.996,3.032,4.490,4.494,4.500,4.506,4.514,4.532,4.543
1756125792.3441112,2.959,2.969,3.004,4.462,4.466,4.472,4.478,4.485,4.504,4.514
1756125792.4720988,2.943,2.953,2.988,4.446,4.450,4.456,4.462,4.470,4.488,4.498
1756125792.6334307,2.937,2.948,2.982,4.440,4.445,4.450,4.456,4.464,4.482,4.493
1756125792.7998128,2.937,2.947,2.982,4.440,4.444,4.450,4.456,4.464,4.482,4.493
1756125792.9445508,2.937,2.947,2.982,4.440,4.444,4.450,4.456,4.464,4.482,4.493
1756125793.0769594,2.932,2.942,2.976,4.435,4.439,4.445,4.451,4.459,4.477,4.487
1756125793.2329795,2.922,2.932,2.966,4.427,4.431,4.436,4.443,4.450,4.468,4.479
1756125793.3707838,2.908,2.917,2.951,4.413,4.417,4.423,4.429,4.436,4.454,4.465
1756125793.534596,2.887,2.897,2.929,4.392,4.396,4.401,4.408,4.415,4.433,4.443
1756125793.665914,2.868,2.878,2.910,4.373,4.377,4.382,4.389,4.396,4.414,4.424
1756125793.7940688,2.845,2.854,2.886,4.349,4.353,4.358,4.364,4.372,4.389,4.400
1756125793.9446664,2.823,2.832,2.863,4.326,4.330,4.335,4.341,4.349,4.366,4.377
1756125794.08923,2.812,2.821,2.852,4.315,4.320,4.325,4.331,4.338,4.356,4.366
1756125794.231005,2.811,2.820,2.851,4.314,4.318,4.323,4.329,4.337,4.354,4.365
1756125794.3757524,2.811,2.820,2.851,4.314,4.318,4.323,4.329,4.337,4.354,4.365
1756125794.5273035,2.810,2.818,2.849,4.313,4.317,4.322,4.328,4.335,4.353,4.363
1756125794.7016518,2.801,2.809,2.840,4.304,4.309,4.314,4.320,4.327,4.345,4.355
1756125794.8283305,2.789,2.797,2.828,4.294,4.298,4.303,4.309,4.317,4.334,4.344
1756125794.9708352,2.771,2.779,2.809,4.276,4.280,4.285,4.291,4.299,4.316,4.326
1756125795.114035,2.750,2.759,2.788,2.894,4.259,4.264,4.271,4.278,4.295,4.305
1756125795.2684715,2.731,2.739,2.768,2.852,4.240,4.245,4.251,4.258,4.275,4.285
1756125795.4108098,2.705,2.713,2.741,2.821,4.212,4.217,4.223,4.230,4.248,4.258
1756125795.5602245,2.690,2.698,2.726,2.802,4.197,4.202,4.208,4.215,4.232,4.242
1756125795.6934528,2.685,2.693,2.720,2.796,4.192,4.197,4.203,4.210,4.227,4.237
1756125795.8380096,2.685,2.693,2.720,2.796,4.192,4.197,4.203,4.210,4.227,4.237
1756125795.9637976,2.685,2.693,2.720,2.796,4.192,4.197,4.203,4.210,4.227,4.237
1756125796.1002603,2.679,2.687,2.714,2.789,4.186,4.191,4.197,4.204,4.221,4.231
1756125796.2496996,2.669,2.677,2.704,2.776,4.177,4.182,4.188,4.195,4.212,4.222
1756125796.3874884,2.654,2.661,2.688,2.758,4.163,4.168,4.174,4.181,4.198,4.208
1756125796.5222569,2.633,2.641,2.667,2.733,4.142,4.147,4.153,4.160,4.177,4.187
1756125796.6597786,2.614,2.622,2.648,2.710,4.123,4.128,4.134,4.141,4.158,4.168
1756125796.81234,2.591,2.599,2.624,2.683,4.098,4.103,4.109,4.116,4.133,4.143
1756125796.9638987,2.569,2.577,2.601,2.659,4.076,4.081,4.087,4.094,4.111,4.120
1756125797.1041298,2.558,2.566,2.590,2.647,4.065,4.070,4.076,4.083,4.099,4.109
1756125797.253432,2.556,2.563,2.588,2.644,4.063,4.068,4.074,4.081,4.097,4.107
1756125797.4045858,2.556,2.563,2.588,2.644,4.063,4.068,4.074,4.081,4.097,4.107
1756125797.5415828,2.554,2.562,2.586,2.642,4.061,4.066,4.072,4.079,4.095,4.105
1756125797.6829247,2.545,2.553,2.577,2.632,4.053,4.058,4.064,4.071,4.087,4.097
1756125797.8226798,2.533,2.540,2.564,2.618,4.042,4.047,4.053,4.059,4.076,4.086
1756125797.969182,2.514,2.521,2.545,2.598,4.023,4.028,4.034,4.041,4.057,4.067
1756125798.1021543,2.495,2.502,2.524,2.576,4.003,4.008,4.014,4.021,4.037,4.047
1756125798.2386975,2.475,2.482,2.504,2.554,3.983,3.988,3.993,4.000,4.016,4.026
1756125798.3846476,2.449,2.456,2.477,2.525,3.956,3.961,3.966,3.973,3.989,3.999
1756125798.5370984,2.434,2.441,2.462,2.508,3.941,3.946,3.951,3.958,3.974,3.984
1756125798.6764488,2.429,2.436,2.456,2.503,3.936,3.940,3.946,3.953,3.969,3.978
1756125798.8238459,2.429,2.436,2.456,2.503,3.936,3.940,3.946,3.953,3.969,3.978
1756125798.984586,2.429,2.436,2.456,2.503,3.936,3.940,3.946,3.953,3.969,3.978
1756125799.1446757,2.423,2.429,2.450,2.496,3.930,3.934,3.940,3.947,3.963,3.972
1756125799.2824798,2.412,2.418,2.439,2.484,3.920,3.925,3.931,3.937,3.953,3.963
1756125799.4158964,2.396,2.403,2.423,2.466,3.906,3.910,3.916,3.923,3.938,3.948
1756125799.5631115,2.376,2.382,2.402,2.443,3.884,3.889,3.895,3.901,3.917,3.926
1756125799.7187786,2.357,2.363,2.382,2.423,3.866,3.870,3.876,3.882,3.898,3.907
1756125799.856784,2.334,2.340,2.358,2.398,3.841,3.845,3.851,3.857,3.873,3.882
1756125799.9949129,2.313,2.319,2.337,2.376,3.820,3.824,3.830,3.836,3.852,3.861
1756125800.1424992,2.303,2.309,2.327,2.366,3.810,3.814,3.820,3.826,3.842,3.851
1756125800.287133,2.302,2.308,2.326,2.364,3.809,3.813,3.819,3.825,3.841,3.850
1756125800.4358797,2.302,2.308,2.326,2.364,3.809,3.813,3.819,3.825,3.841,3.850
1756125800.5704525,2.300,2.306,2.324,2.362,3.806,3.811,3.816,3.823,3.838,3.848
1756125800.7198265,2.290,2.296,2.314,2.352,3.798,3.803,3.808,3.814,3.830,3.839
1756125800.8652391,2.277,2.283,2.301,2.338,3.786,3.791,3.796,3.803,3.818,3.827
1756125801.0052774,2.259,2.264,2.281,2.318,3.767,3.772,3.777,3.784,3.799,3.808
1756125801.152197,2.239,2.244,2.261,2.297,3.747,3.752,3.757,3.763,3.779,3.788
1756125801.2953093,2.219,2.224,2.241,2.275,3.727,3.731,3.737,3.743,3.758,3.767
1756125801.4325624,2.194,2.199,2.215,2.248,3.700,3.705,3.710,3.716,3.732,3.740
1756125801.5702114,2.179,2.184,2.200,2.233,3.686,3.690,3.695,3.702,3.717,3.725
1756125801.7155979,2.174,2.179,2.195,2.227,3.680,3.685,3.690,3.696,3.711,3.720
1756125801.8603914,2.174,2.179,2.195,2.227,3.680,3.685,3.690,3.696,3.711,3.720
1756125802.0214076,2.174,2.179,2.195,2.227,3.680,3.685,3.690,3.696,3.711,3.720
1756125802.1635315,2.167,2.172,2.188,2.219,3.674,3.678,3.683,3.690,3.705,3.713
1756125802.301284,2.156,2.161,2.176,2.208,3.664,3.668,3.674,3.680,3.695,3.704
1756125802.4454672,2.140,2.145,2.160,2.191,3.649,3.653,3.658,3.665,3.679,3.688
1756125802.5830603,2.119,2.124,2.139,2.169,3.627,3.632,3.637,3.643,3.658,3.667
1756125802.7229922,2.101,2.105,2.120,2.149,2.233,3.613,3.618,3.625,3.639,3.648
1756125802.8736355,2.077,2.081,2.096,2.123,2.194,3.588,3.593,3.599,3.614,3.622
1756125803.0224717,2.057,2.061,2.076,2.102,2.169,3.568,3.573,3.579,3.593,3.602
1756125803.1687822,2.049,2.053,2.067,2.093,2.157,3.559,3.564,3.570,3.585,3.593
1756125803.3085186,2.048,2.052,2.066,2.092,2.156,3.558,3.563,3.569,3.584,3.592
1756125803.465138,2.048,2.052,2.066,2.092,2.156,3.558,3.563,3.569,3.584,3.592
1756125803.6085477,2.045,2.049,2.063,2.089,2.153,3.555,3.561,3.567,3.581,3.590
1756125803.7467422,2.035,2.039,2.053,2.079,2.140,3.547,3.552,3.558,3.572,3.581
1756125803.8725944,2.022,2.026,2.040,2.065,2.123,3.535,3.540,3.546,3.560,3.568
1756125804.010138,2.003,2.007,2.020,2.045,2.098,3.515,3.520,3.526,3.541,3.549
1756125804.1510255,1.983,1.987,2.000,2.025,2.076,3.495,3.500,3.506,3.521,3.529
1756125804.29605,1.963,1.967,1.980,2.003,2.052,3.475,3.480,3.485,3.500,3.508
1756125804.443216,1.939,1.942,1.955,1.978,2.024,3.449,3.454,3.460,3.474,3.482
1756125804.5799012,1.925,1.929,1.941,1.964,2.009,3.435,3.440,3.446,3.460,3.468
1756125804.7217364,1.922,1.925,1.937,1.960,2.004,3.432,3.437,3.442,3.456,3.465
1756125804.8780863,1.922,1.925,1.937,1.960,2.004,3.432,3.437,3.442,3.456,3.465
1756125805.0168924,1.922,1.925,1.937,1.960,2.004,3.432,3.437,3.442,3.456,3.465
1756125805.1735182,1.914,1.917,1.930,1.952,1.996,3.425,3.429,3.435,3.449,3.457
1756125805.352108,1.903,1.906,1.918,1.940,1.982,3.414,3.419,3.425,3.439,3.447
1756125805.4994888,1.886,1.889,1.901,1.923,1.963,3.399,3.403,3.409,3.423,3.431
1756125805.6663706,1.866,1.869,1.880,1.902,1.940,3.378,3.383,3.388,3.402,3.410
1756125805.810594,1.848,1.851,1.862,1.883,1.919,3.360,3.365,3.370,3.384,3.392
1756125805.9633803,1.823,1.826,1.837,1.857,1.891,3.333,3.338,3.344,3.357,3.365
1756125806.10787,1.804,1.806,1.817,1.836,1.870,3.314,3.318,3.324,3.337,3.345
1756125806.2449899,1.794,1.796,1.807,1.826,1.859,3.303,3.308,3.314,3.327,3.335
1756125806.3878243,1.792,1.795,1.805,1.824,1.857,3.302,3.307,3.312,3.326,3.334
1756125806.5165036,1.792,1.795,1.805,1.824,1.857,3.302,3.307,3.312,3.326,3.334
1756125806.6499724,1.789,1.791,1.802,1.821,1.854,3.299,3.303,3.309,3.322,3.330
1756125806.7986314,1.779,1.781,1.792,1.810,1.843,3.290,3.295,3.300,3.313,3.321
1756125806.939831,1.765,1.767,1.777,1.796,1.828,3.277,3.282,3.287,3.301,3.308
1756125807.094986,1.746,1.748,1.758,1.775,1.806,3.257,3.262,3.267,3.281,3.289
1756125807.239631,1.727,1.729,1.738,1.756,1.786,3.238,3.243,3.248,3.261,3.269
1756125807.3904085,1.706,1.708,1.717,1.734,1.763,3.216,3.221,3.227,3.240,3.247
1756125807.5418882,1.682,1.684,1.692,1.709,1.737,1.802,3.196,3.201,3.214,3.222
1756125807.6876352,1.668,1.670,1.678,1.694,1.721,1.783,3.182,3.187,3.200,3.208
1756125807.8292599,1.663,1.665,1.674,1.689,1.716,1.777,3.177,3.183,3.196,3.203
1756125807.991875,1.663,1.665,1.674,1.689,1.716,1.777,3.177,3.183,3.196,3.203
1756125808.1283195,1.663,1.665,1.674,1.689,1.716,1.777,3.177,3.183,3.196,3.203
1756125808.2743309,1.655,1.657,1.665,1.681,1.707,1.765,3.170,3.175,3.188,3.195
1756125808.419542,1.643,1.645,1.653,1.668,1.694,1.748,3.159,3.164,3.177,3.185
1756125808.5660303,1.626,1.628,1.636,1.651,1.676,1.725,3.143,3.148,3.161,3.168
1756125808.7130458,1.606,1.607,1.616,1.630,1.654,1.700,3.122,3.127,3.140,3.147
1756125808.8446493,1.588,1.589,1.597,1.611,1.634,1.678,3.103,3.108,3.121,3.128
1756125808.9850185,1.564,1.565,1.573,1.586,1.608,1.649,3.077,3.082,3.095,3.102
1756125809.128251,1.545,1.546,1.554,1.567,1.588,1.626,3.058,3.063,3.076,3.083
1756125809.2564662,1.535,1.536,1.544,1.557,1.578,1.615,3.049,3.054,3.066,3.073
1756125809.3977418,1.534,1.535,1.543,1.556,1.576,1.614,3.047,3.053,3.065,3.072
1756125809.562182,1.534,1.535,1.543,1.556,1.576,1.614,3.047,3.053,3.065,3.072
1756125809.6991608,1.530,1.531,1.539,1.552,1.573,1.609,3.044,3.049,3.061,3.069
1756125809.849284,1.520,1.521,1.529,1.541,1.561,1.597,3.035,3.040,3.052,3.059
1756125810.0145564,1.506,1.507,1.514,1.526,1.546,1.580,3.021,3.026,3.039,3.046
1756125810.1541982,1.486,1.487,1.494,1.506,1.525,1.556,3.001,3.006,3.018,3.026
1756125810.3223805,1.467,1.468,1.475,1.487,1.505,1.535,2.982,2.987,2.999,3.006
1756125810.485561,1.446,1.447,1.454,1.466,1.483,1.512,2.960,2.965,2.977,2.984
1756125810.6411426,1.423,1.424,1.430,1.441,1.458,1.486,2.936,2.941,2.953,2.960
1756125810.7977316,1.409,1.410,1.417,1.427,1.444,1.470,1.533,2.927,2.939,2.946
1756125810.9477103,1.405,1.406,1.412,1.423,1.439,1.465,1.526,2.923,2.934,2.941
1756125811.0949163,1.405,1.406,1.412,1.423,1.439,1.465,1.526,2.923,2.934,2.941
1756125811.2492223,1.405,1.406,1.412,1.423,1.439,1.465,1.526,2.923,2.934,2.941
1756125811.4008443,1.396,1.397,1.403,1.414,1.430,1.455,1.513,2.914,2.926,2.933
1756125811.5681343,1.384,1.384,1.391,1.401,1.416,1.442,1.494,2.903,2.915,2.922
1756125811.729197,1.366,1.367,1.373,1.383,1.398,1.422,1.469,2.886,2.898,2.905
1756125811.8799326,1.346,1.347,1.353,1.362,1.377,1.400,1.442,2.865,2.877,2.884
1756125812.0258543,1.328,1.328,1.334,1.343,1.357,1.379,1.418,2.847,2.858,2.865
1756125812.1716506,1.304,1.304,1.310,1.318,1.332,1.352,1.389,2.821,2.832,2.839
1756125812.332481,1.286,1.287,1.292,1.300,1.313,1.332,1.367,2.803,2.814,2.821
1756125812.4866972,1.279,1.279,1.285,1.293,1.305,1.325,1.358,2.796,2.807,2.814
1756125812.6465504,1.279,1.279,1.284,1.293,1.305,1.325,1.358,2.796,2.807,2.814
1756125812.8056533,1.279,1.279,1.284,1.293,1.305,1.325,1.358,2.796,2.807,2.814
1756125812.956866,1.274,1.275,1.280,1.288,1.301,1.320,1.352,2.791,2.803,2.809
1756125813.1123114,1.264,1.264,1.269,1.277,1.289,1.308,1.339,2.782,2.793,2.800
1756125813.2537434,1.249,1.249,1.254,1.262,1.274,1.292,1.321,2.768,2.779,2.786
1756125813.407526,1.229,1.230,1.234,1.241,1.253,1.271,1.298,2.748,2.759,2.765
1756125813.5658963,1.210,1.211,1.215,1.222,1.234,1.251,1.277,2.729,2.740,2.746
1756125813.7172155,1.189,1.190,1.194,1.201,1.212,1.228,1.252,1.304,2.718,2.724
1756125813.8659372,1.167,1.167,1.171,1.177,1.188,1.204,1.226,1.267,2.694,2.700
1756125814.0150983,1.155,1.155,1.159,1.165,1.176,1.191,1.213,1.251,2.682,2.688
1756125814.1623104,1.152,1.153,1.157,1.163,1.174,1.188,1.210,1.248,2.679,2.686
1756125814.3073494,1.152,1.153,1.157,1.163,1.174,1.188,1.210,1.248,2.679,2.686
1756125814.4576602,1.152,1.153,1.157,1.163,1.174,1.188,1.210,1.248,2.679,2.686
1756125814.5998445,1.143,1.143,1.147,1.153,1.164,1.178,1.199,1.236,2.670,2.677
1756125814.7411795,1.130,1.130,1.134,1.140,1.150,1.164,1.184,1.219,2.659,2.665
1756125814.8970425,1.112,1.113,1.116,1.122,1.132,1.145,1.164,1.197,2.641,2.648
1756125815.04951,1.093,1.093,1.096,1.102,1.111,1.124,1.141,1.171,2.621,2.627
1756125815.1958396,1.074,1.074,1.077,1.083,1.092,1.104,1.121,1.147,2.602,2.608
1756125815.3352695,1.050,1.050,1.053,1.059,1.067,1.078,1.094,1.119,2.576,2.582
1756125815.4812722,1.033,1.033,1.036,1.041,1.049,1.060,1.076,1.099,2.559,2.565
1756125815.6344256,1.026,1.026,1.029,1.035,1.042,1.053,1.069,1.091,2.552,2.558
1756125815.8000536,1.026,1.026,1.029,1.035,1.042,1.053,1.068,1.091,2.552,2.558
1756125815.9549432,1.026,1.026,1.029,1.035,1.042,1.053,1.068,1.091,2.552,2.558
1756125816.1088595,1.021,1.021,1.024,1.030,1.037,1.048,1.063,1.085,2.547,2.553
1756125816.2496822,1.010,1.010,1.013,1.018,1.026,1.036,1.051,1.072,2.537,2.543
1756125816.3881748,0.995,0.995,0.997,1.003,1.010,1.020,1.034,1.054,2.523,2.529
1756125816.5397108,0.975,0.975,0.977,0.983,0.989,0.999,1.013,1.031,2.502,2.508
1756125817.1558292,0.957,0.957,0.959,0.964,0.970,0.980,0.993,1.010,2.484,2.490
1756125817.2912943,0.935,0.935,0.937,0.942,0.948,0.957,0.969,0.984,2.461,2.467
1756125817.444704,0.913,0.913,0.915,0.919,0.925,0.934,0.944,0.959,1.027,2.444
1756125817.586506,0.902,0.902,0.904,0.908,0.913,0.922,0.932,0.947,1.006,2.432
1756125817.7535267,0.900,0.900,0.902,0.906,0.911,0.920,0.930,0.945,1.002,2.430
1756125817.9056027,0.900,0.900,0.902,0.906,0.911,0.920,0.930,0.945,1.002,2.430
1756125818.0557275,0.899,0.899,0.901,0.906,0.911,0.920,0.930,0.944,1.001,2.430
1756125818.1986208,0.890,0.890,0.891,0.896,0.901,0.909,0.919,0.934,0.987,2.421
1756125818.362474,0.876,0.876,0.878,0.882,0.887,0.895,0.904,0.919,0.969,2.408
1756125818.5091171,0.859,0.858,0.860,0.864,0.869,0.877,0.886,0.899,0.944,2.391
1756125818.6507094,0.839,0.839,0.840,0.844,0.849,0.856,0.865,0.877,0.917,2.370
1756125818.79304,0.820,0.820,0.822,0.825,0.830,0.836,0.845,0.856,0.892,0.941
1756125818.9233084,0.796,0.796,0.797,0.800,0.805,0.811,0.819,0.829,0.863,0.895
1756125819.08667,0.780,0.779,0.781,0.784,0.788,0.794,0.802,0.811,0.842,0.871
1756125819.2240343,0.773,0.773,0.774,0.777,0.782,0.787,0.795,0.804,0.834,0.861
1756125819.360596,0.773,0.773,0.774,0.777,0.781,0.786,0.795,0.804,0.834,0.861
1756125819.498063,0.773,0.773,0.774,0.777,0.781,0.786,0.795,0.804,0.834,0.861
1756125819.632338,0.768,0.767,0.769,0.771,0.776,0.781,0.789,0.798,0.827,0.853
1756125819.7708209,0.756,0.756,0.757,0.760,0.764,0.769,0.777,0.785,0.813,0.836
1756125819.9159348,0.740,0.740,0.741,0.744,0.748,0.752,0.760,0.768,0.794,0.815
1756125820.0741754,0.721,0.720,0.722,0.724,0.728,0.732,0.739,0.747,0.770,0.790
1756125820.2224848,0.702,0.702,0.703,0.705,0.709,0.713,0.719,0.727,0.749,0.766
1756125820.377403,0.681,0.680,0.682,0.683,0.687,0.691,0.697,0.704,0.724,0.739
1756125820.5307636,0.659,0.658,0.660,0.661,0.665,0.669,0.674,0.681,0.699,0.712
1756125820.6794567,0.647,0.646,0.647,0.649,0.652,0.656,0.661,0.668,0.685,0.697
1756125820.842453,0.643,0.643,0.644,0.646,0.649,0.653,0.657,0.664,0.681,0.693
1756125821.0115526,0.643,0.643,0.644,0.646,0.649,0.653,0.657,0.664,0.681,0.693
1756125821.1672244,0.642,0.642,0.643,0.645,0.648,0.652,0.656,0.663,0.680,0.692
1756125821.3130906,0.632,0.632,0.633,0.634,0.637,0.641,0.645,0.652,0.669,0.680
1756125821.479926,0.618,0.618,0.619,0.620,0.623,0.627,0.631,0.637,0.653,0.664
1756125821.6207407,0.600,0.600,0.601,0.602,0.605,0.608,0.612,0.618,0.632,0.643
1756125821.7749527,0.581,0.580,0.582,0.583,0.585,0.589,0.592,0.597,0.610,0.620
1756125821.90901,0.562,0.561,0.563,0.564,0.566,0.569,0.573,0.577,0.590,0.598
1756125822.0668156,0.538,0.537,0.538,0.540,0.541,0.544,0.548,0.551,0.563,0.570
1756125822.211376,0.523,0.522,0.523,0.524,0.525,0.528,0.532,0.535,0.546,0.553
1756125822.3468025,0.517,0.516,0.517,0.519,0.520,0.523,0.526,0.530,0.540,0.547
1756125822.5017705,0.517,0.516,0.517,0.519,0.520,0.523,0.526,0.530,0.540,0.547
1756125822.6389427,0.517,0.516,0.517,0.519,0.520,0.523,0.526,0.530,0.540,0.547
1756125822.7832057,0.511,0.510,0.511,0.513,0.514,0.517,0.520,0.523,0.534,0.540
1756125822.918683,0.499,0.498,0.499,0.500,0.502,0.504,0.507,0.511,0.521,0.527
1756125823.0701764,0.483,0.482,0.483,0.484,0.485,0.488,0.491,0.494,0.503,0.509
1756125823.233977,0.463,0.462,0.463,0.464,0.466,0.467,0.470,0.473,0.481,0.487
1756125823.3756714,0.445,0.444,0.445,0.446,0.447,0.449,0.451,0.454,0.461,0.467
1756125823.5031717,0.424,0.423,0.424,0.424,0.426,0.427,0.429,0.432,0.438,0.443
1756125823.6579413,0.402,0.401,0.402,0.403,0.404,0.405,0.407,0.410,0.416,0.419
1756125823.8041644,0.392,0.391,0.392,0.393,0.394,0.395,0.397,0.399,0.405,0.408
1756125823.9496934,0.391,0.390,0.391,0.392,0.393,0.394,0.395,0.398,0.404,0.407
1756125824.1115816,0.391,0.390,0.391,0.392,0.393,0.394,0.395,0.398,0.404,0.407
1756125824.2611237,0.389,0.388,0.389,0.390,0.391,0.392,0.394,0.396,0.402,0.405
1756125824.4084651,0.379,0.378,0.379,0.380,0.381,0.382,0.383,0.386,0.391,0.394
1756125824.5656905,0.365,0.364,0.364,0.365,0.366,0.367,0.368,0.371,0.376,0.379
1756125824.7244754,0.346,0.345,0.346,0.347,0.348,0.349,0.350,0.351,0.356,0.359
1756125824.8745403,0.327,0.326,0.327,0.327,0.328,0.329,0.330,0.331,0.336,0.338
1756125825.0332594,0.308,0.307,0.308,0.308,0.309,0.310,0.311,0.312,0.316,0.318
1756125825.1711159,0.284,0.283,0.284,0.284,0.285,0.286,0.287,0.287,0.291,0.293
1756125825.321639,0.270,0.269,0.269,0.270,0.270,0.271,0.272,0.273,0.275,0.277
1756125825.47629,0.265,0.264,0.264,0.265,0.265,0.266,0.267,0.268,0.270,0.272
1756125825.61233,0.265,0.264,0.264,0.265,0.265,0.266,0.267,0.268,0.270,0.272
1756125825.7780142,0.265,0.264,0.264,0.265,0.265,0.266,0.267,0.268,0.270,0.272
1756125825.9875567,0.258,0.257,0.257,0.258,0.259,0.259,0.260,0.261,0.263,0.265
1756125826.1493468,0.253,0.252,0.252,0.253,0.253,0.254,0.255,0.256,0.258,0.259
1756125826.3094265,0.255,0.254,0.254,0.254,0.255,0.256,0.256,0.257,0.259,0.261
1756125826.4830372,0.254,0.254,0.254,0.254,0.255,0.256,0.256,0.257,0.259,0.261
1756125826.6310613,0.254,0.253,0.253,0.254,0.255,0.255,0.256,0.257,0.259,0.261
1756125826.8072186,0.247,0.246,0.246,0.247,0.247,0.248,0.249,0.250,0.251,0.253
1756125826.9809256,0.236,0.236,0.236,0.236,0.237,0.238,0.238,0.239,0.241,0.242
1756125827.1165833,0.237,0.236,0.236,0.236,0.237,0.238,0.238,0.239,0.241,0.242
1756125827.2606184,0.237,0.236,0.236,0.236,0.237,0.238,0.238,0.239,0.241,0.242
1756125827.4314475,0.237,0.236,0.236,0.237,0.237,0.238,0.239,0.239,0.241,0.242
1756125827.5839832,0.238,0.238,0.238,0.238,0.239,0.239,0.240,0.241,0.243,0.244
1756125827.7590797,0.240,0.239,0.239,0.240,0.240,0.241,0.242,0.243,0.244,0.246
1756125827.9060233,0.246,0.245,0.245,0.245,0.246,0.247,0.248,0.248,0.250,0.252
1756125828.0784817,0.247,0.246,0.246,0.246,0.247,0.248,0.248,0.249,0.251,0.253
1756125828.228981,0.247,0.246,0.246,0.247,0.248,0.248,0.249,0.250,0.252,0.253
1756125828.4081461,0.245,0.244,0.244,0.245,0.246,0.246,0.247,0.248,0.250,0.251
1756125828.5817332,0.229,0.229,0.229,0.229,0.230,0.230,0.231,0.232,0.234,0.235
1756125828.7570436,0.230,0.230,0.230,0.230,0.231,0.231,0.232,0.233,0.235,0.236
1756125828.949821,0.231,0.230,0.230,0.230,0.231,0.232,0.232,0.233,0.235,0.236
1756125829.132325,0.231,0.230,0.230,0.230,0.231,0.232,0.232,0.233,0.235,0.236
1756125829.2991652,0.231,0.230,0.230,0.231,0.231,0.232,0.232,0.233,0.235,0.236
1756125829.4669943,0.237,0.236,0.236,0.237,0.237,0.238,0.239,0.239,0.241,0.242
1756125829.6370692,0.234,0.234,0.234,0.234,0.235,0.235,0.236,0.237,0.239,0.240
1756125829.7779372,0.234,0.233,0.233,0.234,0.234,0.235,0.236,0.237,0.238,0.240
1756125829.9684024,0.233,0.232,0.232,0.233,0.233,0.234,0.235,0.236,0.237,0.238
1756125830.1236837,0.231,0.231,0.231,0.231,0.232,0.232,0.233,0.234,0.236,0.237
1756125830.2865632,0.228,0.227,0.227,0.228,0.228,0.229,0.230,0.230,0.232,0.233
1756125830.4496038,0.227,0.227,0.226,0.227,0.228,0.228,0.229,0.230,0.231,0.232
1756125830.6288886,0.227,0.227,0.227,0.227,0.228,0.228,0.229,0.230,0.231,0.232
1756125830.7662776,0.227,0.227,0.227,0.227,0.228,0.228,0.229,0.230,0.231,0.232
1756125830.9819384,0.227,0.227,0.227,0.227,0.228,0.228,0.229,0.230,0.232,0.233
1756125831.1456103,0.229,0.229,0.229,0.229,0.230,0.230,0.231,0.232,0.234,0.235
1756125831.2966125,0.232,0.232,0.232,0.232,0.233,0.233,0.234,0.235,0.237,0.238
1756125831.46272,0.231,0.230,0.230,0.231,0.231,0.232,0.233,0.234,0.235,0.236
1756125831.6299348,0.230,0.229,0.229,0.230,0.230,0.231,0.232,0.232,0.234,0.235
1756125831.8016639,0.230,0.229,0.229,0.229,0.230,0.231,0.231,0.232,0.234,0.235
1756125831.9634843,0.227,0.226,0.226,0.227,0.227,0.228,0.229,0.229,0.231,0.232
1756125832.142275,0.225,0.224,0.224,0.225,0.225,0.226,0.226,0.227,0.229,0.230
1756125832.292846,0.225,0.224,0.224,0.225,0.225,0.226,0.227,0.227,0.229,0.230
1756125832.4508991,0.225,0.224,0.224,0.225,0.225,0.226,0.227,0.227,0.229,0.230
1756125832.6164644,0.225,0.224,0.224,0.225,0.225,0.226,0.227,0.228,0.229,0.230
1756125832.7840333,0.225,0.225,0.224,0.225,0.226,0.226,0.227,0.228,0.229,0.230
1756125832.953773,0.232,0.231,0.231,0.232,0.232,0.233,0.234,0.234,0.236,0.237
1756125833.1189806,0.229,0.228,0.228,0.229,0.229,0.230,0.231,0.231,0.233,0.234
1756125833.3052256,0.229,0.228,0.228,0.228,0.229,0.230,0.230,0.231,0.233,0.234
1756125833.472368,0.228,0.227,0.227,0.228,0.228,0.229,0.230,0.231,0.232,0.233
1756125833.6597095,0.227,0.226,0.226,0.226,0.227,0.228,0.228,0.229,0.231,0.232
1756125833.8429208,0.224,0.223,0.223,0.224,0.224,0.225,0.226,0.226,0.228,0.229
1756125834.0377698,0.223,0.223,0.223,0.223,0.224,0.224,0.225,0.226,0.227,0.228
1756125834.420283,0.223,0.223,0.223,0.223,0.224,0.224,0.225,0.226,0.227,0.228
1756125834.6325717,0.224,0.223,0.223,0.223,0.224,0.225,0.225,0.226,0.228,0.228
1756125834.7958705,0.224,0.223,0.223,0.223,0.224,0.225,0.225,0.226,0.228,0.229
1756125834.9737623,0.226,0.225,0.225,0.226,0.226,0.227,0.228,0.228,0.230,0.231
1756125835.1568086,0.230,0.230,0.230,0.230,0.231,0.231,0.232,0.233,0.234,0.236
1756125835.3368812,0.227,0.227,0.227,0.227,0.228,0.228,0.229,0.230,0.231,0.232
1756125835.4886181,0.226,0.226,0.226,0.226,0.227,0.227,0.228,0.229,0.231,0.231
1756125835.659054,0.226,0.225,0.225,0.226,0.226,0.227,0.228,0.229,0.230,0.231
1756125835.8320491,0.224,0.223,0.223,0.223,0.224,0.225,0.225,0.226,0.228,0.229
1756125835.9912207,0.222,0.221,0.221,0.222,0.222,0.223,0.224,0.224,0.226,0.227
1756125836.1480224,0.222,0.221,0.221,0.222,0.222,0.223,0.224,0.224,0.226,0.227
1756125836.3396707,0.222,0.222,0.221,0.222,0.223,0.223,0.224,0.225,0.226,0.227
1756125836.5251405,0.222,0.222,0.222,0.222,0.223,0.223,0.224,0.225,0.226,0.227
1756125836.7064683,0.222,0.222,0.222,0.222,0.223,0.223,0.224,0.225,0.226,0.227
1756125836.8646538,0.229,0.229,0.229,0.229,0.230,0.230,0.231,0.232,0.234,0.235
1756125837.0531325,0.226,0.225,0.225,0.226,0.226,0.227,0.228,0.228,0.230,0.231
1756125837.251117,0.226,0.225,0.225,0.226,0.226,0.227,0.227,0.228,0.230,0.231
1756125837.4416938,0.225,0.225,0.225,0.225,0.226,0.226,0.227,0.228,0.229,0.230
1756125837.5889256,0.224,0.223,0.223,0.224,0.224,0.225,0.225,0.226,0.228,0.229
1756125837.7535393,0.221,0.221,0.221,0.221,0.222,0.222,0.223,0.224,0.225,0.226
1756125837.9090579,0.221,0.220,0.220,0.221,0.221,0.222,0.223,0.223,0.225,0.226
1756125838.0612583,0.221,0.221,0.220,0.221,0.221,0.222,0.223,0.223,0.225,0.226
1756125838.2470207,0.221,0.221,0.221,0.221,0.222,0.222,0.223,0.224,0.225,0.226
1756125838.4237385,0.221,0.221,0.221,0.221,0.222,0.222,0.223,0.224,0.225,0.226
1756125838.5852683,0.224,0.223,0.223,0.224,0.224,0.225,0.226,0.226,0.228,0.229
1756125838.7416866,0.229,0.228,0.228,0.228,0.229,0.230,0.230,0.231,0.233,0.234
1756125838.8909037,0.225,0.224,0.224,0.225,0.225,0.226,0.227,0.227,0.229,0.230
1756125839.0453334,0.224,0.224,0.224,0.224,0.225,0.225,0.226,0.227,0.228,0.229
1756125839.2185762,0.224,0.223,0.223,0.224,0.224,0.225,0.226,0.226,0.228,0.229
1756125839.4224844,0.222,0.221,0.221,0.221,0.222,0.223,0.223,0.224,0.226,0.226
1756125839.5967364,0.220,0.220,0.220,0.220,0.221,0.221,0.222,0.223,0.224,0.225
1756125839.7956603,0.220,0.220,0.220,0.220,0.221,0.221,0.222,0.223,0.224,0.225
1756125839.9721744,0.220,0.220,0.220,0.220,0.221,0.221,0.222,0.223,0.224,0.225
1756125840.1144872,0.221,0.220,0.220,0.220,0.221,0.221,0.222,0.223,0.224,0.225
1756125840.2994232,0.221,0.220,0.220,0.220,0.221,0.222,0.222,0.223,0.225,0.225
1756125840.4457386,0.228,0.228,0.228,0.228,0.229,0.229,0.230,0.231,0.232,0.233
1756125840.6316323,0.224,0.224,0.224,0.224,0.225,0.225,0.226,0.227,0.228,0.229
1756125840.7828467,0.224,0.223,0.223,0.224,0.224,0.225,0.226,0.226,0.228,0.229
1756125840.94388,0.224,0.223,0.223,0.223,0.224,0.225,0.225,0.226,0.228,0.229
1756125841.1028087,0.222,0.222,0.221,0.222,0.223,0.223,0.224,0.225,0.226,0.227
1756125841.2490923,0.220,0.219,0.219,0.220,0.220,0.221,0.222,0.222,0.224,0.225
1756125841.430737,0.220,0.219,0.219,0.219,0.220,0.221,0.221,0.222,0.224,0.224
1756125841.6139283,0.220,0.219,0.219,0.220,0.220,0.221,0.221,0.222,0.224,0.225
1756125841.7662375,0.220,0.219,0.219,0.220,0.220,0.221,0.221,0.222,0.224,0.225
1756125841.922938,0.220,0.219,0.219,0.220,0.220,0.221,0.222,0.222,0.224,0.225
1756125842.078868,0.223,0.222,0.222,0.223,0.223,0.224,0.225,0.225,0.227,0.228
1756125842.249973,0.227,0.227,0.227,0.227,0.228,0.228,0.229,0.230,0.232,0.233
1756125842.4007072,0.224,0.223,0.223,0.223,0.224,0.225,0.225,0.226,0.228,0.229
1756125842.579372,0.223,0.222,0.222,0.223,0.223,0.224,0.225,0.225,0.227,0.228
1756125842.724366,0.222,0.222,0.222,0.222,0.223,0.223,0.224,0.225,0.226,0.227
1756125842.8698065,0.220,0.220,0.219,0.220,0.221,0.221,0.222,0.223,0.224,0.225
1756125843.043172,0.219,0.218,0.218,0.219,0.219,0.220,0.221,0.221,0.223,0.224
1756125843.2358007,0.219,0.218,0.218,0.219,0.219,0.220,0.221,0.221,0.223,0.224
1756125843.4053123,0.219,0.219,0.218,0.219,0.220,0.220,0.221,0.222,0.223,0.224
1756125843.5772176,0.219,0.219,0.219,0.219,0.220,0.220,0.221,0.222,0.223,0.224
1756125843.750856,0.219,0.219,0.219,0.219,0.220,0.220,0.221,0.222,0.223,0.224
1756125843.9180415,0.227,0.227,0.227,0.227,0.228,0.228,0.229,0.230,0.232,0.233
1756125844.0894184,0.223,0.222,0.222,0.223,0.223,0.224,0.225,0.225,0.227,0.228
1756125844.2432594,0.223,0.222,0.222,0.222,0.223,0.224,0.224,0.225,0.227,0.228
1756125844.3962138,0.222,0.222,0.222,0.222,0.223,0.223,0.224,0.225,0.226,0.227
1756125844.5436308,0.221,0.220,0.220,0.221,0.221,0.222,0.222,0.223,0.225,0.226
1756125844.7467341,0.219,0.218,0.218,0.219,0.219,0.220,0.220,0.221,0.223,0.224
1756125844.9321687,0.219,0.218,0.218,0.218,0.219,0.220,0.220,0.221,0.222,0.223
1756125845.1082885,0.219,0.218,0.218,0.218,0.219,0.220,0.220,0.221,0.223,0.223
1756125845.2899761,0.219,0.218,0.218,0.219,0.219,0.220,0.220,0.221,0.223,0.224
1756125845.4551969,0.219,0.218,0.218,0.219,0.219,0.220,0.220,0.221,0.223,0.224
1756125845.6060216,0.222,0.222,0.222,0.222,0.223,0.223,0.224,0.225,0.226,0.227
1756125845.7876005,0.227,0.226,0.226,0.226,0.227,0.228,0.228,0.229,0.231,0.232
1756125845.954542,0.222,0.222,0.222,0.222,0.223,0.223,0.224,0.225,0.226,0.227
1756125846.1237977,0.222,0.221,0.221,0.222,0.222,0.223,0.223,0.224,0.226,0.227
1756125846.2739615,0.221,0.221,0.220,0.221,0.222,0.222,0.223,0.224,0.225,0.226
1756125846.4578078,0.219,0.218,0.218,0.219,0.219,0.220,0.221,0.221,0.223,0.224
1756125846.615864,0.218,0.217,0.217,0.218,0.218,0.219,0.220,0.220,0.222,0.223
1756125846.7835705,0.218,0.217,0.217,0.218,0.218,0.219,0.220,0.220,0.222,0.223
1756125846.962189,0.218,0.218,0.217,0.218,0.219,0.219,0.220,0.220,0.222,0.223
1756125847.1357338,0.218,0.218,0.218,0.218,0.219,0.219,0.220,0.221,0.222,0.223
1756125847.2927973,0.219,0.218,0.218,0.218,0.219,0.219,0.220,0.221,0.222,0.223
1756125847.484792,0.227,0.226,0.226,0.226,0.227,0.228,0.228,0.229,0.231,0.232
1756125847.6629412,0.222,0.221,0.221,0.222,0.222,0.223,0.223,0.224,0.226,0.227
1756125847.8634527,0.221,0.221,0.221,0.221,0.222,0.222,0.223,0.224,0.225,0.226
1756125848.0368607,0.221,0.221,0.221,0.221,0.222,0.222,0.223,0.224,0.225,0.226
1756125848.185507,0.220,0.219,0.219,0.219,0.220,0.221,0.221,0.222,0.224,0.224
1756198143.4539156,1.952,1.957,1.970,1.994,2.045,3.463,3.468,3.474,3.488,3.496
1756198143.4665842,1.952,1.957,1.970,1.994,2.045,3.463,3.468,3.474,3.488,3.496
1756198143.606336,1.952,1.957,1.970,1.994,2.045,3.463,3.468,3.474,3.488,3.496
1756198143.7843637,1.952,1.957,1.970,1.994,2.045,3.463,3.468,3.474,3.488,3.496
1756198143.9898357,1.952,1.957,1.970,1.994,2.045,3.463,3.468,3.474,3.488,3.496
1756198144.1677139,1.952,1.957,1.970,1.994,2.045,3.463,3.468,3.474,3.488,3.496
1756198144.3918288,1.952,1.957,1.970,1.994,2.045,3.463,3.468,3.474,3.488,3.496
1756198144.5577693,1.952,1.957,1.970,1.994,2.045,3.463,3.468,3.474,3.488,3.496
1756198144.74286,1.952,1.957,1.970,1.994,2.045,3.463,3.468,3.474,3.488,3.496
1756198144.9385335,1.952,1.957,1.970,1.994,2.045,3.463,3.468,3.474,3.488,3.496
1756198145.1360846,1.964,1.969,1.982,2.007,2.059,3.183,3.188,3.193,3.206,3.214
1756198145.3207605,1.981,1.986,1.999,2.024,2.079,2.404,2.408,2.412,2.422,2.427
1756198145.5051382,2.002,2.007,2.021,2.047,2.107,3.513,3.518,3.524,3.539,3.547
1756198145.6749496,2.018,2.023,2.037,2.063,2.127,3.529,3.534,3.540,3.554,3.563
1756198145.869026,2.024,2.029,2.043,2.069,2.135,3.535,3.540,3.546,3.560,3.569
1756198146.040698,2.024,2.029,2.043,2.069,2.135,3.535,3.540,3.546,3.560,3.569
1756198146.2175956,2.024,2.029,2.043,2.069,2.135,3.535,3.540,3.546,3.560,3.569
1756198146.4037986,2.030,2.035,2.050,2.076,2.143,3.542,3.547,3.553,3.567,3.576
1756198146.598202,2.045,2.050,2.065,2.092,2.163,2.362,2.365,2.369,2.379,2.385
1756198146.7567885,1.996,1.996,1.997,1.999,2.000,2.003,2.006,2.009,2.017,2.022
1756198146.970308,2.082,2.087,2.102,2.131,2.253,2.256,2.259,2.263,2.272,2.278
1756198147.122176,2.100,2.106,2.121,2.151,2.634,2.637,2.641,2.646,2.656,2.663
1756198147.325148,2.120,2.125,2.141,2.172,3.627,3.631,3.636,3.643,3.657,3.666
1756198147.5095234,2.137,2.143,2.159,2.191,3.644,3.648,3.654,3.660,3.675,3.683
1756198147.6991346,2.139,2.145,2.161,2.193,3.646,3.650,3.655,3.662,3.677,3.685
1756198147.8864129,2.139,2.145,2.161,2.193,3.646,3.650,3.655,3.662,3.677,3.685
1756198148.0630665,2.139,2.145,2.161,2.193,3.646,3.650,3.655,3.662,3.677,3.685
1756198148.2556612,2.140,2.146,2.162,2.194,3.647,3.651,3.657,3.663,3.678,3.687
1756198148.4678762,2.153,2.159,2.175,2.208,2.883,2.887,2.891,2.896,2.908,2.915
1756198148.6548305,2.083,2.083,2.085,2.086,2.088,2.091,2.094,2.097,2.106,2.111
1756198148.8457031,2.046,2.046,2.047,2.049,2.051,2.053,2.056,2.060,2.068,2.073
1756198149.039607,2.205,2.216,2.239,2.285,2.391,2.395,2.400,2.406,2.419,2.427
1756198149.2952247,3.730,3.745,3.754,3.764,3.775,3.787,3.799,3.813,3.843,3.860
1756198149.4996672,3.819,3.850,3.867,3.886,3.905,3.925,3.947,3.969,4.018,4.044
1756198149.7374434,3.942,3.990,4.016,4.042,4.071,4.100,4.131,4.163,4.232,4.269
1756198149.950585,4.047,4.105,4.137,4.169,4.204,4.240,4.277,4.316,4.399,4.443
1756198150.17649,4.070,4.130,4.163,4.197,4.233,4.270,4.309,4.349,4.435,4.481
1756198150.4167073,4.070,4.130,4.163,4.197,4.233,4.270,4.309,4.349,4.435,4.481
1756198150.6476545,4.108,4.172,4.207,4.242,4.280,4.319,4.360,4.403,4.493,4.541
1756198150.9113793,4.198,4.270,4.308,4.348,4.390,4.434,4.479,4.527,4.628,4.681
1756198151.1553957,4.316,4.398,4.442,4.488,4.536,4.586,4.638,4.692,3.124,3.061
1756198151.3890877,3.774,3.843,3.879,3.918,3.958,3.999,4.042,3.133,3.050,3.046
1756198151.6530778,2.091,2.091,2.092,2.093,2.095,2.098,2.101,2.104,2.112,2.117
1756198151.9296813,2.897,2.851,2.829,2.808,2.789,2.770,2.752,2.736,2.705,2.691
1756198152.180448,4.393,4.477,4.522,4.569,4.617,4.668,4.721,4.776,3.156,3.116
1756198152.4490826,4.332,4.409,4.451,4.494,4.539,4.586,4.635,4.686,4.794,4.851
1756198152.6867788,4.248,4.316,4.353,4.391,4.431,4.473,4.517,4.562,4.658,4.709
1756198152.9123466,4.212,4.277,4.312,4.348,4.386,4.425,4.467,4.510,4.601,4.649
1756198153.150979,4.222,4.287,4.323,4.359,4.398,4.438,4.480,4.523,4.615,4.664
1756198153.393032,4.298,4.370,4.409,4.449,4.491,4.535,4.581,4.629,4.730,4.784
1756198153.6151662,4.410,4.492,4.536,4.582,4.629,4.679,4.731,4.785,4.899,3.190
1756198153.8569918,4.541,4.634,4.684,4.736,4.790,4.846,4.905,3.207,3.162,3.169
1756198154.0716043,2.430,2.444,2.452,2.460,2.469,2.479,2.489,2.501,2.525,2.538
1756198154.347066,2.242,2.228,2.221,2.216,2.211,2.206,2.202,2.199,2.194,2.192
1756198154.6152248,4.581,4.674,4.724,4.775,4.829,4.885,4.944,3.263,3.213,3.219
1756198154.865528,4.521,4.607,4.652,4.700,4.750,4.802,4.856,4.913,3.274,3.242
1756198155.0963302,4.438,4.516,4.557,4.600,4.645,4.692,4.742,4.793,4.901,4.958
1756198155.3566897,4.369,4.439,4.476,4.515,4.556,4.599,4.644,4.690,4.788,4.841
1756198155.596252,4.361,4.430,4.467,4.506,4.546,4.589,4.633,4.679,4.776,4.828
1756198155.8716023,4.408,4.482,4.521,4.562,4.605,4.649,4.696,4.744,4.847,4.902
1756198156.1284127,4.511,4.593,4.637,4.683,4.731,4.780,4.832,4.886,5.001,3.316
1756198156.3506901,4.645,4.739,4.789,4.841,4.895,4.952,5.011,3.328,3.280,3.287
1756198156.5617123,3.611,3.670,3.702,3.735,3.769,3.351,3.309,3.295,3.326,3.406
1756198156.7977383,2.117,2.116,2.116,2.117,2.118,2.120,2.122,2.125,2.131,2.136
1756198157.0222363,3.055,3.000,2.975,2.951,2.927,2.905,2.884,2.864,2.828,2.811
1756198157.2726862,4.706,4.800,4.850,4.903,4.957,5.014,5.074,3.399,3.350,3.357
1756198157.4899404,4.632,4.718,4.764,4.813,4.863,4.915,4.970,5.027,3.407,3.371
1756198157.7512605,4.536,4.613,4.654,4.696,4.741,4.788,4.836,4.887,4.994,5.051
1756198157.9843895,4.501,4.573,4.612,4.653,4.696,4.740,4.787,4.835,4.937,4.992
1756198158.1972578,4.515,4.589,4.629,4.670,4.714,4.759,4.806,4.855,4.959,5.014
1756198158.4421048,4.603,4.685,4.728,4.774,4.822,4.871,4.923,4.977,5.091,3.461
1756198158.6744785,4.730,4.822,4.872,4.923,4.977,5.033,5.092,3.491,3.402,3.400
1756198158.9270148,4.872,4.977,5.033,5.092,5.153,3.444,3.417,3.412,3.476,5.338
1756198159.1485126,2.377,2.389,2.395,2.403,2.411,2.419,2.429,2.439,2.460,2.472
1756198159.3596177,2.285,2.269,2.261,2.255,2.249,2.243,2.238,2.234,2.227,2.224
1756198159.5960338,4.896,4.999,5.054,5.111,5.171,3.522,3.478,3.464,3.502,5.435
1756198159.8397396,4.823,4.918,4.969,5.022,5.077,5.134,5.194,3.533,3.481,3.490
1756198160.0848382,4.728,4.813,4.859,4.907,4.957,5.009,5.063,5.119,3.581,3.514
1756198160.3161888,4.652,4.730,4.772,4.815,4.861,4.908,4.957,5.009,5.118,5.176
1756198160.5365868,4.641,4.717,4.758,4.801,4.846,4.892,4.941,4.991,5.099,5.156
1756198160.7831712,4.696,4.778,4.821,4.867,4.914,4.963,5.015,5.069,5.183,5.243
1756198161.013183,4.811,4.902,4.951,5.002,5.055,5.110,5.168,5.228,3.532,3.519
1756198161.269164,4.959,5.063,5.118,5.176,5.237,3.589,3.544,3.530,3.573,5.497
1756198161.522033,3.422,3.472,3.498,3.526,3.556,3.547,3.549,3.574,3.722,3.759
1756198161.7672987,2.119,2.117,2.116,2.116,2.117,2.118,2.119,2.121,2.127,2.130
1756198161.9805071,3.304,3.237,3.205,3.175,3.146,3.118,3.092,3.067,3.021,2.999
1756198162.233438,5.016,5.120,5.176,5.234,5.294,3.671,3.617,3.601,3.640,5.581
1756198162.4742944,4.931,5.026,5.077,5.130,5.186,5.244,5.304,3.681,3.611,3.617
1756198162.6904528,4.825,4.910,4.955,5.003,5.052,5.104,5.157,5.213,5.332,3.670
1756198162.8988316,4.792,4.873,4.917,4.962,5.009,5.059,5.111,5.164,5.278,5.339
1756198163.171085,4.811,4.894,4.939,4.985,5.033,5.084,5.137,5.191,5.308,3.726
1756198163.3857725,4.909,5.001,5.049,5.100,5.154,5.209,5.267,5.327,3.657,3.639
1756198163.6480742,5.051,5.154,5.210,5.267,5.328,3.752,3.675,3.652,3.680,3.784
1756198163.8752806,5.038,5.201,5.289,3.701,3.669,3.664,3.683,3.745,5.502,5.415
1756198164.1044648,2.204,2.213,2.218,2.224,2.231,2.238,2.246,2.254,2.272,2.282
1756198164.3457494,2.328,2.309,2.301,2.293,2.286,2.279,2.273,2.268,2.259,2.256
1756198164.6204588,5.221,5.335,5.396,3.797,3.735,3.716,3.722,3.757,5.606,5.516
1756198164.8741605,5.137,5.243,5.299,5.358,5.419,3.806,3.749,3.733,3.779,5.711
1756198165.1236796,5.027,5.122,5.172,5.225,5.280,5.338,5.398,5.460,3.747,3.743
1756198165.358787,4.950,5.037,5.083,5.132,5.183,5.235,5.290,5.348,5.470,3.785
1756198165.6357489,4.944,5.031,5.077,5.125,5.175,5.228,5.283,5.340,5.461,3.794
1756198165.848396,5.013,5.105,5.154,5.206,5.260,5.316,5.374,5.435,3.781,3.760
1756198166.1003487,5.143,5.246,5.302,5.359,5.419,5.482,3.812,3.776,3.789,3.852
1756198166.3308158,5.309,5.427,5.490,3.827,3.789,3.782,3.800,3.864,5.624,5.534
1756198166.5908217,3.285,3.328,3.351,3.375,3.400,3.427,3.455,3.484,3.545,3.578
1756198166.8349476,2.137,2.134,2.132,2.132,2.131,2.132,2.133,2.134,2.138,2.141
1756198167.0499396,3.547,3.465,3.427,3.390,3.355,3.321,3.290,3.259,3.202,3.176
1756198167.2828898,5.344,5.460,5.522,3.956,3.876,3.854,3.859,3.895,5.746,5.653
1756198167.5300214,5.243,5.349,5.406,5.465,5.526,3.983,3.888,3.864,3.899,5.864
1756198167.7767596,5.125,5.219,5.269,5.322,5.377,5.434,5.494,5.556,3.888,3.873
1756198168.0187743,5.090,5.181,5.229,5.280,5.333,5.388,5.445,5.505,3.935,3.888
1756198168.2875516,5.116,5.209,5.259,5.311,5.365,5.421,5.480,5.542,3.907,3.882
1756198168.5701432,5.227,5.329,5.384,5.441,5.501,5.563,3.983,3.911,3.897,3.936
1756198168.7854393,5.385,5.501,5.563,5.628,3.929,3.904,3.907,3.940,5.801,5.706
1756198169.0200355,4.882,3.965,3.923,3.916,3.937,4.013,5.455,5.553,5.571,5.487
1756198169.2460594,2.136,2.143,2.148,2.153,2.159,2.165,2.171,2.178,2.194,2.203
1756198169.5114748,2.378,2.357,2.347,2.338,2.330,2.322,2.315,2.309,2.298,2.293
1756198169.7620704,5.548,5.674,4.008,3.974,3.971,3.998,5.992,5.889,5.697,5.609
1756198169.971183,5.450,5.566,5.628,5.693,4.021,3.989,3.988,4.016,5.902,5.804
1756198170.1872907,5.326,5.430,5.486,5.544,5.604,5.668,4.074,4.010,4.005,4.053
1756198170.4563844,5.241,5.337,5.388,5.442,5.497,5.555,5.616,5.679,4.016,4.001
1756198170.6966045,5.234,5.329,5.379,5.432,5.488,5.545,5.605,5.668,4.023,4.002
1756198170.886181,5.316,5.418,5.472,5.529,5.588,5.650,5.715,4.053,4.013,4.038
1756198171.1228895,5.461,5.576,5.637,5.701,4.095,4.037,4.022,4.036,5.983,5.883
1756198171.347577,5.644,4.114,4.050,4.034,4.047,4.103,5.997,5.895,5.707,5.619
1756198171.5689254,3.109,3.145,3.165,3.185,3.207,3.229,3.253,3.277,3.330,3.357
1756198171.7806134,2.129,2.124,2.122,2.120,2.120,2.119,2.120,2.120,2.123,2.125
1756198172.0124903,3.899,3.792,3.742,3.695,3.649,3.606,3.564,3.524,3.451,3.416
1756198172.2175674,5.658,5.784,4.174,4.119,4.106,4.124,4.197,6.056,5.856,5.764
1756198172.4424808,5.542,5.658,5.719,5.784,4.197,4.131,4.115,4.129,6.081,5.979
1756198172.6987145,5.414,5.517,5.572,5.629,5.689,5.751,5.816,4.175,4.126,4.150
1756198172.9507797,5.379,5.478,5.531,5.587,5.645,5.705,5.768,5.833,4.132,4.131
1756198173.1991565,5.413,5.515,5.569,5.626,5.686,5.748,5.813,4.197,4.132,4.150
1756198173.4231374,5.540,5.653,5.714,5.777,5.843,4.184,4.148,4.146,6.165,6.059
1756198173.68664,5.704,5.843,4.208,4.162,4.156,4.181,6.190,6.082,5.882,5.790
1756198173.9192598,4.305,4.169,4.178,4.227,5.018,5.098,5.181,5.268,5.454,5.554
1756198174.138449,2.098,2.104,2.108,2.113,2.118,2.123,2.129,2.136,2.151,2.159
1756198174.3738494,2.439,2.415,2.404,2.394,2.384,2.375,2.367,2.359,2.345,2.339
1756198174.6089387,5.872,4.248,4.223,4.232,4.282,6.205,6.098,5.996,5.807,5.719
1756198174.8626764,5.762,5.889,4.375,4.261,4.238,4.248,4.301,6.217,6.008,5.912
1756198175.075668,5.623,5.737,5.798,5.861,5.927,4.305,4.256,4.247,6.292,6.183
1756198175.3084013,5.534,5.638,5.694,5.753,5.814,5.877,5.943,4.302,4.256,4.284
1756198175.5336852,5.524,5.628,5.683,5.741,5.801,5.864,5.930,4.321,4.254,4.275
1756198175.7794743,5.620,5.732,5.792,5.855,5.920,4.376,4.285,4.264,4.332,6.239
1756198176.0179749,5.781,5.907,5.975,4.314,4.279,4.279,4.317,6.284,6.072,5.974
1756198176.2553372,5.868,4.292,4.291,4.325,6.301,6.191,6.086,5.986,5.801,5.715
1756198176.4878764,2.947,2.978,2.994,3.011,3.030,3.049,3.069,3.090,3.135,3.159
1756198176.7139585,2.131,2.124,2.122,2.120,2.118,2.117,2.117,2.117,2.118,2.120
1756198176.9489782,4.373,4.228,4.160,4.096,4.035,3.976,3.921,3.868,3.769,3.723
1756198177.2006814,5.973,4.414,4.366,4.361,4.391,6.391,6.278,6.171,5.973,5.881
1756198177.3963275,5.841,5.966,6.033,4.446,4.381,4.368,4.389,4.494,6.204,6.102
1756198177.678949,5.705,5.817,5.876,5.939,6.004,6.071,4.418,4.382,4.420,6.391
1756198177.9511833,5.675,5.784,5.842,5.903,5.966,6.032,4.499,4.400,4.394,4.456
1756198178.1740294,5.718,5.830,5.891,5.953,6.019,6.087,4.418,4.387,4.436,6.384
1756198178.4543831,5.859,5.984,6.051,4.502,4.414,4.396,4.411,4.486,6.246,6.142
1756198178.7255535,5.718,4.433,4.408,4.419,4.480,6.380,6.269,6.164,5.969,5.878
1756198178.9822016,4.433,4.449,4.651,4.715,4.783,4.853,4.927,5.004,5.168,5.255
1756198179.2191498,2.091,2.097,2.100,2.104,2.109,2.114,2.120,2.126,2.140,2.147
1756198179.4592748,2.512,2.484,2.472,2.460,2.448,2.438,2.428,2.419,2.402,2.395
1756198179.7019503,4.597,4.477,4.493,4.576,6.432,6.320,6.214,6.113,5.925,5.838
1756198179.946229,6.073,4.605,4.509,4.491,4.507,4.593,6.445,6.333,6.127,6.031
1756198180.1870484,5.919,6.042,6.108,6.176,4.555,4.506,4.502,4.535,6.412,6.304
1756198180.4333029,5.831,5.946,6.007,6.071,6.137,6.207,4.538,4.507,4.566,6.497
1756198180.684461,5.827,5.941,6.002,6.065,6.132,6.201,4.543,4.509,4.558,6.507
1756198180.9173863,5.943,6.067,6.133,6.202,4.563,4.521,4.521,4.561,6.413,6.305
1756198181.1906638,5.879,4.607,4.540,4.528,4.554,6.573,6.456,6.345,6.140,6.045
1756198181.4262235,4.555,4.563,6.427,6.474,6.362,6.255,6.154,6.057,5.878,5.795
1756198181.6682408,2.835,2.860,2.874,2.889,2.905,2.922,2.939,2.958,2.997,3.018
1756198181.8893151,2.148,2.139,2.136,2.133,2.131,2.130,2.128,2.128,2.128,2.129
1756198182.1045303,4.596,4.642,4.744,4.654,4.569,4.489,4.412,4.339,4.204,4.142
1756198182.3814511,6.304,4.615,4.620,4.675,6.601,6.484,6.374,6.269,6.074,5.984
1756198617.2841225,1.952,1.957,1.970,1.994,2.045,3.463,3.468,3.474,3.488,3.496
1756198617.4935908,1.952,1.957,1.970,1.994,2.045,3.463,3.468,3.474,3.488,3.496
1756198617.6960328,1.952,1.957,1.970,1.994,2.045,3.463,3.468,3.474,3.488,3.496
1756198617.8785079,1.952,1.957,1.970,1.994,2.045,3.463,3.468,3.474,3.488,3.496
1756198618.1421828,1.952,1.957,1.970,1.994,2.045,3.463,3.468,3.474,3.488,3.496
1756198618.3632278,1.952,1.957,1.970,1.994,2.045,3.463,3.468,3.474,3.488,3.496
1756198618.5715759,1.952,1.957,1.970,1.994,2.045,3.463,3.468,3.474,3.488,3.496
1756198618.7801607,1.957,1.961,1.975,1.999,2.050,3.468,3.473,3.479,3.493,3.501
1756198618.9738715,1.973,1.977,1.991,2.016,2.069,2.161,2.164,2.167,2.176,2.181
1756198619.1872463,1.991,1.995,2.009,2.034,2.092,3.502,3.507,3.513,3.528,3.536
1756198619.4066815,2.011,2.016,2.030,2.056,2.118,3.522,3.527,3.533,3.547,3.556
1756198619.5896263,2.022,2.027,2.041,2.067,2.132,3.533,3.538,3.544,3.558,3.567
1756198619.768188,2.024,2.029,2.043,2.069,2.135,3.535,3.540,3.546,3.560,3.569
1756198619.9482918,2.024,2.029,2.043,2.069,2.135,3.535,3.540,3.546,3.560,3.569
1756198620.1484714,2.025,2.030,2.044,2.070,2.136,3.536,3.541,3.547,3.561,3.570
1756198620.383038,2.037,2.042,2.057,2.084,2.152,2.928,2.932,2.937,2.949,2.956
1756198620.5955174,2.054,2.059,2.074,2.095,2.097,2.099,2.102,2.106,2.114,2.119
1756198620.804949,2.036,2.037,2.038,2.039,2.041,2.044,2.047,2.050,2.058,2.063
1756198621.0287158,2.091,2.096,2.112,2.141,2.410,2.413,2.416,2.420,2.430,2.436
1756198621.233342,2.110,2.115,2.131,2.161,3.252,3.256,3.260,3.266,3.279,3.287
1756198621.441529,2.131,2.137,2.153,2.184,3.638,3.642,3.648,3.654,3.669,3.678
1756198621.6637158,2.139,2.145,2.161,2.193,3.646,3.650,3.655,3.662,3.677,3.685
1756198621.8347974,2.139,2.145,2.161,2.193,3.646,3.650,3.656,3.662,3.677,3.686
1756198622.0619109,2.139,2.145,2.161,2.193,3.646,3.650,3.656,3.662,3.677,3.686
1756198622.2767754,2.139,2.145,2.161,2.193,3.646,3.650,3.656,3.662,3.677,3.686
1756198622.4835203,2.146,2.152,2.168,2.200,3.653,3.658,3.663,3.669,3.684,3.693
1756198622.6702483,2.161,2.167,2.184,2.217,2.338,2.341,2.344,2.348,2.358,2.363
1756198622.882038,1.994,1.994,1.995,1.997,1.999,2.001,2.004,2.008,2.016,2.021
1756198623.1184485,2.198,2.204,2.221,2.256,2.260,2.263,2.266,2.270,2.279,2.285
1756198623.2974403,2.216,2.222,2.240,2.275,2.631,2.634,2.638,2.643,2.654,2.660
1756198623.555147,2.236,2.242,2.259,2.296,3.743,3.747,3.753,3.759,3.774,3.783
1756198623.807858,2.253,2.259,2.277,2.314,3.759,3.764,3.770,3.776,3.791,3.800
1756198623.996265,2.254,2.261,2.278,2.316,3.761,3.766,3.771,3.778,3.793,3.802
1756198624.2069218,2.254,2.261,2.278,2.316,3.761,3.766,3.771,3.778,3.793,3.802
1756198624.3737748,2.254,2.261,2.278,2.316,3.761,3.766,3.771,3.778,3.793,3.802
1756198624.6020484,2.256,2.262,2.280,2.318,3.763,3.767,3.773,3.779,3.795,3.804
1756198624.791984,2.269,2.275,2.293,2.332,2.837,2.840,2.844,2.849,2.861,2.868
1756198625.0053177,2.073,2.074,2.075,2.076,2.078,2.081,2.084,2.087,2.096,2.101
1756198625.2319093,2.050,2.050,2.051,2.053,2.055,2.057,2.060,2.064,2.072,2.077
1756198625.429524,2.323,2.330,2.349,2.390,2.417,2.420,2.423,2.428,2.437,2.443
1756198625.5883312,2.341,2.348,2.368,2.410,3.346,3.350,3.355,3.360,3.374,3.382
1756198625.7925386,2.363,2.370,2.390,2.433,3.870,3.874,3.880,3.887,3.902,3.912
1756198625.9858673,2.370,2.377,2.397,2.441,3.877,3.881,3.887,3.894,3.910,3.919
1756198626.1833339,2.370,2.377,2.397,2.441,3.877,3.882,3.887,3.894,3.910,3.919
1756198626.3853474,2.370,2.377,2.397,2.441,3.877,3.882,3.887,3.894,3.910,3.919
1756198626.5721948,2.370,2.377,2.397,2.441,3.877,3.882,3.887,3.894,3.910,3.919
1756198626.7765207,2.377,2.384,2.405,2.450,3.885,3.890,3.896,3.902,3.918,3.928
1756198626.9588354,2.294,2.294,2.295,2.297,2.299,2.302,2.305,2.309,2.319,2.324
1756198627.1694093,1.994,1.994,1.995,1.997,1.999,2.001,2.004,2.007,2.016,2.020
1756198627.3737683,2.274,2.275,2.276,2.277,2.280,2.282,2.286,2.289,2.299,2.304
1756198627.6054578,2.448,2.456,2.478,2.529,2.661,2.664,2.668,2.673,2.684,2.690
1756198627.8002768,2.468,2.475,2.498,2.550,3.975,3.980,3.985,3.992,4.008,4.018
1756198628.041085,2.483,2.491,2.515,2.568,3.991,3.995,4.001,4.008,4.024,4.034
1756198628.2990756,2.485,2.493,2.517,2.570,3.992,3.997,4.003,4.010,4.026,4.036
1756198628.5173018,2.485,2.493,2.517,2.570,3.992,3.997,4.003,4.010,4.026,4.036
1756198628.7289436,2.485,2.493,2.517,2.570,3.992,3.997,4.003,4.010,4.026,4.036
1756198628.9516866,2.487,2.495,2.519,2.572,3.995,3.999,4.005,4.012,4.028,4.038
1756198629.1631894,2.501,2.509,2.533,2.588,2.756,2.759,2.764,2.768,2.779,2.786
1756198629.374531,2.057,2.058,2.059,2.060,2.062,2.065,2.068,2.071,2.080,2.085
1756198629.5773406,2.067,2.068,2.069,2.070,2.072,2.075,2.078,2.081,2.090,2.095
1756198629.8046148,2.425,2.425,2.426,2.428,2.430,2.433,2.437,2.441,2.451,2.457
1756198630.0060914,2.573,2.582,2.608,2.669,3.497,3.501,3.506,3.512,3.526,3.535
1756198630.2099395,2.595,2.603,2.630,2.695,4.102,4.107,4.113,4.120,4.137,4.146
1756198630.4349523,4.092,2.601,2.589,2.589,2.600,2.629,2.710,4.097,4.108,4.115
1756198630.6952155,4.097,4.086,4.082,2.622,2.593,2.579,2.578,2.589,2.678,4.087
1756198630.9290698,4.108,4.092,4.085,4.079,4.074,4.071,2.611,2.581,2.567,2.576
1756198631.1842208,4.128,4.106,4.096,4.087,4.079,4.073,4.067,4.063,2.600,2.570
1756198631.4402292,4.175,4.144,4.130,4.117,4.106,4.095,4.085,4.077,4.063,4.057
1756198631.6910992,3.050,3.004,2.983,2.963,2.944,2.926,2.909,2.892,2.863,2.849
1756198631.9774384,4.598,4.524,4.490,4.457,4.426,4.396,4.368,4.341,4.292,4.270
1756198632.2410944,4.849,4.754,4.710,4.667,4.627,4.588,4.551,4.516,4.452,4.421
1756198632.479422,3.289,4.971,4.917,4.866,4.817,4.771,4.726,4.684,4.605,4.568
1756198632.7349744,3.361,3.294,3.296,3.320,3.390,4.941,4.890,4.841,4.749,4.707
1756198633.010249,5.114,5.297,3.366,3.314,3.297,3.299,3.322,3.388,4.895,4.846
1756198633.3080387,4.847,5.004,5.088,5.176,5.268,3.384,3.315,3.291,3.305,3.349
1756198633.5523026,4.633,4.769,4.842,4.919,4.999,5.083,5.170,5.262,3.304,3.281
1756198633.8213596,4.442,4.561,4.625,4.691,4.761,4.833,4.909,4.988,5.158,5.248
1756198634.0653715,4.273,4.377,4.433,4.491,4.551,4.614,4.680,4.749,4.896,4.974
1756198634.3086243,3.409,3.379,3.365,3.353,3.341,3.330,3.320,3.311,3.296,3.290
1756198634.5756621,3.725,3.778,3.806,3.835,3.866,3.898,3.931,3.966,4.041,4.080
1756198634.825793,2.021,2.052,2.094,3.661,3.683,3.705,3.729,3.754,3.807,3.836
1756198635.095188,2.128,2.041,2.028,2.023,2.024,2.034,2.052,2.087,3.682,3.704
1756198635.3676064,3.485,3.503,3.514,2.162,2.083,2.054,2.039,2.032,2.041,2.058
1756198635.584226,3.477,3.490,3.498,3.506,3.516,3.526,2.142,2.087,2.048,2.043
1756198635.7927632,3.456,3.463,3.468,3.474,3.480,3.488,3.496,3.505,3.526,2.104
1756198636.0094793,3.442,3.444,3.446,3.449,3.453,3.458,3.464,3.470,3.486,3.495
1756198636.2203782,3.433,3.430,3.430,3.431,3.432,3.435,3.438,3.442,3.452,3.459
1756198636.4504738,3.432,3.424,3.421,3.419,3.418,3.418,3.419,3.421,3.426,3.430
1756198636.674499,3.436,3.428,3.426,3.424,3.423,3.423,3.423,3.425,3.430,3.434
1756198636.919483,2.125,2.134,2.139,2.145,2.151,2.158,2.165,2.173,2.190,2.200
1756198637.1254272,2.229,2.216,2.210,2.205,2.200,2.196,2.193,2.190,2.186,2.185
1756198637.3405116,3.492,3.483,3.480,3.477,3.476,3.475,3.475,3.476,3.481,3.484
1756198637.592647,3.521,3.510,3.505,3.501,3.498,3.496,3.495,3.495,3.497,3.499
1756198637.8097322,3.542,3.527,3.522,3.517,3.512,3.509,3.507,3.505,3.505,3.506
1756198638.048467,3.567,3.549,3.541,3.535,3.529,3.524,3.520,3.517,3.513,3.513
1756198638.3306482,3.569,3.551,3.543,3.537,3.531,3.526,3.522,3.518,3.514,3.514
1756198638.574432,3.564,3.548,3.541,3.536,3.531,3.527,3.524,3.522,3.520,3.520
1756198638.8220227,3.554,3.543,3.539,3.535,3.533,3.531,3.531,3.531,3.533,3.536
1756198639.0375462,3.551,3.545,3.543,3.542,3.542,3.543,3.545,3.548,3.555,3.561
1756198639.2570677,3.279,3.319,3.340,3.362,3.386,3.410,3.436,3.463,3.520,3.550
1756198639.5041165,2.092,2.090,2.089,2.090,2.090,2.092,2.093,2.096,2.102,2.106
1756198639.7049985,2.959,2.912,2.891,2.870,2.851,2.832,2.815,2.798,2.768,2.754
1756198639.9136732,3.626,3.619,3.617,3.615,3.615,3.615,3.617,3.619,3.626,3.631
1756198640.1291792,3.643,3.634,3.631,3.629,3.627,3.627,3.627,3.628,3.633,3.637
1756198640.3351197,3.667,3.654,3.649,3.645,3.642,3.639,3.638,3.637,3.639,3.641
1756198640.5858126,3.676,3.662,3.656,3.651,3.647,3.644,3.642,3.641,3.641,3.643
1756198640.8625822,3.675,3.662,3.656,3.652,3.648,3.646,3.644,3.643,3.643,3.645
1756198641.133565,3.670,3.661,3.657,3.655,3.653,3.653,3.653,3.654,3.659,3.662
1756198641.3538222,3.669,3.665,3.664,3.664,3.665,3.667,3.670,3.673,3.683,3.689
1756198641.561881,3.678,3.678,3.680,3.682,3.685,3.689,3.694,3.700,3.714,3.723
1756198641.7842155,2.143,2.150,2.155,2.160,2.166,2.172,2.179,2.186,2.202,2.211
1756198641.9842677,2.267,2.252,2.245,2.239,2.234,2.229,2.225,2.221,2.215,2.213
1756198642.1695912,3.732,3.731,3.732,3.733,3.736,3.739,3.744,3.749,3.762,3.770
1756198642.378458,3.755,3.751,3.751,3.751,3.752,3.755,3.758,3.762,3.772,3.779
1756198642.5507765,3.769,3.763,3.761,3.760,3.761,3.762,3.764,3.767,3.775,3.780
1756198642.767609,3.785,3.776,3.773,3.770,3.769,3.769,3.769,3.770,3.776,3.780
1756198643.0006003,3.787,3.777,3.774,3.771,3.770,3.769,3.770,3.771,3.776,3.780
1756198643.2285233,3.787,3.780,3.778,3.777,3.777,3.777,3.779,3.781,3.789,3.794
1756198643.4475787,3.789,3.787,3.788,3.789,3.791,3.794,3.799,3.803,3.816,3.824
1756198643.6786172,3.799,3.803,3.806,3.810,3.815,3.821,3.828,3.836,2.477,2.407
1756198643.84559,3.147,3.181,3.199,3.219,3.239,3.261,3.283,3.307,2.411,2.388
1756198644.0506368,2.097,2.093,2.093,2.092,2.093,2.093,2.094,2.096,2.101,2.104
1756198644.2218587,3.127,3.070,3.043,3.017,2.993,2.970,2.947,2.926,2.451,2.426
1756198644.4644792,3.873,3.875,3.878,3.882,3.886,3.892,3.898,3.905,3.923,2.482
1756198644.6634355,3.885,3.885,3.887,3.890,3.893,3.898,3.904,3.910,3.926,2.571
1756198644.8489919,3.898,3.896,3.896,3.897,3.899,3.902,3.906,3.911,3.923,3.931
1756198645.0698905,3.903,3.899,3.899,3.899,3.901,3.903,3.907,3.911,3.923,3.930
1756198645.3224907,3.904,3.901,3.901,3.902,3.904,3.907,3.911,3.916,3.928,3.935
1756198645.5568905,3.911,3.913,3.915,3.919,3.923,3.928,3.934,3.941,3.958,2.540
1756198645.7752757,3.926,3.934,3.939,3.945,3.952,3.960,3.968,2.555,2.492,2.485
1756198646.0418892,3.949,3.961,3.969,3.977,3.986,2.543,2.514,2.500,2.507,2.528
1756198646.2890916,2.080,2.086,2.090,2.094,2.099,2.105,2.111,2.117,2.132,2.140
1756198646.5422301,2.309,2.292,2.285,2.278,2.271,2.266,2.261,2.256,2.249,2.246
1756198646.750451,4.000,4.010,4.017,4.024,4.033,2.630,2.580,2.559,2.554,2.569
1756198646.95389,4.015,4.023,4.028,4.035,4.042,4.050,2.664,2.605,2.570,2.571
1756198647.1608589,4.022,4.028,4.032,4.038,4.044,4.051,4.060,2.700,2.594,2.582
1756198647.3762538,4.028,4.031,4.034,4.038,4.043,4.049,4.056,4.064,2.652,2.612
1756198647.548671,4.029,4.032,4.035,4.038,4.043,4.049,4.056,4.063,2.664,2.617
1756198647.7748883,4.038,4.044,4.048,4.054,4.060,4.067,4.076,4.085,2.612,2.599
1756198647.98583,4.058,4.069,4.076,4.084,4.093,2.665,2.628,2.611,2.616,2.638
1756198648.2359333,4.088,4.105,2.678,2.640,2.623,2.619,2.628,2.650,4.215,4.234
1756198648.476579,3.018,2.690,2.654,2.638,2.635,2.645,2.670,2.731,3.200,3.224
1756198648.722441,2.087,2.083,2.082,2.081,2.081,2.081,2.082,2.083,2.087,2.089
1756198648.9759266,3.378,2.744,2.696,2.676,2.669,2.677,2.697,2.746,3.068,3.044
1756198649.2303445,4.158,4.174,2.791,2.728,2.702,2.693,2.696,2.714,4.279,4.297
1756198649.5248408,4.163,4.177,4.186,2.785,2.733,2.711,2.704,2.710,2.776,4.294
1756198649.7480693,4.165,4.175,4.182,4.190,4.199,2.781,2.738,2.720,2.724,2.748
1756198649.96672,4.166,4.175,4.182,4.189,4.198,2.826,2.755,2.728,2.721,2.738
1756198650.1882055,4.171,4.182,4.189,4.197,4.206,2.781,2.742,2.724,2.731,2.757
1756198650.4279604,4.194,4.210,4.219,2.774,2.744,2.732,2.733,2.749,4.316,4.334
1756198650.700482,4.230,2.758,2.744,2.744,2.758,2.791,4.326,4.344,4.384,4.406
1756198650.9341118,2.766,2.761,2.780,2.824,4.346,4.364,4.384,4.405,4.451,4.476
1756198651.2005143,2.073,2.078,2.082,2.086,2.091,2.096,2.102,2.108,2.122,2.130
1756198651.4434798,2.367,2.348,2.339,2.331,2.324,2.317,2.311,2.305,2.296,2.292
1756198651.69594,2.839,2.811,2.819,2.844,2.908,4.403,4.422,4.442,4.486,4.510
1756198651.951913,2.929,2.838,2.829,2.836,2.858,2.915,4.420,4.438,4.480,4.502
1756198652.223454,4.315,2.900,2.859,2.842,2.841,2.853,2.885,4.420,4.457,4.478
1756198652.5279222,4.310,4.326,2.956,2.882,2.855,2.846,2.852,2.873,4.436,4.454
1756198652.7608612,4.309,4.326,2.977,2.885,2.857,2.847,2.851,2.871,4.435,4.453
1756198653.011586,4.309,4.326,2.977,2.885,2.857,2.847,2.851,2.871,4.435,4.453
1756198653.2606325,4.309,4.326,2.977,2.885,2.857,2.847,2.851,2.871,4.435,4.453
1756198653.4417279,4.290,4.300,4.307,4.315,4.324,2.921,2.868,2.848,2.851,2.876
1756198653.6753325,4.289,4.283,4.281,4.280,4.281,4.282,4.284,4.288,4.297,4.304
1756198653.8955305,2.422,2.420,2.419,2.419,2.420,2.422,2.424,2.426,2.433,2.437
1756198654.132081,2.086,2.090,2.092,2.095,2.099,2.103,2.107,2.112,2.124,2.131
1756198654.3681724,2.267,2.254,2.249,2.244,2.240,2.236,2.233,2.231,2.227,2.226
1756198654.6515474,4.409,4.334,4.299,4.265,4.233,3.196,3.159,3.145,3.174,3.238
1756198654.9110255,4.510,4.692,4.790,4.894,5.003,5.118,5.113,5.063,4.970,3.238
1756198655.1552608,4.392,4.561,4.652,4.747,4.848,4.954,5.066,5.139,5.039,4.993
1756198655.4046404,4.440,4.613,4.707,4.806,4.910,5.019,5.135,5.113,5.016,4.970
1756198655.657791,4.661,4.858,4.965,5.078,5.153,5.101,5.052,5.005,3.211,3.177
1756198655.8901079,4.959,5.173,5.120,5.070,5.023,4.977,3.228,3.191,3.182,3.206
1756198656.1444998,4.144,4.225,4.268,4.313,3.233,3.201,3.191,3.199,4.626,4.686
1756198656.422905,2.061,2.066,2.069,2.073,2.077,2.082,2.087,2.093,2.106,2.114
1756198656.7068772,2.365,2.346,2.338,2.330,2.323,2.316,2.310,2.305,2.296,2.292
1756198656.9396706,5.130,5.191,5.140,5.091,5.045,3.289,3.255,3.245,3.282,4.808
1756198657.1871042,4.895,5.111,5.229,5.223,5.171,5.121,5.074,3.323,3.261,3.264
1756198657.4513392,4.647,4.835,4.937,5.045,5.158,5.266,5.212,5.162,5.067,3.312
1756198657.7100399,4.505,4.678,4.771,4.870,4.973,5.082,5.197,5.258,5.156,5.108
1756198657.9604278,4.497,4.669,4.762,4.859,4.962,5.070,5.185,5.264,5.162,5.114
1756198658.2012703,4.654,4.843,4.945,5.052,5.165,5.285,5.231,5.180,5.085,3.331
1756198658.45448,4.922,5.141,5.259,5.258,5.206,5.156,5.109,3.358,3.295,3.298
1756198658.7154195,5.262,5.221,5.171,5.123,3.373,3.323,3.307,3.310,3.402,4.844
1756198658.9783373,2.749,2.770,2.781,2.793,2.806,2.820,2.835,2.850,2.884,2.901
1756198659.2371542,2.097,2.092,2.090,2.088,2.087,2.087,2.087,2.087,2.090,2.092
1756198659.5039108,3.713,3.613,3.567,3.523,3.401,3.367,3.358,3.365,3.296,3.264
1756198659.784941,5.120,5.355,5.339,5.286,5.235,5.186,3.424,3.388,3.388,3.422
1756198660.0398722,4.888,5.095,5.208,5.326,5.361,5.308,5.257,5.208,3.403,3.387
1756198660.2921216,4.657,4.838,4.936,5.039,5.148,5.262,5.383,5.350,5.248,5.200
1756198660.5859776,4.609,4.785,4.880,4.980,5.085,5.196,5.313,5.385,5.280,5.232
1756198660.8367941,4.670,4.853,4.951,5.055,5.164,5.280,5.401,5.351,5.249,5.202
1756198661.051015,4.907,5.115,5.227,5.346,5.390,5.336,5.285,5.235,3.430,3.413
1756198661.313389,5.221,5.410,5.355,5.303,5.253,3.502,3.444,3.425,3.450,3.521
1756198661.6327107,4.000,4.073,4.111,3.514,3.457,3.439,3.442,3.467,4.433,4.487
1756198661.9236522,2.054,2.058,2.061,2.064,2.068,2.072,2.077,2.082,2.094,2.101
1756198662.1942518,2.418,2.396,2.387,2.378,2.370,2.362,2.355,2.349,2.338,2.333
1756198662.4853752,5.363,5.443,5.389,5.338,3.603,3.520,3.495,3.493,3.573,5.037
1756198662.7801344,5.122,5.348,5.470,5.472,5.417,5.365,5.315,3.546,3.506,3.520
1756198663.068105,4.861,5.057,5.163,5.274,5.392,5.516,5.463,5.410,3.621,3.542
1756198663.2791672,4.725,4.906,5.003,5.106,5.214,5.327,5.447,5.502,5.395,5.345
1756198663.5373824,4.720,4.901,4.998,5.100,5.208,5.321,5.441,5.506,5.398,5.348
1756198663.7866027,4.897,5.096,5.203,5.317,5.436,5.520,5.464,5.411,3.602,3.547
1756198664.0802116,5.182,5.412,5.537,5.491,5.437,5.385,3.645,3.567,3.542,3.564
1756198664.3620012,5.535,5.455,5.402,3.683,3.582,3.556,3.554,3.575,5.096,5.061
1756198664.602165,2.618,2.635,2.645,2.655,2.666,2.678,2.691,2.704,2.733,2.749
1756198664.889143,2.113,2.107,2.104,2.102,2.101,2.100,2.099,2.099,2.101,2.102
1756200553.1820304,1.952,1.957,1.970,1.994,2.045,3.463,3.468,3.474,3.488,3.496
1756200553.1837633,1.952,1.957,1.970,1.994,2.045,3.463,3.468,3.474,3.488,3.496
1756200553.1866357,1.952,1.957,1.970,1.994,2.045,3.463,3.468,3.474,3.488,3.496
1756200553.2529805,1.952,1.957,1.970,1.994,2.045,3.463,3.468,3.474,3.488,3.496
1756200553.4448936,1.952,1.957,1.970,1.994,2.045,3.463,3.468,3.474,3.488,3.496
1756200553.6457355,1.952,1.957,1.970,1.994,2.045,3.463,3.468,3.474,3.488,3.496
1756200553.8423655,1.952,1.957,1.970,1.994,2.045,3.463,3.468,3.474,3.488,3.496
1756200554.0369072,1.952,1.957,1.970,1.994,2.045,3.463,3.468,3.474,3.488,3.496
1756200554.220884,1.952,1.957,1.970,1.994,2.045,3.463,3.468,3.474,3.488,3.496
1756200554.4168892,1.952,1.957,1.970,1.994,2.045,3.463,3.468,3.474,3.488,3.496
1756200554.6068864,1.952,1.957,1.970,1.994,2.045,3.463,3.468,3.474,3.488,3.496
1756200554.807184,1.952,1.957,1.970,1.994,2.045,3.463,3.468,3.474,3.488,3.496
1756200555.0022771,1.952,1.957,1.970,1.994,2.045,3.463,3.468,3.474,3.488,3.496
1756200555.2047014,1.952,1.957,1.970,1.994,2.045,3.463,3.468,3.474,3.488,3.496
1756200555.3692489,1.952,1.957,1.970,1.994,2.045,3.463,3.468,3.474,3.488,3.496
1756200555.5881956,1.952,1.957,1.970,1.994,2.045,3.463,3.468,3.474,3.488,3.496
1756200555.7939963,1.952,1.957,1.970,1.994,2.045,3.463,3.468,3.474,3.488,3.496
1756200556.0089514,1.952,1.957,1.970,1.994,2.045,3.463,3.468,3.474,3.488,3.496
1756200556.1777387,1.952,1.957,1.970,1.994,2.045,3.463,3.468,3.474,3.488,3.496
1756200556.3605247,1.952,1.957,1.970,1.994,2.045,3.463,3.468,3.474,3.488,3.496
1756200556.5683358,1.952,1.957,1.970,1.994,2.045,3.463,3.468,3.474,3.488,3.496
1756200556.752072,1.952,1.957,1.970,1.994,2.045,3.463,3.468,3.474,3.488,3.496
1756200556.9334972,1.952,1.957,1.970,1.994,2.045,3.463,3.468,3.474,3.488,3.496
1756200557.1436832,1.952,1.957,1.970,1.994,2.045,3.463,3.468,3.474,3.488,3.496
1756200557.3481529,1.952,1.957,1.970,1.994,2.045,3.463,3.468,3.474,3.488,3.496
1756200557.5680473,1.952,1.957,1.970,1.994,2.045,3.463,3.468,3.474,3.488,3.496
1756200557.741027,1.952,1.957,1.970,1.994,2.045,3.463,3.468,3.474,3.488,3.496
1756200557.9170454,1.952,1.957,1.970,1.994,2.045,3.463,3.468,3.474,3.488,3.496
1756200558.0961533,1.952,1.957,1.970,1.994,2.045,3.463,3.468,3.474,3.488,3.496
1756200558.2599323,1.952,1.957,1.970,1.994,2.045,3.463,3.468,3.474,3.488,3.496
1756200558.4415603,1.952,1.957,1.970,1.994,2.045,3.463,3.468,3.474,3.488,3.496
1756200558.6215727,1.952,1.957,1.970,1.994,2.045,3.463,3.468,3.474,3.488,3.496
1756200558.7959356,1.952,1.957,1.970,1.994,2.045,3.463,3.468,3.474,3.488,3.496
1756200558.962161,1.952,1.957,1.970,1.994,2.045,3.463,3.468,3.474,3.488,3.496
1756200559.123734,1.952,1.957,1.970,1.994,2.045,3.463,3.468,3.474,3.488,3.496
1756200559.3222718,1.952,1.957,1.970,1.994,2.045,3.463,3.468,3.474,3.488,3.496
1756200559.4992688,1.952,1.957,1.970,1.994,2.045,3.463,3.468,3.474,3.488,3.496
1756200559.6632035,1.952,1.957,1.970,1.994,2.045,3.463,3.468,3.474,3.488,3.496
1756200559.8750503,1.952,1.957,1.970,1.994,2.045,3.463,3.468,3.474,3.488,3.496
1756200560.025994,1.952,1.957,1.970,1.994,2.045,3.463,3.468,3.474,3.488,3.496
1756200560.2339644,1.952,1.957,1.970,1.994,2.045,3.463,3.468,3.474,3.488,3.496
1756200560.4213495,1.952,1.957,1.970,1.994,2.045,3.463,3.468,3.474,3.488,3.496
1756200560.5893965,1.952,1.957,1.970,1.994,2.045,3.463,3.468,3.474,3.488,3.496
1756200560.7494867,1.952,1.957,1.970,1.994,2.045,3.463,3.468,3.474,3.488,3.496
1756200560.9129865,1.952,1.957,1.970,1.994,2.045,3.463,3.468,3.474,3.488,3.496
1756200561.1179485,1.952,1.957,1.970,1.994,2.045,3.463,3.468,3.474,3.488,3.496
1756200561.2757723,1.952,1.957,1.970,1.994,2.045,3.463,3.468,3.474,3.488,3.496
1756200561.4763057,1.952,1.957,1.970,1.994,2.045,3.463,3.468,3.474,3.488,3.496
1756200561.6753287,1.952,1.957,1.970,1.994,2.045,3.463,3.468,3.474,3.488,3.496
1756200561.878454,1.952,1.957,1.970,1.994,2.045,3.463,3.468,3.474,3.488,3.496
1756200562.0374424,1.952,1.957,1.970,1.994,2.045,3.463,3.468,3.474,3.488,3.496
1756200562.240713,1.952,1.957,1.970,1.994,2.045,3.463,3.468,3.474,3.488,3.496
1756200562.4084299,1.952,1.957,1.970,1.994,2.045,3.463,3.468,3.474,3.488,3.496
1756200562.5991654,1.952,1.957,1.970,1.994,2.045,3.463,3.468,3.474,3.488,3.496
1756200562.7759807,1.952,1.957,1.970,1.994,2.045,3.463,3.468,3.474,3.488,3.496
1756200562.9515564,1.952,1.957,1.970,1.994,2.045,3.463,3.468,3.474,3.488,3.496
1756200563.1062858,1.952,1.957,1.970,1.994,2.045,3.463,3.468,3.474,3.488,3.496
1756200563.2903063,1.952,1.957,1.970,1.994,2.045,3.463,3.468,3.474,3.488,3.496
1756200563.4984705,1.952,1.957,1.970,1.994,2.045,3.463,3.468,3.474,3.488,3.496
1756200563.6866171,1.952,1.957,1.970,1.994,2.045,3.463,3.468,3.474,3.488,3.496
1756200563.8916068,1.952,1.957,1.970,1.994,2.045,3.463,3.468,3.474,3.488,3.496
1756200564.0575857,1.952,1.957,1.970,1.994,2.045,3.463,3.468,3.474,3.488,3.496
1756200564.2124705,1.952,1.957,1.970,1.994,2.045,3.463,3.468,3.474,3.488,3.496
1756200564.4329033,1.952,1.957,1.970,1.994,2.045,3.463,3.468,3.474,3.488,3.496
1756200564.617143,1.952,1.957,1.970,1.994,2.045,3.463,3.468,3.474,3.488,3.496
1756200564.823678,1.952,1.957,1.970,1.994,2.045,3.463,3.468,3.474,3.488,3.496
1756200564.9942753,1.952,1.957,1.970,1.994,2.045,3.463,3.468,3.474,3.488,3.496
1756200565.2005534,1.952,1.957,1.970,1.994,2.045,3.463,3.468,3.474,3.488,3.496
1756200565.3957472,1.952,1.957,1.970,1.994,2.045,3.463,3.468,3.474,3.488,3.496
1756200565.630312,1.952,1.957,1.970,1.994,2.045,3.463,3.468,3.474,3.488,3.496
1756200565.8674064,1.952,1.957,1.970,1.994,2.045,3.463,3.468,3.474,3.488,3.496
1756200566.0751925,1.952,1.957,1.970,1.994,2.045,3.463,3.468,3.474,3.488,3.496
1756200566.2699792,1.952,1.957,1.970,1.994,2.045,3.463,3.468,3.474,3.488,3.496
1756200566.472247,1.952,1.957,1.970,1.994,2.045,3.463,3.468,3.474,3.488,3.496
1756200566.652363,1.952,1.957,1.970,1.994,2.045,3.463,3.468,3.474,3.488,3.496
1756200566.8416598,1.952,1.957,1.970,1.994,2.045,3.463,3.468,3.474,3.488,3.496
1756200567.028894,1.952,1.957,1.970,1.994,2.045,3.463,3.468,3.474,3.488,3.496
1756200567.2111826,1.952,1.957,1.970,1.994,2.045,3.463,3.468,3.474,3.488,3.496
1756200567.4053993,1.952,1.957,1.970,1.994,2.045,3.463,3.468,3.474,3.488,3.496
1756200567.5960872,1.952,1.957,1.970,1.994,2.045,3.463,3.468,3.474,3.488,3.496
1756200567.8145113,1.952,1.957,1.970,1.994,2.045,3.463,3.468,3.474,3.488,3.496
1756200568.0206485,1.952,1.957,1.970,1.994,2.045,3.463,3.468,3.474,3.488,3.496
1756200568.2198267,1.952,1.957,1.970,1.994,2.045,3.463,3.468,3.474,3.488,3.496
1756200568.4338725,1.952,1.957,1.970,1.994,2.045,3.463,3.468,3.474,3.488,3.496
1756200568.6409438,1.952,1.957,1.970,1.994,2.045,3.463,3.468,3.474,3.488,3.496
1756200568.8151379,1.952,1.957,1.970,1.994,2.045,3.463,3.468,3.474,3.488,3.496
1756200568.9794466,1.952,1.957,1.970,1.994,2.045,3.463,3.468,3.474,3.488,3.496
1756200569.1754236,1.952,1.957,1.970,1.994,2.045,3.463,3.468,3.474,3.488,3.496
1756200569.3735309,1.952,1.957,1.970,1.994,2.045,3.463,3.468,3.474,3.488,3.496
1756200569.55581,1.952,1.957,1.970,1.994,2.045,3.463,3.468,3.474,3.488,3.496
1756200569.7302885,1.952,1.957,1.970,1.994,2.045,3.463,3.468,3.474,3.488,3.496
1756200569.9250536,1.952,1.957,1.970,1.994,2.045,3.463,3.468,3.474,3.488,3.496
1756200570.128075,1.952,1.957,1.970,1.994,2.045,3.463,3.468,3.474,3.488,3.496
1756200570.3041637,1.952,1.957,1.970,1.994,2.045,3.463,3.468,3.474,3.488,3.496
1756200570.4757068,1.952,1.957,1.970,1.994,2.045,3.463,3.468,3.474,3.488,3.496
1756200570.6552873,1.952,1.957,1.970,1.994,2.045,3.463,3.468,3.474,3.488,3.496
1756200570.8509889,1.952,1.957,1.970,1.994,2.045,3.463,3.468,3.474,3.488,3.496
1756200571.047967,1.952,1.957,1.970,1.994,2.045,3.463,3.468,3.474,3.488,3.496
1756200571.232679,1.952,1.957,1.970,1.994,2.045,3.463,3.468,3.474,3.488,3.496
1756200571.4516776,1.952,1.957,1.970,1.994,2.045,3.463,3.468,3.474,3.488,3.496
1756200571.6616929,1.952,1.957,1.970,1.994,2.045,3.463,3.468,3.474,3.488,3.496
1756200571.8758965,1.952,1.957,1.970,1.994,2.045,3.463,3.468,3.474,3.488,3.496
1756200572.0358515,1.952,1.957,1.970,1.994,2.045,3.463,3.468,3.474,3.488,3.496
1756200572.2142558,1.952,1.957,1.970,1.994,2.045,3.463,3.468,3.474,3.488,3.496
1756200572.4158041,1.952,1.957,1.970,1.994,2.045,3.463,3.468,3.474,3.488,3.496
1756200572.5821893,1.952,1.957,1.970,1.994,2.045,3.463,3.468,3.474,3.488,3.496
1756200572.788149,1.952,1.957,1.970,1.994,2.045,3.463,3.468,3.474,3.488,3.496
1756200573.0235612,1.952,1.957,1.970,1.994,2.045,3.463,3.468,3.474,3.488,3.496
1756200573.2168765,1.952,1.957,1.970,1.994,2.045,3.463,3.468,3.474,3.488,3.496
1756200573.4117956,1.952,1.957,1.970,1.994,2.045,3.463,3.468,3.474,3.488,3.496
1756200573.6272185,1.952,1.957,1.970,1.994,2.045,3.463,3.468,3.474,3.488,3.496
1756200573.8243263,1.952,1.957,1.970,1.994,2.045,3.463,3.468,3.474,3.488,3.496
1756200574.0379577,1.952,1.957,1.970,1.994,2.045,3.463,3.468,3.474,3.488,3.496
1756200574.2690568,1.952,1.957,1.970,1.994,2.045,3.463,3.468,3.474,3.488,3.496
1756200574.4960651,1.952,1.957,1.970,1.994,2.045,3.463,3.468,3.474,3.488,3.496
1756200574.6715174,1.952,1.957,1.970,1.994,2.045,3.463,3.468,3.474,3.488,3.496
1756200574.8571692,1.952,1.957,1.970,1.994,2.045,3.463,3.468,3.474,3.488,3.496
1756200575.0336907,1.952,1.957,1.970,1.994,2.045,3.463,3.468,3.474,3.488,3.496
1756200575.2489557,1.952,1.957,1.970,1.994,2.045,3.463,3.468,3.474,3.488,3.496
1756200575.4879518,1.952,1.957,1.970,1.994,2.045,3.463,3.468,3.474,3.488,3.496
1756200575.6894264,1.952,1.957,1.970,1.994,2.045,3.463,3.468,3.474,3.488,3.496
1756200575.8809173,1.952,1.957,1.970,1.994,2.045,3.463,3.468,3.474,3.488,3.496
1756200576.0907054,1.952,1.957,1.970,1.994,2.045,3.463,3.468,3.474,3.488,3.496
1756200576.286548,1.952,1.957,1.970,1.994,2.045,3.463,3.468,3.474,3.488,3.496
1756200576.4917376,1.952,1.957,1.970,1.994,2.045,3.463,3.468,3.474,3.488,3.496
1756200576.6664264,1.952,1.957,1.970,1.994,2.045,3.463,3.468,3.474,3.488,3.496
1756200576.8397236,1.952,1.957,1.970,1.994,2.045,3.463,3.468,3.474,3.488,3.496
1756200577.0429182,1.952,1.957,1.970,1.994,2.045,3.463,3.468,3.474,3.488,3.496
1756200577.2389605,1.952,1.957,1.970,1.994,2.045,3.463,3.468,3.474,3.488,3.496
1756200577.441199,1.952,1.957,1.970,1.994,2.045,3.463,3.468,3.474,3.488,3.496
1756200577.6560729,1.952,1.957,1.970,1.994,2.045,3.463,3.468,3.474,3.488,3.496
1756200577.8721561,1.952,1.957,1.970,1.994,2.045,3.463,3.468,3.474,3.488,3.496
1756200578.0713189,1.952,1.957,1.970,1.994,2.045,3.463,3.468,3.474,3.488,3.496
1756200578.2613904,1.952,1.957,1.970,1.994,2.045,3.463,3.468,3.474,3.488,3.496
1756200578.4531245,1.952,1.957,1.970,1.994,2.045,3.463,3.468,3.474,3.488,3.496
1756200578.6447,1.952,1.957,1.970,1.994,2.045,3.463,3.468,3.474,3.488,3.496
1756200578.812355,1.952,1.957,1.970,1.994,2.045,3.463,3.468,3.474,3.488,3.496
1756200578.997181,1.952,1.957,1.970,1.994,2.045,3.463,3.468,3.474,3.488,3.496
1756200579.2036626,1.952,1.957,1.970,1.994,2.045,3.463,3.468,3.474,3.488,3.496
1756200579.391229,1.952,1.957,1.970,1.994,2.045,3.463,3.468,3.474,3.488,3.496
1756200579.5786254,1.952,1.957,1.970,1.994,2.045,3.463,3.468,3.474,3.488,3.496
1756200579.7553642,1.952,1.957,1.970,1.994,2.045,3.463,3.468,3.474,3.488,3.496
1756200579.9577541,1.952,1.957,1.970,1.994,2.045,3.463,3.468,3.474,3.488,3.496
1756200580.1883528,1.952,1.957,1.970,1.994,2.045,3.463,3.468,3.474,3.488,3.496
1756200580.4194527,1.952,1.957,1.970,1.994,2.045,3.463,3.468,3.474,3.488,3.496
1756200580.637699,1.952,1.957,1.970,1.994,2.045,3.463,3.468,3.474,3.488,3.496
1756200580.845109,1.952,1.957,1.970,1.994,2.045,3.463,3.468,3.474,3.488,3.496
1756200581.0523965,1.952,1.957,1.970,1.994,2.045,3.463,3.468,3.474,3.488,3.496
1756200581.2516732,1.952,1.957,1.970,1.994,2.045,3.463,3.468,3.474,3.488,3.496
1756200581.4495642,1.952,1.957,1.970,1.994,2.045,3.463,3.468,3.474,3.488,3.496
1756200581.644368,1.952,1.957,1.970,1.994,2.045,3.463,3.468,3.474,3.488,3.496
1756200581.804185,1.952,1.957,1.970,1.994,2.045,3.463,3.468,3.474,3.488,3.496
1756200582.0544343,1.952,1.957,1.970,1.994,2.045,3.463,3.468,3.474,3.488,3.496
1756200582.2935991,1.952,1.957,1.970,1.994,2.045,3.463,3.468,3.474,3.488,3.496
1756200582.5401716,1.952,1.957,1.970,1.994,2.045,3.463,3.468,3.474,3.488,3.496
1756200582.7713282,1.952,1.957,1.970,1.994,2.045,3.463,3.468,3.474,3.488,3.496
1756200582.9727948,1.952,1.957,1.970,1.994,2.045,3.463,3.468,3.474,3.488,3.496
1756200583.188068,1.952,1.957,1.970,1.994,2.045,3.463,3.468,3.474,3.488,3.496
1756200583.3393426,1.952,1.957,1.970,1.994,2.045,3.463,3.468,3.474,3.488,3.496
1756200583.5548604,1.952,1.957,1.970,1.994,2.045,3.463,3.468,3.474,3.488,3.496
1756200583.769907,1.952,1.957,1.970,1.994,2.045,3.463,3.468,3.474,3.488,3.496
1756200583.9448736,1.952,1.957,1.970,1.994,2.045,3.463,3.468,3.474,3.488,3.496
1756200584.1162696,1.952,1.957,1.970,1.994,2.045,3.463,3.468,3.474,3.488,3.496
1756200584.339599,1.952,1.957,1.970,1.994,2.045,3.463,3.468,3.474,3.488,3.496
1756200584.5522091,1.952,1.957,1.970,1.994,2.045,3.463,3.468,3.474,3.488,3.496
1756200584.783751,1.952,1.957,1.970,1.994,2.045,3.463,3.468,3.474,3.488,3.496
1756200585.0152652,1.952,1.957,1.970,1.994,2.045,3.463,3.468,3.474,3.488,3.496
1756200585.218596,1.952,1.957,1.970,1.994,2.045,3.463,3.468,3.474,3.488,3.496
1756200585.4136007,1.952,1.957,1.970,1.994,2.045,3.463,3.468,3.474,3.488,3.496
1756200585.6029456,1.952,1.957,1.970,1.994,2.045,3.463,3.468,3.474,3.488,3.496
1756200585.8147814,1.952,1.957,1.970,1.994,2.045,3.463,3.468,3.474,3.488,3.496
1756200586.0139148,1.952,1.957,1.970,1.994,2.045,3.463,3.468,3.474,3.488,3.496
1756200586.2190409,1.952,1.957,1.970,1.994,2.045,3.463,3.468,3.474,3.488,3.496
1756200586.4328027,1.952,1.957,1.970,1.994,2.045,3.463,3.468,3.474,3.488,3.496
1756200586.6259816,1.952,1.957,1.970,1.994,2.045,3.463,3.468,3.474,3.488,3.496
1756200586.8184142,1.952,1.957,1.970,1.994,2.045,3.463,3.468,3.474,3.488,3.496
1756200587.0396237,1.952,1.957,1.970,1.994,2.045,3.463,3.468,3.474,3.488,3.496
1756200587.2708607,1.952,1.957,1.970,1.994,2.045,3.463,3.468,3.474,3.488,3.496
1756200587.4888818,1.952,1.957,1.970,1.994,2.045,3.463,3.468,3.474,3.488,3.496
1756200587.7021792,1.952,1.957,1.970,1.994,2.045,3.463,3.468,3.474,3.488,3.496
1756200587.932015,1.952,1.957,1.970,1.994,2.045,3.463,3.468,3.474,3.488,3.496
1756200588.1756983,1.952,1.957,1.970,1.994,2.045,3.463,3.468,3.474,3.488,3.496
1756200588.381104,1.952,1.957,1.970,1.994,2.045,3.463,3.468,3.474,3.488,3.496
1756200588.6142395,1.952,1.957,1.970,1.994,2.045,3.463,3.468,3.474,3.488,3.496
1756200588.7759802,1.952,1.957,1.970,1.994,2.045,3.463,3.468,3.474,3.488,3.496
1756200589.005087,1.952,1.957,1.970,1.994,2.045,3.463,3.468,3.474,3.488,3.496
1756200589.2065773,1.952,1.957,1.970,1.994,2.045,3.463,3.468,3.474,3.488,3.496
1756200589.4102087,1.952,1.957,1.970,1.994,2.045,3.463,3.468,3.474,3.488,3.496
1756200589.630009,1.952,1.957,1.970,1.994,2.045,3.463,3.468,3.474,3.488,3.496
1756200589.8386962,1.952,1.957,1.970,1.994,2.045,3.463,3.468,3.474,3.488,3.496
1756200590.0117855,1.952,1.957,1.970,1.994,2.045,3.463,3.468,3.474,3.488,3.496
1756200590.224181,1.952,1.957,1.970,1.994,2.045,3.463,3.468,3.474,3.488,3.496
1756200590.382014,1.952,1.957,1.970,1.994,2.045,3.463,3.468,3.474,3.488,3.496
1756200590.6278014,1.952,1.957,1.970,1.994,2.045,3.463,3.468,3.474,3.488,3.496
1756200590.827262,1.952,1.957,1.970,1.994,2.045,3.463,3.468,3.474,3.488,3.496
1756200591.0496988,1.952,1.957,1.970,1.994,2.045,3.463,3.468,3.474,3.488,3.496
1756200591.2459452,1.952,1.957,1.970,1.994,2.045,3.463,3.468,3.474,3.488,3.496
1756200591.4728065,1.952,1.957,1.970,1.994,2.045,3.463,3.468,3.474,3.488,3.496
1756200591.6774123,1.952,1.957,1.970,1.994,2.045,3.463,3.468,3.474,3.488,3.496
1756200591.9064324,1.952,1.957,1.970,1.994,2.045,3.463,3.468,3.474,3.488,3.496
1756200592.1204724,1.952,1.957,1.970,1.994,2.045,3.463,3.468,3.474,3.488,3.496
1756200592.3589036,1.952,1.957,1.970,1.994,2.045,3.463,3.468,3.474,3.488,3.496
1756200592.5455186,1.952,1.957,1.970,1.994,2.045,3.463,3.468,3.474,3.488,3.496
1756200592.7590303,1.952,1.957,1.970,1.994,2.045,3.463,3.468,3.474,3.488,3.496
1756200592.9315186,1.952,1.957,1.970,1.994,2.045,3.463,3.468,3.474,3.488,3.496
1756200593.1276379,1.952,1.957,1.970,1.994,2.045,3.463,3.468,3.474,3.488,3.496
1756200593.3372924,1.952,1.957,1.970,1.994,2.045,3.463,3.468,3.474,3.488,3.496
1756200593.5571594,1.952,1.957,1.970,1.994,2.045,3.463,3.468,3.474,3.488,3.496
1756200593.7621243,1.952,1.957,1.970,1.994,2.045,3.463,3.468,3.474,3.488,3.496
1756200593.9887428,1.952,1.957,1.970,1.994,2.045,3.463,3.468,3.474,3.488,3.496
1756200594.2311993,1.952,1.957,1.970,1.994,2.045,3.463,3.468,3.474,3.488,3.496
1756200594.4620311,1.952,1.957,1.970,1.994,2.045,3.463,3.468,3.474,3.488,3.496
1756200594.6833687,1.952,1.957,1.970,1.994,2.045,3.463,3.468,3.474,3.488,3.496
1756200594.8914526,1.952,1.957,1.970,1.994,2.045,3.463,3.468,3.474,3.488,3.496
1756200595.1099641,1.952,1.957,1.970,1.994,2.045,3.463,3.468,3.474,3.488,3.496
1756200595.3450143,1.952,1.957,1.970,1.994,2.045,3.463,3.468,3.474,3.488,3.496
1756200595.5639188,1.952,1.957,1.970,1.994,2.045,3.463,3.468,3.474,3.488,3.496
1756200595.7793384,1.952,1.957,1.970,1.994,2.045,3.463,3.468,3.474,3.488,3.496
1756200595.9787016,1.952,1.957,1.970,1.994,2.045,3.463,3.468,3.474,3.488,3.496
1756200596.216229,1.952,1.957,1.970,1.994,2.045,3.463,3.468,3.474,3.488,3.496
1756200596.4213228,1.952,1.957,1.970,1.994,2.045,3.463,3.468,3.474,3.488,3.496
1756200596.6021352,1.952,1.957,1.970,1.994,2.045,3.463,3.468,3.474,3.488,3.496
1756200596.7888827,1.952,1.957,1.970,1.994,2.045,3.463,3.468,3.474,3.488,3.496
1756200596.9722633,1.952,1.957,1.970,1.994,2.045,3.463,3.468,3.474,3.488,3.496
1756200597.1365688,1.952,1.957,1.970,1.994,2.045,3.463,3.468,3.474,3.488,3.496
1756200597.3586824,1.952,1.957,1.970,1.994,2.045,3.463,3.468,3.474,3.488,3.496
1756200597.5333586,1.952,1.957,1.970,1.994,2.045,3.463,3.468,3.474,3.488,3.496
1756200597.7392907,1.952,1.957,1.970,1.994,2.045,3.463,3.468,3.474,3.488,3.496
1756200597.9279659,1.952,1.957,1.970,1.994,2.045,3.463,3.468,3.474,3.488,3.496
1756200598.1512785,1.952,1.957,1.970,1.994,2.045,3.463,3.468,3.474,3.488,3.496
1756200598.335365,1.952,1.957,1.970,1.994,2.045,3.463,3.468,3.474,3.488,3.496
1756200598.5189853,1.952,1.957,1.970,1.994,2.045,3.463,3.468,3.474,3.488,3.496
1756200598.7569067,1.952,1.957,1.970,1.994,2.045,3.463,3.468,3.474,3.488,3.496
1756200598.9988055,1.952,1.957,1.970,1.994,2.045,3.463,3.468,3.474,3.488,3.496
1756200599.2278366,1.952,1.957,1.970,1.994,2.045,3.463,3.468,3.474,3.488,3.496
1756200599.4247677,1.952,1.957,1.970,1.994,2.045,3.463,3.468,3.474,3.488,3.496
1756200599.6444948,1.952,1.957,1.970,1.994,2.045,3.463,3.468,3.474,3.488,3.496
1756200599.8656483,1.952,1.957,1.970,1.994,2.045,3.463,3.468,3.474,3.488,3.496
1756200600.0753293,1.952,1.957,1.970,1.994,2.045,3.463,3.468,3.474,3.488,3.496
1756200600.3193355,1.952,1.957,1.970,1.994,2.045,3.463,3.468,3.474,3.488,3.496
1756200600.5176277,1.952,1.957,1.970,1.994,2.045,3.463,3.468,3.474,3.488,3.496
1756200600.7177365,1.952,1.957,1.970,1.994,2.045,3.463,3.468,3.474,3.488,3.496
1756200600.9623795,1.952,1.957,1.970,1.994,2.045,3.463,3.468,3.474,3.488,3.496
1756200601.1870952,1.952,1.957,1.970,1.994,2.045,3.463,3.468,3.474,3.488,3.496
1756200601.3894703,1.952,1.957,1.970,1.994,2.045,3.463,3.468,3.474,3.488,3.496
1756200601.6110258,1.952,1.957,1.970,1.994,2.045,3.463,3.468,3.474,3.488,3.496
1756200601.818622,1.952,1.957,1.970,1.994,2.045,3.463,3.468,3.474,3.488,3.496
1756200602.040168,1.952,1.957,1.970,1.994,2.045,3.463,3.468,3.474,3.488,3.496
1756200602.2362714,1.952,1.957,1.970,1.994,2.045,3.463,3.468,3.474,3.488,3.496
1756200602.4518032,1.952,1.957,1.970,1.994,2.045,3.463,3.468,3.474,3.488,3.496
1756200602.6681426,1.952,1.957,1.970,1.994,2.045,3.463,3.468,3.474,3.488,3.496
1756200602.888737,1.952,1.957,1.970,1.994,2.045,3.463,3.468,3.474,3.488,3.496
1756200603.1153443,1.952,1.957,1.970,1.994,2.045,3.463,3.468,3.474,3.488,3.496
1756200603.3454962,1.952,1.957,1.970,1.994,2.045,3.463,3.468,3.474,3.488,3.496
1756200603.5560663,1.952,1.957,1.970,1.994,2.045,3.463,3.468,3.474,3.488,3.496
1756200603.775039,1.952,1.957,1.970,1.994,2.045,3.463,3.468,3.474,3.488,3.496
1756200603.9811983,1.952,1.957,1.970,1.994,2.045,3.463,3.468,3.474,3.488,3.496
1756200604.2242358,1.952,1.957,1.970,1.994,2.045,3.463,3.468,3.474,3.488,3.496
1756200604.4629188,1.952,1.957,1.970,1.994,2.045,3.463,3.468,3.474,3.488,3.496
1756200604.6342177,1.952,1.957,1.970,1.994,2.045,3.463,3.468,3.474,3.488,3.496
1756200604.848491,1.952,1.957,1.970,1.994,2.045,3.463,3.468,3.474,3.488,3.496
1756200605.045684,1.952,1.957,1.970,1.994,2.045,3.463,3.468,3.474,3.488,3.496
1756200605.247087,1.952,1.957,1.970,1.994,2.045,3.463,3.468,3.474,3.488,3.496
1756200605.4724505,1.952,1.957,1.970,1.994,2.045,3.463,3.468,3.474,3.488,3.496
1756200605.6568918,1.952,1.957,1.970,1.994,2.045,3.463,3.468,3.474,3.488,3.496
1756200605.8801067,1.952,1.957,1.970,1.994,2.045,3.463,3.468,3.474,3.488,3.496
1756200606.1118848,1.952,1.957,1.970,1.994,2.045,3.463,3.468,3.474,3.488,3.496
1756200606.3109264,1.952,1.957,1.970,1.994,2.045,3.463,3.468,3.474,3.488,3.496
1756200606.5034473,1.952,1.957,1.970,1.994,2.045,3.463,3.468,3.474,3.488,3.496
1756200606.7235312,1.952,1.957,1.970,1.994,2.045,3.463,3.468,3.474,3.488,3.496
1756200606.9528978,1.952,1.957,1.970,1.994,2.045,3.463,3.468,3.474,3.488,3.496
1756200607.1789804,1.952,1.957,1.970,1.994,2.045,3.463,3.468,3.474,3.488,3.496
1756200607.402422,1.952,1.957,1.970,1.994,2.045,3.463,3.468,3.474,3.488,3.496
1756200607.6120563,1.952,1.957,1.970,1.994,2.045,3.463,3.468,3.474,3.488,3.496
1756200607.8114376,1.952,1.957,1.970,1.994,2.045,3.463,3.468,3.474,3.488,3.496
1756200608.0441537,1.952,1.957,1.970,1.994,2.045,3.463,3.468,3.474,3.488,3.496
1756200608.282296,1.952,1.957,1.970,1.994,2.045,3.463,3.468,3.474,3.488,3.496
1756200608.4711535,1.952,1.957,1.970,1.994,2.045,3.463,3.468,3.474,3.488,3.496
1756200608.6773736,1.952,1.957,1.970,1.994,2.045,3.463,3.468,3.474,3.488,3.496
1756200608.852965,1.952,1.957,1.970,1.994,2.045,3.463,3.468,3.474,3.488,3.496
1756200609.0639734,1.952,1.957,1.970,1.994,2.045,3.463,3.468,3.474,3.488,3.496
1756200609.2588437,1.952,1.957,1.970,1.994,2.045,3.463,3.468,3.474,3.488,3.496
1756200609.4878953,1.952,1.957,1.970,1.994,2.045,3.463,3.468,3.474,3.488,3.496
1756200609.712012,1.952,1.957,1.970,1.994,2.045,3.463,3.468,3.474,3.488,3.496
1756200609.900693,1.952,1.957,1.970,1.994,2.045,3.463,3.468,3.474,3.488,3.496
1756200610.1425261,1.952,1.957,1.970,1.994,2.045,3.463,3.468,3.474,3.488,3.496
1756200610.3431046,1.952,1.957,1.970,1.994,2.045,3.463,3.468,3.474,3.488,3.496
1756200610.5493402,1.952,1.957,1.970,1.994,2.045,3.463,3.468,3.474,3.488,3.496
1756200610.743321,1.952,1.957,1.970,1.994,2.045,3.463,3.468,3.474,3.488,3.496
1756200610.9436886,1.952,1.957,1.970,1.994,2.045,3.463,3.468,3.474,3.488,3.496
1756200611.151965,1.952,1.957,1.970,1.994,2.045,3.463,3.468,3.474,3.488,3.496
1756200611.312945,1.952,1.957,1.970,1.994,2.045,3.463,3.468,3.474,3.488,3.496
1756200611.5352273,1.952,1.957,1.970,1.994,2.045,3.463,3.468,3.474,3.488,3.496
1756200611.7581139,1.952,1.957,1.970,1.994,2.045,3.463,3.468,3.474,3.488,3.496
1756200612.0119379,1.952,1.957,1.970,1.994,2.045,3.463,3.468,3.474,3.488,3.496
1756200612.2194881,1.952,1.957,1.970,1.994,2.045,3.463,3.468,3.474,3.488,3.496
1756200612.461404,1.952,1.957,1.970,1.994,2.045,3.463,3.468,3.474,3.488,3.496
1756200612.6951878,1.952,1.957,1.970,1.994,2.045,3.463,3.468,3.474,3.488,3.496
1756200612.910228,1.952,1.957,1.970,1.994,2.045,3.463,3.468,3.474,3.488,3.496
1756200613.15135,1.952,1.957,1.970,1.994,2.045,3.463,3.468,3.474,3.488,3.496
1756200613.3674555,1.952,1.957,1.970,1.994,2.045,3.463,3.468,3.474,3.488,3.496
1756200613.5636609,1.952,1.957,1.970,1.994,2.045,3.463,3.468,3.474,3.488,3.496
1756200613.7917912,1.952,1.957,1.970,1.994,2.045,3.463,3.468,3.474,3.488,3.496
1756200614.0206242,1.952,1.957,1.970,1.994,2.045,3.463,3.468,3.474,3.488,3.496
1756200614.2357626,1.952,1.957,1.970,1.994,2.045,3.463,3.468,3.474,3.488,3.496
1756200614.4756467,1.952,1.957,1.970,1.994,2.045,3.463,3.468,3.474,3.488,3.496
1756200614.6868196,1.952,1.957,1.970,1.994,2.045,3.463,3.468,3.474,3.488,3.496
1756200614.8797803,1.952,1.957,1.970,1.994,2.045,3.463,3.468,3.474,3.488,3.496
1756200615.0795166,1.952,1.957,1.970,1.994,2.045,3.463,3.468,3.474,3.488,3.496
1756200615.267408,1.952,1.957,1.970,1.994,2.045,3.463,3.468,3.474,3.488,3.496
1756200615.4936478,1.952,1.957,1.970,1.994,2.045,3.463,3.468,3.474,3.488,3.496
1756200615.7242367,1.952,1.957,1.970,1.994,2.045,3.463,3.468,3.474,3.488,3.496
1756200615.946827,1.952,1.957,1.970,1.994,2.045,3.463,3.468,3.474,3.488,3.496
1756200616.1465852,1.952,1.957,1.970,1.994,2.045,3.463,3.468,3.474,3.488,3.496
1756200616.355606,1.952,1.957,1.970,1.994,2.045,3.463,3.468,3.474,3.488,3.496
1756200616.547015,1.952,1.957,1.970,1.994,2.045,3.463,3.468,3.474,3.488,3.496
1756200616.7678213,1.952,1.957,1.970,1.994,2.045,3.463,3.468,3.474,3.488,3.496
1756200616.987342,1.952,1.957,1.970,1.994,2.045,3.463,3.468,3.474,3.488,3.496
1756200617.189109,1.952,1.957,1.970,1.994,2.045,3.463,3.468,3.474,3.488,3.496
1756200617.4376318,1.952,1.957,1.970,1.994,2.045,3.463,3.468,3.474,3.488,3.496
1756200617.6398647,1.952,1.957,1.970,1.994,2.045,3.463,3.468,3.474,3.488,3.496
1756200617.8738143,1.952,1.957,1.970,1.994,2.045,3.463,3.468,3.474,3.488,3.496
1756200618.0770469,1.952,1.957,1.970,1.994,2.045,3.463,3.468,3.474,3.488,3.496
1756200618.290138,1.952,1.957,1.970,1.994,2.045,3.463,3.468,3.474,3.488,3.496
1756200618.4769418,1.952,1.957,1.970,1.994,2.045,3.463,3.468,3.474,3.488,3.496
1756200618.6940973,1.952,1.957,1.970,1.994,2.045,3.463,3.468,3.474,3.488,3.496
1756200618.8976476,1.952,1.957,1.970,1.994,2.045,3.463,3.468,3.474,3.488,3.496
1756200619.1376927,1.952,1.957,1.970,1.994,2.045,3.463,3.468,3.474,3.488,3.496
1756200619.3553636,1.952,1.957,1.970,1.994,2.045,3.463,3.468,3.474,3.488,3.496
1756200619.577085,1.952,1.957,1.970,1.994,2.045,3.463,3.468,3.474,3.488,3.496
1756200619.7875624,1.952,1.957,1.970,1.994,2.045,3.463,3.468,3.474,3.488,3.496
1756200619.9937325,1.952,1.957,1.970,1.994,2.045,3.463,3.468,3.474,3.488,3.496
1756200620.1999285,1.952,1.957,1.970,1.994,2.045,3.463,3.468,3.474,3.488,3.496
1756200620.4191692,1.952,1.957,1.970,1.994,2.045,3.463,3.468,3.474,3.488,3.496
1756200620.6104012,1.952,1.957,1.970,1.994,2.045,3.463,3.468,3.474,3.488,3.496
1756200620.809417,1.952,1.957,1.970,1.994,2.045,3.463,3.468,3.474,3.488,3.496
1756200621.0316808,1.952,1.957,1.970,1.994,2.045,3.463,3.468,3.474,3.488,3.496
1756200621.2420123,1.952,1.957,1.970,1.994,2.045,3.463,3.468,3.474,3.488,3.496
1756200621.468693,1.952,1.957,1.970,1.994,2.045,3.463,3.468,3.474,3.488,3.496
1756200621.6482573,1.952,1.957,1.970,1.994,2.045,3.463,3.468,3.474,3.488,3.496
1756200621.869413,1.952,1.957,1.970,1.994,2.045,3.463,3.468,3.474,3.488,3.496
1756200622.083969,1.952,1.957,1.970,1.994,2.045,3.463,3.468,3.474,3.488,3.496
1756200622.2736855,1.952,1.957,1.970,1.994,2.045,3.463,3.468,3.474,3.488,3.496
1756200622.4970632,1.952,1.957,1.970,1.994,2.045,3.463,3.468,3.474,3.488,3.496
1756200622.70423,1.952,1.957,1.970,1.994,2.045,3.463,3.468,3.474,3.488,3.496
1756200622.893818,1.952,1.957,1.970,1.994,2.045,3.463,3.468,3.474,3.488,3.496
1756200623.11629,1.952,1.957,1.970,1.994,2.045,3.463,3.468,3.474,3.488,3.496
1756200623.3289244,1.952,1.957,1.970,1.994,2.045,3.463,3.468,3.474,3.488,3.496
1756200623.5197723,1.952,1.957,1.970,1.994,2.045,3.463,3.468,3.474,3.488,3.496
1756200623.723377,1.952,1.957,1.970,1.994,2.045,3.463,3.468,3.474,3.488,3.496
1756200623.9691072,1.952,1.957,1.970,1.994,2.045,3.463,3.468,3.474,3.488,3.496
1756200624.227763,1.952,1.957,1.970,1.994,2.045,3.463,3.468,3.474,3.488,3.496
1756200624.4843545,1.952,1.957,1.970,1.994,2.045,3.463,3.468,3.474,3.488,3.496
1756200624.6863146,1.952,1.957,1.970,1.994,2.045,3.463,3.468,3.474,3.488,3.496
1756200624.8900595,1.952,1.957,1.970,1.994,2.045,3.463,3.468,3.474,3.488,3.496
1756200625.1103506,1.952,1.957,1.970,1.994,2.045,3.463,3.468,3.474,3.488,3.496
1756200625.317695,1.952,1.957,1.970,1.994,2.045,3.463,3.468,3.474,3.488,3.496
1756200625.5773218,1.952,1.957,1.970,1.994,2.045,3.463,3.468,3.474,3.488,3.496
1756200625.8125162,1.952,1.957,1.970,1.994,2.045,3.463,3.468,3.474,3.488,3.496
1756200626.0716462,1.952,1.957,1.970,1.994,2.045,3.463,3.468,3.474,3.488,3.496
1756200626.3041537,1.952,1.957,1.970,1.994,2.045,3.463,3.468,3.474,3.488,3.496
1756200626.5116339,1.952,1.957,1.970,1.994,2.045,3.463,3.468,3.474,3.488,3.496
1756200626.7362585,1.952,1.957,1.970,1.994,2.045,3.463,3.468,3.474,3.488,3.496
1756200626.9488165,1.952,1.957,1.970,1.994,2.045,3.463,3.468,3.474,3.488,3.496
1756200627.1498785,1.952,1.957,1.970,1.994,2.045,3.463,3.468,3.474,3.488,3.496
1756200627.3850539,1.952,1.957,1.970,1.994,2.045,3.463,3.468,3.474,3.488,3.496
1756200627.594343,1.952,1.957,1.970,1.994,2.045,3.463,3.468,3.474,3.488,3.496
1756200627.8086023,1.952,1.957,1.970,1.994,2.045,3.463,3.468,3.474,3.488,3.496
1756200627.997503,1.952,1.957,1.970,1.994,2.045,3.463,3.468,3.474,3.488,3.496
1756200628.232717,1.952,1.957,1.970,1.994,2.045,3.463,3.468,3.474,3.488,3.496
1756200628.4562054,1.963,1.967,1.981,2.005,2.057,3.475,3.480,3.486,3.500,3.508
1756200628.685376,1.979,1.984,1.998,2.022,2.077,2.297,2.301,2.305,2.314,2.320
1756200628.894504,2.000,2.004,2.018,2.044,2.103,3.510,3.516,3.521,3.536,3.544
1756200629.1076992,2.017,2.021,2.036,2.061,2.125,3.527,3.533,3.539,3.553,3.562
1756200629.3140645,2.024,2.028,2.043,2.069,2.134,3.534,3.540,3.546,3.560,3.568
1756200629.5271108,2.024,2.029,2.043,2.069,2.135,3.535,3.540,3.546,3.560,3.569
1756200629.745462,2.024,2.029,2.043,2.069,2.135,3.535,3.540,3.546,3.560,3.569
1756200629.9812596,2.029,2.034,2.048,2.075,2.142,3.540,3.545,3.551,3.566,3.574
1756200630.220399,2.044,2.049,2.063,2.090,2.161,2.442,2.446,2.450,2.460,2.466
1756200630.4418385,2.004,2.004,2.005,2.007,2.009,2.011,2.014,2.017,2.026,2.031
1756200630.6356137,2.080,2.085,2.100,2.129,2.193,2.195,2.198,2.202,2.211,2.216
1756200630.866884,2.098,2.104,2.119,2.149,2.481,2.484,2.488,2.492,2.502,2.508
1756200631.101571,2.117,2.123,2.138,2.169,3.625,3.629,3.634,3.640,3.655,3.664
1756200631.3144257,2.138,2.143,2.159,2.191,3.644,3.649,3.654,3.660,3.675,3.684
1756200631.5312629,2.148,2.154,2.170,2.202,3.655,3.659,3.665,3.671,3.686,3.695
1756200631.7265694,2.150,2.155,2.172,2.204,3.657,3.661,3.666,3.673,3.688,3.696
1756200631.9443848,2.150,2.155,2.172,2.204,3.657,3.661,3.666,3.673,3.688,3.696
1756200632.1790264,2.150,2.156,2.172,2.204,3.657,3.661,3.667,3.673,3.688,3.697
1756200632.4057407,2.162,2.168,2.184,2.218,3.055,3.059,3.063,3.068,3.081,3.088
1756200632.62414,2.117,2.118,2.119,2.120,2.123,2.125,2.128,2.132,2.141,2.146
1756200632.8481553,2.022,2.023,2.024,2.025,2.027,2.030,2.032,2.036,2.044,2.049
1756200633.066106,2.216,2.222,2.239,2.275,2.356,2.359,2.363,2.367,2.376,2.382
1756200633.2839077,2.234,2.240,2.258,2.295,2.967,2.971,2.975,2.980,2.992,2.999
1756200633.426905,2.256,2.262,2.280,2.318,3.763,3.767,3.773,3.779,3.795,3.804
1756200633.62016,2.265,2.271,2.289,2.327,3.772,3.776,3.782,3.788,3.804,3.813
1756200633.8228486,2.265,2.271,2.289,2.328,3.772,3.776,3.782,3.788,3.804,3.813
1756200633.9970965,2.265,2.271,2.289,2.328,3.772,3.776,3.782,3.788,3.804,3.813
1756200634.2071245,2.265,2.271,2.289,2.328,3.772,3.776,3.782,3.788,3.804,3.813
1756200634.4422162,2.271,2.277,2.295,2.334,3.778,3.783,3.788,3.795,3.810,3.819
1756200634.6555274,2.286,2.293,2.311,2.350,2.394,2.396,2.400,2.404,2.414,2.420
1756200634.8823063,1.999,2.000,2.001,2.002,2.004,2.007,2.010,2.013,2.021,2.026
1756200635.142193,2.224,2.225,2.226,2.228,2.230,2.232,2.236,2.239,2.249,2.254
1756200635.335971,2.341,2.348,2.368,2.409,2.580,2.584,2.587,2.592,2.602,2.608
1756200635.567484,2.360,2.367,2.387,2.430,3.867,3.872,3.878,3.884,3.900,3.909
1756200635.775789,2.378,2.385,2.406,2.450,3.885,3.890,3.895,3.902,3.918,3.927
1756200635.9810994,2.380,2.387,2.408,2.453,3.887,3.892,3.897,3.904,3.920,3.929
1756200636.199574,2.380,2.387,2.408,2.453,3.887,3.892,3.897,3.904,3.920,3.929
1756200636.3901496,2.380,2.387,2.408,2.453,3.887,3.892,3.897,3.904,3.920,3.929
1756200636.6871064,2.381,2.386,2.405,2.446,3.887,3.892,3.897,3.904,3.920,3.929
1756200636.896861,2.438,2.392,2.389,2.396,2.414,2.452,3.897,3.902,3.914,3.921
1756200637.1669602,3.915,2.513,2.442,2.415,2.403,2.401,2.410,2.431,3.910,3.914
1756200637.4695826,3.948,3.933,3.928,3.923,2.515,2.453,2.426,2.415,2.423,2.445
1756200637.7848277,4.050,4.020,4.006,3.994,3.982,3.972,3.962,3.954,3.940,3.935
1756200638.0485778,4.254,4.202,4.178,4.155,4.133,4.113,4.094,4.076,4.044,4.029
1756200638.317263,4.516,4.438,4.403,4.368,4.336,4.305,4.275,4.247,4.195,4.172
1756200638.6206799,4.791,4.690,4.643,4.598,4.555,4.513,4.474,4.437,4.367,4.335
1756200638.8553715,3.151,3.187,4.865,4.810,4.757,4.707,4.659,4.614,4.529,4.489
1756200639.1489735,5.109,3.159,3.144,3.147,3.169,3.227,4.819,4.766,4.668,4.622
1756200639.4052742,5.011,3.208,3.159,3.142,3.142,3.161,3.212,4.823,4.720,4.672
1756200639.6778812,4.925,5.091,3.223,3.169,3.149,3.147,3.163,3.208,4.784,4.733
1756200639.917194,4.746,4.893,4.973,5.055,5.142,3.202,3.168,3.157,3.190,3.266
1756200640.168077,4.568,4.698,4.767,4.839,4.915,4.994,4.973,4.872,3.178,3.169
1756200640.3938458,4.408,4.522,4.583,4.646,4.713,4.782,4.854,4.929,5.090,5.176
1756200640.669994,4.269,4.369,4.422,4.478,4.536,4.597,4.660,4.726,4.866,4.941
1756200640.9729748,4.177,4.268,4.316,4.367,4.419,4.474,4.532,4.591,4.718,4.786
1756200641.2497723,4.228,4.323,4.373,4.426,4.481,4.538,4.598,4.660,4.792,4.862
1756200641.5247898,4.363,4.469,4.525,4.584,4.646,4.710,4.778,4.848,4.997,5.076
1756200641.7757416,4.532,4.653,4.718,4.785,4.856,4.930,5.007,5.087,3.349,3.277
1756200642.0260391,4.722,4.860,4.934,5.012,5.093,5.177,3.367,3.290,3.260,3.274
1756200642.2924056,4.919,5.075,5.159,5.247,3.318,3.283,3.272,3.280,4.991,4.935
1756200642.6091385,4.917,5.072,5.155,5.243,3.340,3.299,3.286,3.291,3.410,4.958
1756200642.8816545,4.761,4.900,4.975,5.053,5.134,5.219,3.388,3.324,3.299,3.316
1756200643.12661,4.592,4.714,4.779,4.847,4.919,4.993,5.071,5.152,3.392,3.334
1756200643.3990443,4.444,4.552,4.609,4.669,4.732,4.797,4.865,4.936,5.088,5.168
1756200643.6451166,4.315,4.410,4.460,4.513,4.568,4.626,4.686,4.748,4.881,4.951
1756200643.928912,4.307,4.401,4.451,4.503,4.557,4.613,4.672,4.734,4.864,4.934
1756200644.2331707,4.416,4.518,4.573,4.630,4.689,4.752,4.816,4.884,5.028,5.104
1756200644.4560413,4.577,4.694,4.756,4.821,4.889,4.959,5.033,5.111,5.275,5.363
1756200644.7655663,4.762,4.895,4.966,5.040,5.118,5.199,5.284,5.373,3.394,3.389
1756200645.0595844,4.954,5.104,5.185,5.270,5.358,3.450,3.412,3.401,3.444,5.122
1756200645.2988636,5.076,5.237,5.324,3.504,3.437,3.416,3.416,3.437,5.103,5.046
1756200645.5678809,5.106,5.270,5.358,3.471,3.429,3.416,3.422,3.454,5.083,5.027
1756200645.8442736,5.155,5.325,3.502,3.437,3.415,3.415,3.437,3.503,5.043,4.988
1756200646.0973122,5.155,5.325,3.502,3.437,3.415,3.415,3.437,3.503,5.043,4.988
1756200646.387355,5.155,5.325,3.502,3.437,3.415,3.415,3.437,3.503,5.043,4.988
1756200646.626957,5.298,3.462,3.428,3.421,3.434,3.475,5.130,5.071,4.961,4.910
1756200646.9453602,3.453,5.103,5.045,4.989,4.936,4.885,4.837,4.791,4.705,4.665
1756200647.2410653,4.789,4.703,4.662,4.624,4.587,4.552,4.519,4.487,4.429,4.402
1756200647.471509,4.533,4.468,4.439,4.410,4.383,4.358,4.334,4.311,4.270,4.251
1756200647.7287145,4.395,4.344,4.321,4.299,4.279,4.259,4.241,4.224,4.194,4.181
1756200647.999411,4.314,4.274,4.255,4.238,4.222,4.207,4.194,4.181,4.159,4.150
1756200648.281499,4.278,4.242,4.226,4.211,4.197,4.185,4.173,4.163,2.707,2.653
1756200648.5166683,4.276,4.240,4.224,4.210,4.196,4.183,4.172,4.162,2.695,2.650
1756200648.771935,4.305,4.267,4.249,4.233,4.218,4.205,4.192,4.180,4.160,2.711
1756200649.0065198,4.370,4.326,4.305,4.286,4.269,4.252,4.237,4.222,4.197,4.186
1756200649.2752218,4.457,4.405,4.381,4.358,4.337,4.317,4.298,4.280,4.248,4.234
1756200649.524638,3.264,3.228,3.212,3.197,3.182,3.169,3.156,3.145,3.124,3.115
1756200649.7550037,2.096,2.099,2.101,2.104,2.107,2.111,2.115,2.120,2.131,2.138
1756200650.0023906,4.148,4.166,4.177,4.189,4.202,4.216,4.231,4.247,4.281,4.267
1756200650.2922826,4.308,4.279,4.266,4.255,4.244,4.234,2.754,2.720,2.705,2.717
1756200650.5566185,2.705,2.719,2.753,4.196,4.195,4.194,4.195,4.197,4.204,4.208
1756200650.7632625,4.187,4.194,4.200,4.206,4.213,4.222,4.231,4.242,4.266,4.279
1756200651.0197482,4.214,4.228,4.237,4.247,4.233,4.163,4.096,4.032,3.915,3.860
1756200651.2847564,4.239,4.253,4.262,4.271,4.282,4.294,4.307,4.321,4.353,4.370
1756200651.5457733,4.250,4.263,4.271,4.280,4.290,4.301,4.314,4.327,4.357,4.374
1756200651.7698421,4.256,4.265,4.272,4.279,4.288,4.297,4.308,4.319,4.346,4.361
1756200651.98947,4.266,4.275,4.281,4.288,4.296,4.305,4.316,4.327,4.353,4.367
1756200652.1611216,4.287,4.299,4.307,4.316,4.326,4.337,4.349,4.363,4.392,4.409
1756200652.3983388,4.318,4.337,4.348,4.360,4.373,4.387,4.403,4.419,4.456,4.475
1756200652.6954687,4.424,4.461,4.482,4.504,4.526,4.551,4.576,4.603,4.661,4.692
1756200652.943387,4.642,4.705,4.738,4.773,4.810,4.848,4.888,4.930,3.379,3.353
1756200653.1911852,4.926,3.359,3.339,3.339,3.361,3.424,5.281,5.341,5.200,5.103
1756200653.4030578,5.241,5.207,5.100,5.000,4.904,4.814,4.728,4.647,4.496,4.426
1756200653.6594157,5.338,5.219,5.118,5.023,4.932,4.846,4.764,4.687,4.542,4.476
1756200653.9127023,5.304,5.325,5.219,5.119,5.024,4.934,4.849,4.767,4.617,4.547
1756200654.1751504,3.388,5.301,5.361,5.370,5.262,5.161,5.065,4.974,4.805,4.727
1756200654.4293835,3.407,3.391,3.416,3.497,5.342,5.403,5.331,5.227,5.036,4.948
1756200654.6606257,3.408,3.415,3.460,5.332,5.393,5.389,5.282,5.182,4.996,4.910
1756200654.8611515,3.443,5.374,5.436,5.348,5.243,5.144,5.050,4.961,4.796,4.720
1756200655.099392,5.441,5.266,5.165,5.070,4.979,4.894,4.812,4.734,4.590,4.523
1756200655.3875155,5.186,4.999,4.912,4.829,4.750,4.675,4.604,4.536,4.410,4.351
1756200655.6133785,4.951,4.786,4.709,4.636,4.567,4.500,4.437,4.377,4.265,4.213
1756200655.8050137,4.944,4.780,4.704,4.632,4.563,4.497,4.434,4.374,4.263,4.211
1756200656.0408585,5.148,4.966,4.882,4.801,4.725,4.652,4.583,4.517,4.394,4.337
1756200656.339779,5.466,5.254,5.156,5.063,4.975,4.891,4.811,4.735,4.594,4.528
1756200656.5993774,3.573,5.506,5.472,5.363,5.261,5.163,5.071,4.983,4.821,4.745
1756200656.8820722,3.523,3.533,3.583,5.454,5.517,5.486,5.378,5.276,5.087,5.000
1756200657.15214,3.596,3.531,3.538,3.572,5.448,5.510,5.539,5.429,5.227,5.134
1756200657.4228392,3.546,3.571,3.658,5.507,5.570,5.470,5.364,5.263,5.077,4.992
1756200657.6699073,3.646,5.575,5.494,5.386,5.284,5.187,5.095,5.008,4.846,4.771
1756200657.9546075,5.519,5.307,5.209,5.115,5.027,4.942,4.862,4.786,4.645,4.579
1756200658.2265928,5.238,5.053,4.968,4.886,4.809,4.735,4.664,4.597,4.473,4.415
1756200658.5072687,5.083,4.913,4.834,4.759,4.687,4.619,4.554,4.492,4.377,4.323
1756200658.8645554,5.208,5.028,4.944,4.864,4.788,4.716,4.647,4.581,4.459,4.402
1756200659.1774275,5.503,5.296,5.199,5.108,5.021,4.938,4.860,4.785,4.646,4.581
1756200659.4145505,5.559,5.623,5.511,5.405,5.304,5.208,5.117,5.031,4.871,4.797
1756200659.685425,3.646,3.695,5.572,5.636,5.635,5.523,5.417,5.316,5.131,5.045
1756200659.967491,5.266,3.670,3.659,3.672,3.720,5.596,5.660,5.629,5.414,5.316
1756200660.2533479,3.759,3.675,3.680,3.713,5.593,5.656,5.675,5.562,5.355,5.260
1756200660.4999173,3.687,3.768,5.639,5.705,5.624,5.514,5.410,5.311,5.128,5.044
1756200660.7295432,5.644,5.649,5.537,5.432,5.331,5.236,5.146,5.060,4.901,4.827
1756200660.9850357,5.560,5.352,5.256,5.164,5.077,4.994,4.915,4.840,4.701,4.636
1756200661.230791,5.300,5.117,5.032,4.952,4.875,4.801,4.732,4.665,4.541,4.484
1756200661.4869335,5.310,5.126,5.041,4.961,4.883,4.810,4.740,4.673,4.549,4.492
1756200661.750045,5.546,5.342,5.247,5.157,5.071,4.989,4.912,4.838,4.700,4.637
1756200661.991963,5.735,5.666,5.556,5.451,5.351,5.257,5.167,5.082,4.924,4.851
1756200662.2418022,3.780,5.687,5.751,5.789,5.673,5.563,5.459,5.360,5.178,5.093
1756200662.5174727,5.414,3.792,3.791,3.819,5.696,5.760,5.808,5.692,5.479,5.380
1756200662.7625759,5.375,3.842,3.809,3.805,3.828,3.914,5.769,5.833,5.607,5.503
1756200663.0443358,3.867,3.817,3.835,3.898,5.772,5.838,5.747,5.636,5.430,5.335
1756200663.2909932,3.843,5.777,5.844,5.769,5.656,5.549,5.447,5.350,5.172,5.089
1756200663.5448394,5.848,5.680,5.571,5.468,5.369,5.276,5.188,5.104,4.948,4.875
1756200663.7551897,5.604,5.399,5.305,5.215,5.129,5.047,4.970,4.896,4.758,4.695
1756200664.0123389,5.449,5.259,5.171,5.088,5.008,4.932,4.860,4.791,4.663,4.604
1756200664.223894,5.600,5.397,5.303,5.214,5.128,5.048,4.970,4.897,4.761,4.697
1756200664.4470432,5.920,5.701,5.592,5.489,5.391,5.299,5.210,5.126,4.971,4.899
1756200664.6797218,3.927,5.867,5.935,5.823,5.710,5.602,5.499,5.402,5.222,5.139
1756200664.9105089,3.972,3.920,3.939,4.010,5.879,5.946,5.838,5.724,5.515,5.419
1756200665.147466,5.456,5.556,3.968,3.936,3.935,3.964,5.845,5.911,5.820,5.710
1756200665.406368,5.512,3.991,3.953,3.948,3.971,4.066,5.917,5.965,5.735,5.629
1756200665.6639948,3.977,3.970,4.019,5.903,5.971,5.904,5.788,5.678,5.476,5.383
1756200665.9168804,4.022,5.975,5.929,5.811,5.700,5.594,5.494,5.399,5.223,5.142
1756200666.1527426,5.953,5.722,5.615,5.513,5.417,5.325,5.238,5.156,5.002,4.930
1756200666.3789456,5.669,5.466,5.372,5.283,5.198,5.116,5.039,4.966,4.829,4.765
1756200666.6633441,5.697,5.492,5.397,5.307,5.220,5.138,5.060,4.986,4.848,4.784
1756200666.871307,5.973,5.742,5.635,5.534,5.437,5.346,5.258,5.176,5.022,4.950
1756200667.1035933,4.095,6.046,5.983,5.865,5.753,5.646,5.545,5.449,5.272,5.190
1756200667.3410435,4.069,4.060,4.111,5.993,6.062,5.991,5.874,5.762,5.556,5.461
1756200667.5751135,5.597,4.167,4.083,4.062,4.071,4.119,6.002,6.070,5.894,5.783
1756200667.8129556,5.565,5.664,4.182,4.098,4.077,4.086,4.135,6.019,6.022,5.906
1756200668.0444314,5.671,4.115,4.091,4.097,4.140,6.027,6.095,6.043,5.813,5.707
1756200668.3160963,4.104,4.145,6.033,6.102,6.063,5.943,5.830,5.722,5.523,5.431
1756200668.542284,6.038,6.087,5.966,5.850,5.741,5.638,5.539,5.446,5.272,5.192
1756200668.7642267,6.002,5.774,5.669,5.568,5.473,5.383,5.296,5.214,5.062,4.991
1756200669.014396,5.844,5.632,5.533,5.440,5.351,5.266,5.185,5.108,4.966,4.899
1756200669.2703993,6.025,5.797,5.691,5.590,5.494,5.403,5.317,5.234,5.081,5.010
1756200669.5111148,6.089,6.143,6.020,5.903,5.793,5.688,5.588,5.494,5.319,5.238
1756200669.723784,4.183,4.218,6.104,6.173,6.152,6.030,5.914,5.804,5.601,5.508
1756200669.9591684,5.757,4.233,4.196,4.196,4.230,6.114,6.183,6.169,5.932,5.823
1756200670.1672833,5.644,5.742,5.794,4.306,4.225,4.206,4.218,4.276,6.227,6.131
1756200670.3890364,5.706,5.808,4.323,4.240,4.220,4.233,4.292,6.173,6.140,6.022
1756200670.6150236,5.855,4.235,4.237,4.274,6.162,6.232,6.192,6.070,5.845,5.741
1756200670.8591478,4.247,6.167,6.237,6.216,6.092,5.975,5.864,5.758,5.563,5.473
1756200671.1193933,6.242,6.115,5.997,5.884,5.777,5.675,5.579,5.487,5.317,5.238
1756200671.3173926,6.064,5.838,5.733,5.633,5.539,5.448,5.363,5.281,5.129,5.059
1756200671.565645,6.114,5.883,5.777,5.675,5.579,5.487,5.400,5.316,5.162,5.091
1756200671.8240159,6.273,6.172,6.051,5.937,5.828,5.725,5.627,5.510,5.268,5.157
1756200672.0644984,4.311,6.216,6.286,6.311,6.184,6.064,5.950,5.842,5.642,5.550
1756200672.3317246,5.923,4.333,4.324,4.348,6.231,6.300,6.201,6.044,5.758,5.628
1756200672.564252,5.778,5.879,5.933,4.406,4.346,4.336,4.358,4.480,6.342,6.216
1756200672.7882507,5.760,5.858,5.910,5.965,4.395,4.355,4.353,4.388,6.345,6.317
1756200673.0915666,5.870,5.977,4.409,4.368,4.366,4.402,6.289,6.360,6.201,6.084
1756200673.3408802,4.429,4.377,4.409,6.296,6.368,6.344,6.218,6.098,5.878,5.776
1756200673.5806246,4.416,6.373,6.366,6.239,6.118,6.003,5.894,5.791,5.599,5.511
1756200673.8090262,6.407,6.154,6.037,5.926,5.821,5.721,5.626,5.535,5.367,5.289
1756200674.0541296,6.256,6.018,5.908,5.803,5.704,5.610,5.520,5.434,5.276,5.202
1756200674.3192146,6.451,6.214,6.095,5.982,5.874,5.772,5.675,5.583,5.412,5.333
1756200674.5859897,4.454,6.400,6.469,6.335,6.164,6.005,5.855,5.714,5.457,5.339
1756200674.835258,6.090,4.453,4.468,4.540,6.414,6.294,6.125,5.966,5.677,5.545
1756200675.0846622,5.937,6.043,6.100,4.489,4.466,4.479,4.547,6.423,6.368,6.245
1756200675.4586735,5.838,5.934,5.985,6.038,6.094,4.523,4.483,4.484,6.411,6.482
1756200675.7641644,5.904,6.005,6.059,6.115,4.530,4.496,4.501,4.549,6.507,6.424
1756200676.041079,6.053,4.568,4.514,4.507,4.539,6.427,6.499,6.471,6.221,6.107
1756200676.3319738,4.529,4.545,6.432,6.504,6.494,6.363,6.240,6.123,5.908,5.808
1756200676.5606282,6.436,6.518,6.387,6.262,6.143,6.031,5.924,5.823,5.636,5.549
1756200676.794313,6.468,6.217,6.100,5.990,5.885,5.785,5.690,5.600,5.433,5.355
1756200677.0245368,6.548,6.289,6.169,6.056,5.948,5.846,5.748,5.656,5.484,5.404
1756200677.2669358,4.633,6.591,6.429,6.248,6.079,5.921,5.772,5.632,5.378,5.261
1756200677.4999413,4.621,4.592,4.646,6.529,6.596,6.414,6.244,6.085,5.795,5.663
1756200677.7375515,6.104,6.216,4.631,4.598,4.605,4.661,6.367,6.203,5.904,5.768
1756200677.9611342,5.964,6.062,6.114,6.169,6.226,4.646,4.611,4.616,6.550,6.623
1756200678.1553166,5.957,6.053,6.104,6.158,6.214,4.709,4.636,4.624,6.533,6.605
1756200678.4103081,6.070,6.176,6.232,4.710,4.647,4.638,4.668,6.554,6.602,6.472
1756200678.640292,6.239,4.661,4.649,4.677,6.563,6.636,6.618,6.486,6.243,6.130
1756200678.8795645,4.661,6.569,6.643,6.639,6.505,6.378,6.258,6.144,5.933,5.836
1756200679.1151948,6.638,6.545,6.416,6.293,6.177,6.067,5.962,5.862,5.678,5.592
1756200679.348621,6.682,6.417,6.294,6.178,6.067,5.962,5.862,5.768,5.592,5.510
1756200679.609985,6.626,6.648,6.514,6.387,6.267,6.153,6.044,5.941,5.751,5.635
1756200679.8395224,4.721,4.758,6.645,6.571,6.388,6.217,6.057,5.907,5.633,5.508
1756200680.0724216,6.271,4.784,4.733,4.730,4.773,6.397,6.222,6.057,5.759,5.623
1756200680.3103259,6.123,6.226,6.281,6.339,4.800,4.746,4.742,4.781,6.741,6.682
1756200680.5097828,6.032,6.125,6.175,6.228,6.282,6.339,4.847,4.767,4.779,6.663
1756200680.7530072,6.102,6.201,6.254,6.309,6.367,4.829,4.774,4.769,6.696,6.770
1756200680.993571,6.250,6.362,4.887,4.795,4.780,4.805,6.690,6.764,6.616,6.489
1756200681.2487712,6.428,4.791,4.813,6.696,6.771,6.771,6.634,6.505,6.267,6.157
1756200681.4823017,4.821,6.775,6.796,6.658,6.527,6.402,6.285,6.173,5.966,5.871
1756200681.7057784,6.820,6.616,6.487,6.364,6.248,6.137,6.032,5.933,5.748,5.663
1756200681.9886296,6.782,6.721,6.587,6.460,6.339,6.225,6.116,6.013,5.821,5.733
1756200682.2145844,4.845,6.758,6.585,6.395,6.217,6.050,5.894,5.748,5.481,5.360
1756200682.4694703,6.438,4.872,4.858,4.887,6.687,6.498,6.323,6.158,5.859,5.722
1756200682.682115,6.285,6.394,6.452,4.972,4.884,4.870,4.900,6.253,5.953,5.816
1756200682.9136486,6.150,6.245,6.295,6.349,6.404,6.462,4.994,4.897,4.908,6.790
1756200683.1497746,6.154,6.248,6.298,6.351,6.406,6.464,6.524,4.923,4.913,5.009
1756200683.409451,6.268,6.372,6.427,6.486,6.546,4.929,4.910,4.933,6.891,6.885
1756200683.6586428,6.435,6.554,4.944,4.921,4.944,6.825,6.901,6.900,6.630,6.505
1756200683.885265,4.960,4.953,6.833,6.909,6.918,6.777,6.644,6.518,6.286,6.178
1756200684.1554265,5.029,6.963,6.819,6.684,6.555,6.433,6.317,6.207,6.004,5.909
1756200684.3933535,6.912,6.844,6.707,6.577,6.454,6.337,6.226,6.120,5.925,5.835
1756200684.636204,4.992,6.945,6.764,6.572,6.392,6.223,6.065,5.917,5.646,5.523
1756200684.8427143,6.613,4.987,5.008,6.521,6.343,6.176,6.019,5.872,5.604,5.482
1756200685.0732687,6.451,6.566,6.627,5.024,4.999,5.021,6.173,6.012,5.719,5.586
1756200685.323687,6.307,6.407,6.461,6.517,6.575,6.637,5.038,5.012,6.907,6.861
1756200685.567101,6.230,6.321,6.370,6.422,6.475,6.531,6.590,6.651,5.026,5.044
1756200685.8548496,6.304,6.401,6.453,6.508,6.565,6.624,5.133,5.052,5.078,6.962
1756200686.0991864,6.452,6.563,6.622,6.684,5.074,5.052,5.077,6.959,7.019,6.879
1756200686.3519323,6.628,5.089,5.064,5.086,6.967,7.044,7.036,6.894,6.632,6.511
1756200686.608265,5.077,6.971,7.048,7.062,6.917,6.781,6.651,6.528,6.301,6.196
1756200686.9073238,7.008,7.028,6.885,6.749,6.621,6.499,6.383,6.273,6.070,5.976
1756200687.1279082,5.153,7.115,7.016,6.874,6.740,6.612,6.491,6.377,6.150,6.020
1756200687.3195672,5.154,5.132,5.241,6.226,6.058,5.900,5.752,5.613,5.360,5.244
1756200687.555573,6.622,6.743,5.166,5.131,5.145,5.251,6.194,6.035,5.746,5.614
1756200687.761153,6.472,6.578,6.634,6.694,6.755,5.179,5.144,5.157,5.955,5.820
1756200687.9933996,6.343,6.435,6.485,6.536,6.590,6.647,6.706,6.767,5.156,5.168
1756200688.2316904,6.360,6.453,6.503,6.555,6.609,6.666,6.725,6.787,5.171,5.186
1756200688.4311352,6.476,6.579,6.634,6.691,6.752,6.815,5.202,5.183,7.093,7.170
1756200688.6515203,6.641,6.759,6.822,5.217,5.195,5.221,7.103,7.181,7.007,6.871
1756200688.8739693,6.829,5.206,5.230,7.111,7.190,7.167,7.021,6.883,6.628,6.511
1756200689.1064184,5.232,7.183,7.214,7.065,6.924,6.790,6.663,6.543,6.321,6.218
1756200689.3635216,5.302,7.259,7.114,6.970,6.834,6.705,6.583,6.466,6.252,6.152
1756200689.6324227,5.250,5.346,6.493,6.314,6.148,5.991,5.844,5.706,5.453,5.338
1756200689.8793526,6.801,5.305,5.262,5.272,5.369,6.052,5.903,5.764,5.509,5.392
1756200690.1112618,6.643,6.755,6.808,6.605,5.315,5.274,5.286,5.387,5.635,5.506
1756200690.3477616,6.504,6.601,6.653,6.708,6.765,6.825,6.887,5.331,5.295,5.378
1756200690.5871053,6.438,6.527,6.576,6.626,6.679,6.734,6.792,6.852,5.332,5.300
1756200690.8081598,6.515,6.611,6.663,6.717,6.773,6.832,6.894,5.406,5.315,5.362
1756200691.0284312,6.663,6.773,6.832,6.893,6.957,5.343,5.326,5.361,7.321,7.259
1756200691.2746148,6.838,6.964,5.358,5.337,5.369,7.251,7.330,7.274,6.988,6.856
1756200691.484559,5.377,5.374,7.254,7.334,7.300,7.151,7.009,6.875,6.628,6.514
1756200691.7150147,5.402,7.365,7.280,7.132,6.990,6.857,6.730,6.610,6.387,6.285
1756200691.9476864,5.379,7.097,6.906,6.726,6.557,6.398,6.249,6.108,5.850,5.732
1756200692.2108192,6.749,5.393,5.400,5.488,5.856,5.709,5.572,5.442,5.205,5.097
1756200692.4345746,6.815,6.934,6.769,5.459,5.406,5.413,5.500,5.899,5.622,5.496
